p31,observed_entities,covered_entities,external_gap_entities,observed_coverage_pct,wiki_2plus,wiki_5plus,wiki_10plus,mean_other_wikipedias,label_en,label_kk,label_ru
Q1002697,1,1,0,100.0,0,0,0,,,,
Q100282728,1,1,0,100.0,0,0,0,,,,
Q1003207,2,0,2,0.0,1,0,0,1.5,photovoltaic power station,Күн Электр Стансасы,Фотоэлектрическая солнечная электростанция
Q100773131,3,3,0,100.0,0,0,0,,,,
Q100786919,2,0,2,0.0,2,2,2,10.5,Almaty Open,Almaty Open,Открытый чемпионат Алма-Аты по теннису
Q100900880,1,1,0,100.0,0,0,0,,,,
Q101401,1,1,0,100.0,0,0,0,,,,
Q102421356,1,0,1,0.0,0,0,0,1.0,national pavillon,national pavillon,national pavillon
Q102496,5,0,5,0.0,1,0,0,1.2,parish,parish,церковный приход
Q1029418,1,1,0,100.0,0,0,0,,,,
Q10313934,3,0,3,0.0,1,0,0,1.67,intermittent lake,intermittent lake,сезонное озеро
Q10354598,21,21,0,100.0,0,0,0,,,,
Q10379048,1,0,1,0.0,0,0,0,1.0,health technology,health technology,санитарные технологии
Q104179424,3,0,3,0.0,3,3,1,8.0,national ice hockey team,national ice hockey team,национальная сборная по хоккею с шайбой
Q104666804,2,0,2,0.0,1,1,0,5.0,rail transport by country or region,rail transport by country or region,железнодорожный транспорт по стране или региону
Q1047180,1,1,0,100.0,0,0,0,,,,
Q1047879,1,1,0,100.0,0,0,0,,,,
Q1049757,3,3,0,100.0,0,0,0,,,,
Q10517054,2,1,1,50.0,0,0,0,1.0,handball team,handball team,гандбольная команда
Q105390172,1,0,1,0.0,1,1,1,15.0,Roman Catholic metropolitan archdiocese,Roman Catholic metropolitan archdiocese,римско-католическая митрополия-архиепископия
Q105543609,1,1,0,100.0,0,0,0,,,,
Q1057026,1,0,1,0.0,1,0,0,2.0,cargo airline,cargo airline,грузовая авиакомпания
Q105723968,1,1,0,100.0,0,0,0,,,,
Q105758208,1,1,0,100.0,0,0,0,,,,
Q105758271,1,0,1,0.0,1,1,1,13.0,multilateral development bank,multilateral development bank,многосторонний банк развития
Q105897950,1,0,1,0.0,1,1,1,12.0,agriculture by country or territory,agriculture by country or territory,сельское хозяйство на территории
Q105985,1,0,1,0.0,1,0,0,2.0,judiciary,Сот билігі,судебная власть
Q1060409,1,0,1,0.0,0,0,0,1.0,honor guard,honor guard,часовой
Q1060829,6,6,0,100.0,0,0,0,,,,
Q1061151,1,1,0,100.0,0,0,0,,,,
Q106123,1,0,1,0.0,1,1,1,18.0,international E-road network,international E-road network,европейский автомобильный маршрут
Q1061648,1,1,0,100.0,0,0,0,,,,
Q10624527,2,1,1,50.0,0,0,0,1.0,biographical museum,biographical museum,персональный музей
Q106317256,1,0,1,0.0,0,0,0,1.0,nuclear arsenal,nuclear arsenal,ядерный арсенал
Q106861159,1,0,1,0.0,1,0,0,4.0,national road cycling championships - ITT,national road cycling championships - ITT,Национальные чемпионаты по шоссейному велоспорту - индивидуальные гонки
Q1068842,1,1,0,100.0,0,0,0,,,,
Q106978510,1,0,1,0.0,1,0,0,2.0,international rail transit service,international rail transit service,international rail transit service
Q107099245,2,2,0,100.0,0,0,0,,,,
Q10713454,2,2,0,100.0,0,0,0,,,,
Q1072326,2,0,2,0.0,1,0,0,1.5,summit,Саммит,саммит
Q10729872,1,1,0,100.0,0,0,0,,,,
Q107357104,2,1,1,50.0,1,1,1,12.0,type of dance,type of dance,тип танца
Q107359024,1,0,1,0.0,0,0,0,1.0,class of election,class of election,тип выборов
Q107425,1,1,0,100.0,0,0,0,,,,
Q107637871,1,0,1,0.0,1,1,1,27.0,transboundary site,transboundary site,transboundary site
Q1076426,1,1,0,100.0,0,0,0,,,,
Q1076486,4,1,3,25.0,2,1,0,4.0,sports venue,спорт ғимараттары,спортивное сооружение
Q107679,2,0,2,0.0,0,0,0,1.0,cliff,Клиф,клиф
Q1078286,1,0,1,0.0,0,0,0,1.0,military band,military band,военный оркестр
Q1079023,2,2,0,100.0,0,0,0,,,,
Q1081138,3,1,2,33.33,1,0,0,2.5,historic site,historic site,памятник истории
Q108178728,1,1,0,100.0,0,0,0,,,,
Q10832530,1,1,0,100.0,0,0,0,,,,
Q108395614,2,1,1,50.0,0,0,0,1.0,volleyball club,volleyball club,волейбольный клуб
Q108436459,1,0,1,0.0,1,1,1,12.0,dance by ethnic group,dance by ethnic group,танец по этнической группе
Q10855061,1,1,0,100.0,0,0,0,,,,
Q10874184,2,0,2,0.0,2,0,0,3.0,China Railway train service,China Railway train service,China Railway train service
Q108788952,14,4,10,28.57,3,0,0,1.6,ethnic group by residency,ethnic group by residency,этническая группа на территории
Q108822533,2,0,2,0.0,2,1,0,4.0,border river,border river,пограничная река
Q1088552,1,0,1,0.0,0,0,0,1.0,Catholic church building,костел,костёл
Q109607,2,2,0,100.0,0,0,0,,,,
Q109623729,13,13,0,100.0,0,0,0,,,,
Q1097949,1,1,0,100.0,0,0,0,,,,
Q11032,25,10,15,40.0,1,0,0,1.07,newspaper,газет,газета
Q11033,2,0,2,0.0,0,0,0,1.0,mass media,бұқаралық ақпарат құралы,средство массовой информации
Q110548223,1,0,1,0.0,1,0,0,2.0,proposed legislation,proposed legislation,предлагаемый законодательный акт
Q110706912,1,1,0,100.0,0,0,0,,,,
Q11086064,3,0,3,0.0,2,2,2,7.33,total solar eclipse,total solar eclipse,полное солнечное затмение
Q1110684,1,1,0,100.0,0,0,0,,,,
Q11166728,1,1,0,100.0,0,0,0,,,,
Q11187131,10,0,10,0.0,10,0,0,3.0,2015 World Judo Championships,Дзюдодан әлем чемпионаты 2015,Чемпионат мира по дзюдо 2015
Q11197007,1,1,0,100.0,0,0,0,,,,
Q11204,3,3,0,100.0,0,0,0,,,,
Q112128334,70,66,4,94.29,3,1,0,3.25,protected area of Kazakhstan of republican significance,protected area of Kazakhstan of republican significance,особо охраняемая природная территория республиканского значения Казахстана
Q11223998,1,0,1,0.0,1,0,0,3.0,IJF World Tour,IJF World Tour,IJF World Tour
Q112537478,6,6,0,100.0,0,0,0,,,,
Q1128637,1,1,0,100.0,0,0,0,,,,
Q112876,1,0,1,0.0,0,0,0,1.0,pine barrens,Шоқ қарағай,бор
Q1129474,1,1,0,100.0,0,0,0,,,,
Q11303,2,1,1,50.0,1,0,0,3.0,skyscraper,Көктіреген,небоскрёб
Q113065939,1,0,1,0.0,1,0,0,3.0,Embassy of the United States,Embassy of the United States,посольство США
Q1131329,1,1,0,100.0,0,0,0,,,,
Q11315,10,2,8,20.0,3,0,0,1.62,shopping center,сауда орталығы,торговый центр
Q113254938,1,0,1,0.0,1,1,0,5.0,spacecraft fleet,spacecraft fleet,Космический флот
Q113455515,1,1,0,100.0,0,0,0,,,,
Q11362251,1,0,1,0.0,1,0,0,3.0,World Judo Cadets Championships,World Judo Cadets Championships,World Judo Cadets Championships
Q11362400,2,0,2,0.0,2,0,0,2.0,World Team Judo Championships,World Team Judo Championships,World Team Judo Championships
Q113681824,1,0,1,0.0,1,1,0,6.0,opencast mine,opencast mine,opencast mine
Q113988536,1,1,0,100.0,0,0,0,,,,
Q1140371,1,1,0,100.0,0,0,0,,,,
Q114055312,1,0,1,0.0,1,0,0,3.0,national baseball team,national baseball team,national baseball team
Q11410,2,2,0,100.0,0,0,0,,,,
Q1143635,1,1,0,100.0,0,0,0,,,,
Q11460,1,1,0,100.0,0,0,0,,,,
Q114609228,13,3,10,23.08,6,2,0,2.8,recurring sporting event edition,recurring sporting event edition,версия повторяющегося спортивного события
Q114782406,1,1,0,100.0,0,0,0,,,,
Q115135140,1,0,1,0.0,0,0,0,1.0,futsal competition,futsal competition,соревнование по футзалу
Q1153191,3,1,2,33.33,0,0,0,1.0,online newspaper,online newspaper,интернет-издание
Q115346835,3,1,2,33.33,2,2,2,45.5,temperate steppe,temperate steppe,temperate steppe
Q1154710,4,4,0,100.0,0,0,0,,,,
Q11572907,1,0,1,0.0,0,0,0,1.0,order of succession,order of succession,Престолонаследие
Q115839789,5,2,3,40.0,2,1,0,3.0,basketball club,basketball club,баскетбольный клуб
Q115857096,1,1,0,100.0,0,0,0,,,,
Q116597750,1,1,0,100.0,0,0,0,,,,
Q11670533,1,0,1,0.0,0,0,0,1.0,elevated station,elevated station,приподнятая станция
Q11691,2,2,0,100.0,0,0,0,,,,
Q116953048,1,0,1,0.0,0,0,0,1.0,beach soccer club,beach soccer club,пляжный футбольный клуб
Q11707,1,1,0,100.0,0,0,0,,,,
Q117086260,1,0,1,0.0,1,0,0,4.0,national field hockey team,national field hockey team,сборная по хоккею на траве
Q117103628,1,0,1,0.0,1,1,0,8.0,national water polo team,national water polo team,national water polo team
Q117819097,2,0,2,0.0,0,0,0,1.0,women's basketball club,women's basketball club,женский баскетбольный клуб
Q117819211,1,0,1,0.0,0,0,0,1.0,men's basketball club,men's basketball club,мужской баскетбольный клуб
Q117819338,2,1,1,50.0,0,0,0,1.0,women's volleyball club,women's volleyball club,женский волейбольный клуб
Q11783626,2,0,2,0.0,0,0,0,1.0,athletics meeting,athletics meeting,соревнование по лёгкой атлетике
Q11796413,2,2,0,100.0,0,0,0,,,,
Q1180262,1,1,0,100.0,0,0,0,,,,
Q11812394,11,10,1,90.91,0,0,0,1.0,theatre company,theatre company,театральная организация
Q1181413,3,2,1,66.67,0,0,0,1.0,palace of culture,palace of culture,дворец культуры
Q118188609,1,0,1,0.0,0,0,0,1.0,beach soccer competition,beach soccer competition,соревнование по пляжному футболу
Q11822917,1,1,0,100.0,0,0,0,,,,
Q11892333,1,0,1,0.0,1,0,0,2.0,freedom of speech by country,freedom of speech by country,freedom of speech by country
Q1190554,2,1,1,50.0,0,0,0,1.0,occurrence,occurrence,событие
Q1193236,1,0,1,0.0,1,1,1,14.0,news media,news media,новостные СМИ
Q119442487,1,0,1,0.0,1,0,0,2.0,Kazakhstan Future Series,Kazakhstan Future Series,Kazakhstan Future Series
Q1194951,5,0,5,0.0,3,0,0,1.6,national sports team,national sports team,сборная
Q1197685,8,7,1,87.5,1,0,0,4.0,public holiday,public holiday,государственный праздник
Q119942457,2,0,2,0.0,1,1,1,5.5,UCI Women's Continental Team,UCI Women's Continental Team,UCI Women's Continental Team
Q12018180,1,0,1,0.0,1,1,1,40.0,geomorphological system,geomorphological system,геоморфологическая система
Q12019965,2,2,0,100.0,0,0,0,,,,
Q12021235,2,2,0,100.0,0,0,0,,,,
Q12057459,1,1,0,100.0,0,0,0,,,,
Q12075102,1,1,0,100.0,0,0,0,,,,
Q12075477,1,1,0,100.0,0,0,0,,,,
Q120762068,1,0,1,0.0,0,0,0,1.0,Asian Road Cycling Championships - Women U23 ITT,Asian Road Cycling Championships - Women U23 ITT,Чемпионат Азии по шоссейному велоспорту - индивидуальная гонка (женщины U23)
Q12079191,10,10,0,100.0,0,0,0,,,,
Q12091026,1,0,1,0.0,0,0,0,1.0,coal deposit,coal deposit,угольное месторождение
Q12104567,2,2,0,100.0,0,0,0,,,,
Q121182,1,0,1,0.0,0,0,0,1.0,information system,Ақпарат жүйесі,информационная система
Q12132769,3,2,1,66.67,0,0,0,1.0,oil and gas field,oil and gas field,нефтегазовое месторождение
Q12132780,1,0,1,0.0,0,0,0,1.0,oil and gas bearing province,oil and gas bearing province,нефтегазоносная провинция
Q12134916,1,1,0,100.0,0,0,0,,,,
Q12137573,1,1,0,100.0,0,0,0,,,,
Q12139612,1,1,0,100.0,0,0,0,,,,
Q12140,1,1,0,100.0,0,0,0,,,,
Q12149173,4,4,0,100.0,0,0,0,,,,
Q121556053,1,0,1,0.0,0,0,0,1.0,wrestling competition,wrestling competition,соревнования по борьбе
Q12160242,1,1,0,100.0,0,0,0,,,,
Q12164334,1,0,1,0.0,1,1,0,6.0,professional holiday of Ukraine,professional holiday of Ukraine,профессиональный праздник на Украине
Q12174444,2,2,0,100.0,0,0,0,,,,
Q12184,1,1,0,100.0,0,0,0,,,,
Q122329178,1,1,0,100.0,0,0,0,,,,
Q12266391,4,4,0,100.0,0,0,0,,,,
Q12280,4,2,2,50.0,0,0,0,1.0,bridge,көпір,мост
Q12280169,1,0,1,0.0,1,0,0,2.0,animal husbandry of an area,animal husbandry of an area,животноводство на территории
Q12284,34,12,22,35.29,3,1,0,1.32,canal,канал,канал
Q12308941,1,0,1,0.0,0,0,0,1.0,male given name,ер адамның жеке есімі,мужское личное имя
Q12323,20,4,16,20.0,1,1,0,1.25,dam,бөгет,плотина
Q123237442,1,0,1,0.0,1,0,0,4.0,sex trafficking by country or territory,sex trafficking by country or territory,sex trafficking by country or territory
Q123237961,1,1,0,100.0,0,0,0,,,,
Q12332021,1,1,0,100.0,0,0,0,,,,
Q123480,1,1,0,100.0,0,0,0,,,,
Q12353044,1,1,0,100.0,0,0,0,,,,
Q12357832,19,14,5,73.68,1,0,0,1.4,second-level administrative division,second-level administrative division,административная единица второго уровня
Q12357920,18,13,5,72.22,1,0,0,1.2,third-level administrative division,third-level administrative division,административная единица третьего уровня
Q12367307,1,1,0,100.0,0,0,0,,,,
Q123705,46,31,15,67.39,9,1,0,2.47,neighborhood,neighborhood,нейборхуд
Q123991,3,2,1,66.67,1,0,0,2.0,steppe,Дала,степь
Q124098638,1,0,1,0.0,0,0,0,1.0,Roman Catholic ecclesiastical province,Roman Catholic ecclesiastical province,римско-католическая церковная провинция
Q1241288,1,1,0,100.0,0,0,0,,,,
Q12413618,6,5,1,83.33,1,0,0,2.0,international border,Мемлекеттік шекара,межгосударственная граница
Q124221947,4,0,4,0.0,4,3,0,6.0,One Earth Ecoregion,One Earth Ecoregion,One Earth Ecoregion
Q1244922,1,1,0,100.0,0,0,0,,,,
Q1245089,1,1,0,100.0,0,0,0,,,,
Q124556620,1,1,0,100.0,0,0,0,,,,
Q124714,123,13,110,10.57,0,0,0,1.0,spring,бұлақтар,родник
Q124734,6,4,2,66.67,2,0,0,2.0,rebellion,Көтеріліс,восстание
Q1248784,34,31,3,91.18,1,0,0,1.67,airport,әуежай,аэропорт
Q12518,4,3,1,75.0,0,0,0,1.0,tower,Мұнара,башня
Q12540664,1,1,0,100.0,0,0,0,,,,
Q12541085,1,1,0,100.0,0,0,0,,,,
Q1254874,1,1,0,100.0,0,0,0,,,,
Q1254933,3,1,2,33.33,2,2,0,6.5,astronomical observatory,astronomical observatory,астрономическая обсерватория
Q125505344,2,1,1,50.0,1,0,0,3.0,place designated by a field name,place designated by a field name,урочище
Q12552199,1,0,1,0.0,1,1,0,5.0,main gas pipeline,Магистральды газ құбыры,магистральный газопровод
Q125569386,1,0,1,0.0,0,0,0,1.0,university branch,university branch,филиал университета
Q125577386,1,1,0,100.0,0,0,0,,,,
Q12570,1,1,0,100.0,0,0,0,,,,
Q1262090,4,4,0,100.0,0,0,0,,,,
Q1262712,5,0,5,0.0,5,3,2,6.8,gas pipeline,Газжүргізгіш,газопровод
Q1268865,1,0,1,0.0,1,0,0,2.0,light rail,light rail,легкорельсовый транспорт
Q1269299,1,1,0,100.0,0,0,0,,,,
Q1269827,1,1,0,100.0,0,0,0,,,,
Q12737077,1,0,1,0.0,0,0,0,1.0,occupation,қызмет түрі,род занятий
Q12765911,1,1,0,100.0,0,0,0,,,,
Q12768272,1,0,1,0.0,0,0,0,1.0,Judaism of an area,Judaism of an area,иудаизм на территории
Q12806886,1,1,0,100.0,0,0,0,,,,
Q12830341,1,0,1,0.0,1,0,0,3.0,Eastern Orthodoxy of an area,Eastern Orthodoxy of an area,православие на территории
Q12830429,1,0,1,0.0,0,0,0,1.0,Protestantism of an area,Protestantism of an area,протестантизм на территории
Q12833777,1,1,0,100.0,0,0,0,,,,
Q128654790,2,0,2,0.0,2,1,1,7.0,ski jumping complex,ski jumping complex,комплекс лыжных трамплинов
Q1288568,13,11,2,84.62,2,2,2,30.5,modern language,modern language,живой язык
Q12897688,1,0,1,0.0,1,0,0,2.0,Jehovah's Witnesses of an area,Jehovah's Witnesses of an area,Свидетели Иеговы на территории
Q12909644,1,0,1,0.0,0,0,0,1.0,political ideology,саяси идеология,политическая идеология
Q1292279,1,0,1,0.0,1,0,0,2.0,political border,Мемлекеттік шекара,политическая граница
Q129268952,1,1,0,100.0,0,0,0,,,,
Q12932380,1,0,1,0.0,1,1,0,7.0,Hinduism of an area,Hinduism of an area,индуизм на территории
Q12933353,1,1,0,100.0,0,0,0,,,,
Q129675946,17,17,0,100.0,0,0,0,,,,
Q129725870,38,38,0,100.0,0,0,0,,,,
Q12973014,5,1,4,20.0,3,0,0,2.0,sports team,sports team,спортивная команда
Q129730229,36,35,1,97.22,0,0,0,1.0,akimat of city of regional significance,облыстық маңызы бар қалалардың әкімдігі,акимат города областного значения
Q129791543,5,5,0,100.0,0,0,0,,,,
Q129882775,43,43,0,100.0,0,0,0,,,,
Q129882905,75,75,0,100.0,0,0,0,,,,
Q130003,4,1,3,25.0,2,0,0,1.67,ski resort,ski resort,горнолыжный курорт
Q130108094,48,48,0,100.0,0,0,0,,,,
Q130212458,7741,6861,880,88.63,393,8,0,1.72,village of Kazakhstan,Қазақстан ауылы,село в Казахстане
Q13052937,1,0,1,0.0,1,0,0,4.0,Armenian Apostolic Church diocese,Armenian Apostolic Church diocese,епархия Армянской апостольской церкви
Q13065566,1,1,0,100.0,0,0,0,,,,
Q1306755,1,1,0,100.0,0,0,0,,,,
Q13073773,1,1,0,100.0,0,0,0,,,,
Q13107170,1,0,1,0.0,1,0,0,3.0,Dnepr radar,Dnepr radar,Днепр
Q1313096,2,2,0,100.0,0,0,0,,,,
Q131324128,2,2,0,100.0,0,0,0,,,,
Q131459694,26,12,14,46.15,0,0,0,1.0,association football season,association football season,розыгрыш футбольного турнира
Q131569,4,2,2,50.0,1,0,0,1.5,treaty,Халықаралық келiсiмдер,международный договор
Q131647,26,25,1,96.15,1,0,0,2.0,medal,медаль,медаль
Q131681,86,76,10,88.37,2,1,0,1.6,reservoir,су қоймасы,водохранилище
Q131734,1,0,1,0.0,0,0,0,1.0,brewery,brewery,пивоварня
Q1318941,1,0,1,0.0,1,1,1,10.0,stage race,stage race,многодневная велогонка
Q13197989,2,0,2,0.0,0,0,0,1.0,Sunni Islam of an area,Sunni Islam of an area,суннизм на территории
Q1322134,1,1,0,100.0,0,0,0,,,,
Q132241,3,1,2,33.33,1,0,0,1.5,festival,festival,фестиваль
Q13226383,4,3,1,75.0,0,0,0,1.0,facility,facility,площадка
Q132510,3,0,3,0.0,1,0,0,2.0,market,Базар,рынок
Q132834,5,3,2,60.0,0,0,0,1.0,madrasa,Медресе,медресе
Q1329623,1,0,1,0.0,0,0,0,1.0,cultural center,cultural center,культурный центр
Q133004,1,0,1,0.0,0,0,0,1.0,diaspora,Диаспора,диаспора
Q133056,94,16,78,17.02,2,0,0,1.04,mountain pass,асу,перевал
Q1331793,2,1,1,50.0,1,0,0,2.0,media company,media company,медиакомпания
Q133311,7,5,2,71.43,1,1,0,3.0,tribe,тайпа,племя
Q133346,5,5,0,100.0,0,0,0,,,,
Q1335652,1,0,1,0.0,0,0,0,1.0,airport railway station,airport railway station,железнодорожная станция при аэропорте
Q133744,1,0,1,0.0,1,0,0,3.0,tour operator,tour operator,туроператор
Q1339195,3,2,1,66.67,1,0,0,3.0,station building,station building,железнодорожный вокзал
Q13393265,10,3,7,30.0,4,2,0,2.71,basketball team,basketball team,баскетбольная команда
Q13406463,157,33,124,21.02,20,0,0,1.23,Wikimedia list article,Wikimedia list article,статья-список в проекте Викимедиа
Q13406554,25,6,19,24.0,9,2,0,2.05,sports competition,sports competition,спортивное соревнование
Q13406660,1,1,0,100.0,0,0,0,,,,
Q1341478,1,1,0,100.0,0,0,0,,,,
Q134161,1,1,0,100.0,0,0,0,,,,
Q134447,1,1,0,100.0,0,0,0,,,,
Q1345691,1,0,1,0.0,1,1,1,13.0,international financial institution,international financial institution,международная финансовая организация
Q1345712,1,1,0,100.0,0,0,0,,,,
Q1349255,8,4,4,50.0,2,0,0,1.5,natural gas field,Газ кені,месторождение природного газа
Q135207825,1,1,0,100.0,0,0,0,,,,
Q1353183,5,0,5,0.0,4,2,1,6.2,launch pad,launch pad,стартовый комплекс
Q135408445,1,1,0,100.0,0,0,0,,,,
Q135409346,1,1,0,100.0,0,0,0,,,,
Q135728374,1,1,0,100.0,0,0,0,,,,
Q135728463,1,1,0,100.0,0,0,0,,,,
Q135747756,1,1,0,100.0,0,0,0,,,,
Q135747780,1,0,1,0.0,1,1,1,12.0,women's national ice hockey team,women's national ice hockey team,women's national ice hockey team
Q1358919,1,0,1,0.0,0,0,0,1.0,bicycle-sharing system,bicycle-sharing system,велопрокат
Q1364157,10,9,1,90.0,0,0,0,1.0,philharmonic society,филармония,филармония
Q1364302,1,1,0,100.0,0,0,0,,,,
Q1365924,2,2,0,100.0,0,0,0,,,,
Q1366722,2,2,0,100.0,0,0,0,,,,
Q1368262,1,1,0,100.0,0,0,0,,,,
Q1370598,2,1,1,50.0,0,0,0,1.0,structure of worship,structure of worship,культовое сооружение
Q1371037,1,1,0,100.0,0,0,0,,,,
Q137186904,1,0,1,0.0,1,1,1,31.0,transcontinental region,transcontinental region,трансконтинентальный регион
Q137274086,2,2,0,100.0,0,0,0,,,,
Q137455956,1,0,1,0.0,1,0,0,2.0,Defunct episcopal conference,Defunct episcopal conference,Defunct episcopal conference
Q137794598,23,23,0,100.0,0,0,0,,,,
Q13785326,1,0,1,0.0,1,1,0,5.0,2014 Fed Cup,2014 Fed Cup,Кубок Федерации 2014
Q137871518,1,0,1,0.0,0,0,0,1.0,nation in the New Wave competition,nation in the New Wave competition,страна в конкурсе Новая волна
Q1378975,1,1,0,100.0,0,0,0,,,,
Q138775,1,1,0,100.0,0,0,0,,,,
Q138825,5,0,5,0.0,4,0,0,2.4,children's railway,Балалар темір жолы,детская железная дорога
Q139591396,1,1,0,100.0,0,0,0,,,,
Q1402443,1,1,0,100.0,0,0,0,,,,
Q1402592,5,3,2,60.0,1,0,0,2.5,island group,island group,группа островов
Q140360298,1,0,1,0.0,0,0,0,1.0,,,купеческая династия
Q140362944,1,1,0,100.0,0,0,0,,,,
Q140678780,10,0,10,0.0,1,0,0,1.1,chess tournament edition,chess tournament edition,сезон шахматного турнира
Q1406988,1,1,0,100.0,0,0,0,,,,
Q1407225,1,0,1,0.0,0,0,0,1.0,television award,television award,награда в области телевидения
Q140892892,1,1,0,100.0,0,0,0,,,,
Q1412205,1,1,0,100.0,0,0,0,,,,
Q1413677,1,1,0,100.0,0,0,0,,,,
Q1431554,2,0,2,0.0,2,2,2,13.0,apostolic administration,apostolic administration,апостольская администратура
Q1434274,7,4,3,57.14,3,0,0,3.33,agronym,agronym,урочище
Q14350,8,5,3,62.5,1,1,0,3.33,radio station,radio station,вещательная радиостанция
Q1437459,8,5,3,62.5,1,1,1,14.0,non-geologically related mountain range,non-geologically related mountain range,горы
Q1440300,1,1,0,100.0,0,0,0,,,,
Q1445650,7,4,3,57.14,2,1,0,3.33,holiday,мереке,праздник
Q1451906,1,0,1,0.0,0,0,0,1.0,women's organization,women's organization,женская организация
Q1454820,1,1,0,100.0,0,0,0,,,,
Q14659,6,1,5,16.67,1,0,0,1.2,coat of arms,Мемлекеттік герб (елтаңба),герб
Q146591,16,0,16,0.0,16,15,15,18.5,circle of latitude,circle of latitude,параллель
Q14660,1,0,1,0.0,1,0,0,2.0,flag,ту,флаг
Q14757767,4,0,4,0.0,2,0,0,1.5,fourth-level administrative division,fourth-level administrative division,административная единица четвёртого уровня
Q1478437,2,1,1,50.0,0,0,0,1.0,association football competition,association football competition,футбольный турнир
Q1478443,1,1,0,100.0,0,0,0,,,,
Q148319,1,1,0,100.0,0,0,0,,,,
Q14941854,1,1,0,100.0,0,0,0,,,,
Q149621,1,0,1,0.0,1,0,0,2.0,district,district,дистрикт
Q1496456,1,0,1,0.0,1,0,0,4.0,2013 Fed Cup,2013 Fed Cup,Кубок Федерации 2013
Q1497364,9,4,5,44.44,3,0,0,2.2,building complex,building complex,комплекс зданий
Q149918,3,2,1,66.67,1,1,0,7.0,communications satellite,Байланыс серігі,спутник связи
Q15043657,7,1,6,14.29,6,0,0,3.33,Tour of Almaty,Алматы Туры 2013,Тур Алматы
Q15072596,9,8,1,88.89,1,0,0,2.0,administrative territorial entity of Kazakhstan,Қазақстан әкімшілік бірліктері,административное деление Казахстана
Q150784,4,2,2,50.0,2,0,0,3.5,canyon,Каньон,каньон
Q15079663,1,1,0,100.0,0,0,0,,,,
Q15087423,1,1,0,100.0,0,0,0,,,,
Q1510380,1,0,1,0.0,1,0,0,3.0,grove,grove,роща
Q15104814,5,5,0,100.0,0,0,0,,,,
Q15104915,114,107,7,93.86,2,0,0,1.29,mineral deposit,Кенорын,месторождение полезных ископаемых
Q15135589,6,6,0,100.0,0,0,0,,,,
Q15141321,2,0,2,0.0,2,0,0,3.0,train service,train service,маршрут поезда
Q151885,1,1,0,100.0,0,0,0,,,,
Q1519799,2,2,0,100.0,0,0,0,,,,
Q15206795,1,1,0,100.0,0,0,0,,,,
Q15221623,169,149,20,88.17,1,0,0,1.05,bilateral relation,bilateral relation,двусторонние отношения
Q15229207,1,1,0,100.0,0,0,0,,,,
Q15238777,2,0,2,0.0,0,0,0,1.0,legislative term,legislative term,срок полномочий законодательного органа
Q15239622,1,0,1,0.0,1,1,1,10.0,disputed territory,даулы жер,оспариваемая территория
Q15243209,1,0,1,0.0,0,0,0,1.0,historic district,historic district,исторический район города
Q152559,1,1,0,100.0,0,0,0,,,,
Q15284636,1,0,1,0.0,0,0,0,1.0,presidential term,presidential term,президентский срок
Q1529128,1,1,0,100.0,0,0,0,,,,
Q1530022,1,0,1,0.0,0,0,0,1.0,religious organization,Діни бірлестіктер,религиозная организация
Q15324,1,1,0,100.0,0,0,0,,,,
Q153562,2,2,0,100.0,0,0,0,,,,
Q15410549,1,0,1,0.0,0,0,0,1.0,public association,Қоғамдық бірлестіктер,общественное объединение
Q1546073,1,1,0,100.0,0,0,0,,,,
Q1549591,18,18,0,100.0,0,0,0,,,,
Q1550182,1,0,1,0.0,0,0,0,1.0,mine railway,mine railway,Шахтный электровоз
Q1550225,1,1,0,100.0,0,0,0,,,,
Q155271,1,0,1,0.0,0,0,0,1.0,think tank,ғылыми орталық,аналитический центр
Q15617994,1,0,1,0.0,1,0,0,2.0,administrative territorial entity type,administrative territorial entity type,тип административно-территориальной единицы
Q15622363,1,1,0,100.0,0,0,0,,,,
Q15640053,5,0,5,0.0,5,3,0,4.6,tram system,tram system,трамвайная система
Q15642541,3,0,3,0.0,1,0,0,1.67,human-geographic territorial entity,human-geographic territorial entity,геополитическая область
Q15661340,4,4,0,100.0,0,0,0,,,,
Q157031,3,2,1,66.67,0,0,0,1.0,foundation,Айырбас,фонд
Q15711797,1,1,0,100.0,0,0,0,,,,
Q15720476,27,8,19,29.63,0,0,0,1.0,volleyball team,volleyball team,волейбольная команда
Q1572070,1,1,0,100.0,0,0,0,,,,
Q1572791,1,1,0,100.0,0,0,0,,,,
Q15813069,3,0,3,0.0,1,0,0,1.33,housing series,housing series,серия дома
Q15840617,1,1,0,100.0,0,0,0,,,,
Q158454,2,1,1,50.0,1,0,0,4.0,biosphere reserve,Адам және биосфера,биосферный заповедник ЮНЕСКО
Q1589009,1,1,0,100.0,0,0,0,,,,
Q15911314,2,1,1,50.0,0,0,0,1.0,association,association,ассоциация
Q15911738,14,5,9,35.71,3,0,0,1.56,hydroelectric power station,су электр станциясы,гидроэлектростанция
Q159313,3,1,2,33.33,0,0,0,1.0,urban agglomeration,urban agglomeration,городская агломерация
Q159334,1,1,0,100.0,0,0,0,,,,
Q1595639,2,1,1,50.0,0,0,0,1.0,local museum,local museum,краеведческий музей
Q159719,2,0,2,0.0,1,0,0,1.5,power station,электр стансасы,электростанция
Q15986354,1,0,1,0.0,1,0,0,3.0,basketball association,basketball association,баскетбольная федерация
Q15991303,4,3,1,75.0,1,0,0,2.0,association football league,association football league,футбольная лига
Q160091,12,12,0,100.0,0,0,0,,,,
Q1601458,15,6,9,40.0,9,0,0,2.44,combined heat and power station,Жылу Электр Орталығы,теплоэлектроцентраль
Q16043215,1,0,1,0.0,0,0,0,1.0,Sufism of an area,Sufism of an area,суфизм на территории
Q1616075,25,20,5,80.0,1,0,0,1.4,television station,television station,телецентр
Q1620908,2,2,0,100.0,0,0,0,,,,
Q162602,1,0,1,0.0,0,0,0,1.0,river island,Өзен аралы,речной остров
Q162633,1,1,0,100.0,0,0,0,,,,
Q162875,58,52,6,89.66,0,0,0,1.0,mausoleum,кесене,мавзолей
Q163021,1,0,1,0.0,0,0,0,1.0,observation post,observation post,наблюдательный пункт
Q16334295,1,0,1,0.0,0,0,0,1.0,group of humans,адамдар тобы,группа людей
Q16349709,1,0,1,0.0,1,0,0,2.0,Baháʼí Faith of an area,Baháʼí Faith of an area,бахаи на территории
Q163687,1,0,1,0.0,1,1,0,6.0,basilica,Базилика,базилика
Q163740,2,1,1,50.0,0,0,0,1.0,nonprofit organization,коммерциялық емес ұйым,некоммерческая организация
Q1639168,1,1,0,100.0,0,0,0,,,,
Q163967,1,1,0,100.0,0,0,0,,,,
Q1639780,7,7,0,100.0,0,0,0,,,,
Q164099,1,0,1,0.0,0,0,0,1.0,hoard,hoard,hoard
Q16434634,3,3,0,100.0,0,0,0,,,,
Q16463,1,1,0,100.0,0,0,0,,,,
Q16465938,5,0,5,0.0,0,0,0,1.0,seasonal river,seasonal river,пересыхающая река
Q165,1,1,0,100.0,0,0,0,,,,
Q16510064,36,0,36,0.0,31,3,0,2.83,sporting event,sporting event,спортивное мероприятие
Q16519632,5,5,0,100.0,0,0,0,,,,
Q1659844,1,0,1,0.0,1,0,0,4.0,information ministry,information ministry,министерство информации
Q166118,22,22,0,100.0,0,0,0,,,,
Q1662118,1,1,0,100.0,0,0,0,,,,
Q16632355,1,1,0,100.0,0,0,0,,,,
Q1664720,3,2,1,66.67,0,0,0,1.0,institute,institute,институт
Q166735,51,1,50,1.96,1,0,0,1.02,swamp,батпақ,заболоченный лес
Q16680663,7,0,7,0.0,4,0,0,1.57,IJF World Tour Kazakhstan,IJF World Tour Kazakhstan,IJF World Tour Kazakhstan
Q167037,1,1,0,100.0,0,0,0,,,,
Q16710068,1,1,0,100.0,0,0,0,,,,
Q167170,1,1,0,100.0,0,0,0,,,,
Q16725895,1,1,0,100.0,0,0,0,,,,
Q167270,1,1,0,100.0,0,0,0,,,,
Q167346,6,6,0,100.0,0,0,0,,,,
Q16738832,2,0,2,0.0,1,0,0,1.5,criminal case,criminal case,уголовное дело
Q168247,1,1,0,100.0,0,0,0,,,,
Q16887380,1,1,0,100.0,0,0,0,,,,
Q16889960,3,1,2,33.33,2,0,0,2.0,circus building,circus building,здание цирка
Q1691434,1,1,0,100.0,0,0,0,,,,
Q16917,2,1,1,50.0,1,0,0,2.0,hospital,аурухана,больница
Q16970,15,1,14,6.67,8,2,0,2.5,church building,шіркеу,христианский храм
Q169950,1,1,0,100.0,0,0,0,,,,
Q17028018,1,0,1,0.0,1,1,1,59.0,hunting strategy,hunting strategy,hunting strategy
Q17076801,1,1,0,100.0,0,0,0,,,,
Q1708422,1,1,0,100.0,0,0,0,,,,
Q17094485,1,1,0,100.0,0,0,0,,,,
Q171308,1,1,0,100.0,0,0,0,,,,
Q17156793,1,0,1,0.0,1,0,0,2.0,American football team,American football team,клуб американского футбола
Q1716124,1,0,1,0.0,1,0,0,4.0,national road,national road,дорога национального значения
Q17232649,1,0,1,0.0,1,1,1,14.0,news website,news website,новостной сайт
Q17270000,3,1,2,33.33,2,0,0,2.0,football club,football club,футбольный клуб
Q17272692,1,0,1,0.0,1,0,0,2.0,IANA time zone,IANA time zone,часовой пояс IANA
Q172754,1,1,0,100.0,0,0,0,,,,
Q17305522,1,1,0,100.0,0,0,0,,,,
Q17315159,5,5,0,100.0,0,0,0,,,,
Q17334923,1,1,0,100.0,0,0,0,,,,
Q173387,1,1,0,100.0,0,0,0,,,,
Q17362920,2,0,2,0.0,0,0,0,1.0,Wikimedia duplicated page,Wikimedia duplicated page,дублирующая страница
Q1740919,1,1,0,100.0,0,0,0,,,,
Q17431399,1,1,0,100.0,0,0,0,,,,
Q1747184,1,0,1,0.0,0,0,0,1.0,mass mortality event,mass mortality event,массовая смерть
Q174782,9,6,3,66.67,1,0,0,1.33,square,алаң,площадь
Q17505024,1,1,0,100.0,0,0,0,,,,
Q17524420,3,0,3,0.0,1,0,0,1.33,aspect of history,aspect of history,исторический аспект
Q17537576,1,1,0,100.0,0,0,0,,,,
Q17544377,1,1,0,100.0,0,0,0,,,,
Q1756006,6,0,6,0.0,5,5,0,4.83,UCI Continental Team,UCI Continental Team,UCI Continental Team
Q1756477,1,0,1,0.0,0,0,0,1.0,league system,league system,система спортивных лиг
Q1758037,1,1,0,100.0,0,0,0,,,,
Q1762059,1,1,0,100.0,0,0,0,,,,
Q1763828,3,3,0,100.0,0,0,0,,,,
Q176799,3,0,3,0.0,3,1,0,3.67,military unit,Әскери бөлім,воинское формирование
Q177380,1,1,0,100.0,0,0,0,,,,
Q177414,1,1,0,100.0,0,0,0,,,,
Q1774898,1,0,1,0.0,0,0,0,1.0,clinic,амбулатория,клиника
Q1781180,4,3,1,75.0,1,0,0,2.0,condensation power station,condensation power station,конденсационная электростанция
Q1782540,3,3,0,100.0,0,0,0,,,,
Q178561,8,3,5,37.5,2,1,1,3.8,battle,Арпалыс,битва
Q178706,1,0,1,0.0,1,1,0,8.0,institution,Әлеуметтік ұйым,общественный институт
Q178790,2,1,1,50.0,0,0,0,1.0,labor union,Тред-юниондар,профессиональный союз
Q1788716,2,2,0,100.0,0,0,0,,,,
Q1788820,1,1,0,100.0,0,0,0,,,,
Q17898,1,0,1,0.0,1,1,1,22.0,LGBT rights by country or territory,LGBT rights by country or territory,права ЛГБТ на территории
Q179049,4,4,0,100.0,0,0,0,,,,
Q179057,4,3,1,75.0,0,0,0,1.0,explosion,қопарылыс,взрыв
Q179164,1,1,0,100.0,0,0,0,,,,
Q179700,3,1,2,33.33,1,0,0,1.5,statue,statue,статуя
Q18043430,1,1,0,100.0,0,0,0,,,,
Q18142,2,0,2,0.0,0,0,0,1.0,tower block,tower block,высотное здание
Q181648,1,1,0,100.0,0,0,0,,,,
Q18199879,10,1,9,10.0,7,1,0,2.56,trolleybus system,trolleybus system,троллейбусная система
Q182103,1,1,0,100.0,0,0,0,,,,
Q18247357,5,1,4,20.0,3,1,0,3.5,group of structures or buildings,group of structures or buildings,группа структур и зданий
Q18285142,2,2,0,100.0,0,0,0,,,,
Q18325242,2,0,2,0.0,2,1,0,4.5,ice hockey competition,ice hockey competition,турнир по хоккею с шайбой
Q183288,1,1,0,100.0,0,0,0,,,,
Q183342,1,1,0,100.0,0,0,0,,,,
Q183366,1,0,1,0.0,1,1,1,53.0,territory,territory,территория
Q18340514,28,0,28,0.0,12,0,0,1.57,events in a specific year or time period,events in a specific year or time period,хроника в Википедии
Q18340550,1,0,1,0.0,1,0,0,2.0,Wikimedia timeline,Wikimedia timeline,статья — временная шкала
Q18369361,1,1,0,100.0,0,0,0,,,,
Q18389209,1,0,1,0.0,1,1,1,11.0,economic corridor,economic corridor,economic corridor
Q184644,1,1,0,100.0,0,0,0,,,,
Q18493502,1,0,1,0.0,1,1,0,6.0,suicide bombing,suicide bombing,взрыв террориста-смертника
Q185113,13,3,10,23.08,1,1,0,1.4,cape,Мүйіс,мыс
Q1851368,1,0,1,0.0,0,0,0,1.0,waterfront,waterfront,набережная
Q18536323,1,0,1,0.0,0,0,0,1.0,basketball league,basketball league,баскетбольная лига
Q18564543,1,0,1,0.0,0,0,0,1.0,international conference,international conference,международная конференция
Q18608583,22,4,18,18.18,9,3,0,2.44,recurring sporting event,recurring sporting event,повторяющееся спортивное событие
Q186117,2,0,2,0.0,0,0,0,1.0,timeline,timeline,хронология
Q18677266,1,1,0,100.0,0,0,0,,,,
Q18704634,1,0,1,0.0,1,0,0,3.0,railway museum,railway museum,железнодорожный музей
Q18729324,12,7,5,58.33,5,0,0,3.0,razyezd,razyezd,разъезд как населённый пункт
Q187931,1,0,1,0.0,0,0,0,1.0,phrase,фраза,фраза
Q188025,92,28,64,30.43,10,0,0,1.38,salt lake,Тұзды көл,минеральное озеро
Q188055,5,1,4,20.0,1,0,0,1.5,siege,siege,осада
Q188451,1,1,0,100.0,0,0,0,,,,
Q189004,6,5,1,83.33,0,0,0,1.0,college,Колледж,колледж
Q189445,1,1,0,100.0,0,0,0,,,,
Q189533,1,0,1,0.0,1,0,0,2.0,academic degree,ғылыми дәреже,академическая степень
Q189819,1,1,0,100.0,0,0,0,,,,
Q190429,10,7,3,70.0,0,0,0,1.0,depression,депрессия,геологическая депрессия
Q190752,1,1,0,100.0,0,0,0,,,,
Q1916382,1,1,0,100.0,0,0,0,,,,
Q192283,2,2,0,100.0,0,0,0,,,,
Q192350,11,7,4,63.64,1,0,0,1.5,ministry,министрлік,министерство
Q192611,29,0,29,0.0,4,0,0,1.14,electoral unit,Сайлау округі,избирательный округ
Q192691,1,1,0,100.0,0,0,0,,,,
Q192914,1,1,0,100.0,0,0,0,,,,
Q193071,1,1,0,100.0,0,0,0,,,,
Q1933026,2,0,2,0.0,2,2,1,7.5,launch site,launch site,пусковая площадка
Q193424,1,0,1,0.0,1,0,0,2.0,web service,Веб-қызмет,веб-служба
Q19362195,3,2,1,66.67,1,1,0,7.0,geostationary satellite,geostationary satellite,геостационарный спутник
Q193622,12,12,0,100.0,0,0,0,,,,
Q19386377,1,1,0,100.0,0,0,0,,,,
Q19393726,1,0,1,0.0,0,0,0,1.0,,,
Q194188,3,1,2,33.33,2,1,1,6.5,spaceport,Ғарыш айлағы,космодром
Q194356,1,0,1,0.0,0,0,0,1.0,wind farm,Жел электрлік стансысы,ветряная электростанция
Q1959314,2,1,1,50.0,1,1,0,7.0,protected area of Russia,protected area of Russia,особо охраняемая природная территория России
Q196600,1,1,0,100.0,0,0,0,,,,
Q1968122,1,1,0,100.0,0,0,0,,,,
Q1968435,1,1,0,100.0,0,0,0,,,,
Q1969448,1,0,1,0.0,0,0,0,1.0,term,термин,термин
Q1970365,1,0,1,0.0,1,1,0,6.0,natural history museum,natural history museum,музей естественной истории
Q1973901,5,5,0,100.0,0,0,0,,,,
Q19753333,1,0,1,0.0,0,0,0,1.0,nuclear weapons program,nuclear weapons program,программа ядерного оружия
Q1975485,1,1,0,100.0,0,0,0,,,,
Q1978718,1,1,0,100.0,0,0,0,,,,
Q19832486,5,1,4,20.0,2,1,0,2.75,locomotive class,locomotive class,серия локомотива
Q19860854,3,2,1,66.67,0,0,0,1.0,destroyed building or structure,destroyed building or structure,утраченное здание или строение
Q19953632,1,0,1,0.0,0,0,0,1.0,former administrative territorial entity,former administrative territorial entity,бывшая административно-территориальная единица
Q19958368,1,1,0,100.0,0,0,0,,,,
Q19973770,2,2,0,100.0,0,0,0,,,,
Q19973795,1,1,0,100.0,0,0,0,,,,
Q19983480,2,1,1,50.0,1,0,0,4.0,ministry of communications,ministry of communications,министерство связи
Q2001305,6,2,4,33.33,1,0,0,1.5,television channel,television channel,телеканал
Q200141,21,16,5,76.19,1,0,0,1.2,necropolis,Некрополь,некрополь
Q200297,3,0,3,0.0,3,0,0,2.33,thermal power station,жылу электр станциясы,тепловая электростанция
Q20057844,1,0,1,0.0,0,0,0,1.0,Mormonism of an area,Mormonism of an area,мормонизм на территории
Q20097215,1,1,0,100.0,0,0,0,,,,
Q201676,1,1,0,100.0,0,0,0,,,,
Q20202072,1,1,0,100.0,0,0,0,,,,
Q2026692,1,0,1,0.0,1,1,1,14.0,BN reactor,BN reactor,БН
Q2026833,1,0,1,0.0,0,0,0,1.0,garden square,garden square,сквер
Q2031836,23,6,17,26.09,6,1,0,1.76,Eastern Orthodox church building,Eastern Orthodox church building,православный храм
Q2042028,100,4,96,4.0,1,0,0,1.02,ravine,шатқал,ущелье
Q204310,2,2,0,100.0,0,0,0,,,,
Q2056313,1,0,1,0.0,1,0,0,2.0,pastoral visit,pastoral visit,pastoral visit
Q20638319,1,1,0,100.0,0,0,0,,,,
Q20639848,1,0,1,0.0,0,0,0,1.0,club cycling team,club cycling team,команда велоклуба
Q20652655,3,0,3,0.0,3,3,0,5.67,amateur cycling team,amateur cycling team,любительская велокоманда
Q20653566,1,0,1,0.0,1,1,0,5.0,UCI Trade Team III,UCI Trade Team III,Groupe Sportif III
Q2069494,1,1,0,100.0,0,0,0,,,,
Q20719675,34,33,1,97.06,0,0,0,1.0,raion of the Soviet Union,raion of the Soviet Union,район СССР
Q20732405,1,0,1,0.0,0,0,0,1.0,volost of the Russian Empire,volost of the Russian Empire,волость Российской империи
Q207326,11,1,10,9.09,0,0,0,1.0,summit,Шың,вершина местности
Q207694,2,0,2,0.0,1,0,0,1.5,art museum,art museum,художественный музей
Q207842,1,1,0,100.0,0,0,0,,,,
Q207934,1,1,0,100.0,0,0,0,,,,
Q20820102,3,0,3,0.0,3,0,0,3.0,rideable miniature railway,rideable miniature railway,парковая железная дорога
Q2085381,6,5,1,83.33,0,0,0,1.0,publishing house,Баспа,издательство
Q20860083,1,0,1,0.0,0,0,0,1.0,educational facility,educational facility,учебное заведение
Q2087181,4,3,1,75.0,0,0,0,1.0,historic house museum,historic house museum,исторический дом-музей
Q2088357,2,1,1,50.0,1,1,0,5.0,musical ensemble,musical ensemble,музыкальный ансамбль
Q20901295,1,1,0,100.0,0,0,0,,,,
Q20926517,1,1,0,100.0,0,0,0,,,,
Q209333,1,0,1,0.0,0,0,0,1.0,oxbow lake,oxbow lake,старица
Q209465,1,0,1,0.0,0,0,0,1.0,campus,campus,кампус
Q2095,1,1,0,100.0,0,0,0,,,,
Q2097208,1,1,0,100.0,0,0,0,,,,
Q2101619,1,0,1,0.0,0,0,0,1.0,political slogan,political slogan,политический лозунг
Q210167,1,0,1,0.0,0,0,0,1.0,video game developer,video game developer,разработчик компьютерных игр
Q210272,3,1,2,33.33,1,1,1,30.0,cultural heritage,cultural heritage,культурное наследие
Q21077649,1,0,1,0.0,0,0,0,1.0,Asian Track Cycling Championships,Asian Track Cycling Championships,Чемпионат Азии по трековому велоспорту
Q211503,5,5,0,100.0,0,0,0,,,,
Q21152976,1,1,0,100.0,0,0,0,,,,
Q211748,39,33,6,84.62,3,0,0,1.5,oil field,oil field,нефтяное месторождение
Q2122214,1,1,0,100.0,0,0,0,,,,
Q2135465,1,1,0,100.0,0,0,0,,,,
Q2144320,1,1,0,100.0,0,0,0,,,,
Q2145163,1,0,1,0.0,0,0,0,1.0,trunk road,trunk road,магистральная дорога
Q21480300,1,0,1,0.0,1,0,0,2.0,mass shooting,mass shooting,массовый расстрел
Q21507948,629,99,530,15.74,320,4,0,1.92,former village,former village,бывшая деревня
Q2151621,1,1,0,100.0,0,0,0,,,,
Q215380,4,2,2,50.0,2,0,0,3.0,musical group,musical group,музыкальная группа
Q216107,1,1,0,100.0,0,0,0,,,,
Q216353,1,1,0,100.0,0,0,0,,,,
Q21644177,1,1,0,100.0,0,0,0,,,,
Q21653256,1,1,0,100.0,0,0,0,,,,
Q21663239,1,1,0,100.0,0,0,0,,,,
Q21686038,3,0,3,0.0,2,0,0,1.67,Cabinet of Kazakhstan,Cabinet of Kazakhstan,Cabinet of Kazakhstan
Q2175765,1,0,1,0.0,0,0,0,1.0,tram stop,tram stop,трамвайная остановка
Q2177064,1,1,0,100.0,0,0,0,,,,
Q21850178,1,0,1,0.0,0,0,0,1.0,sanctuary,sanctuary,sanctuary
Q218631,1,1,0,100.0,0,0,0,,,,
Q21980538,1,0,1,0.0,0,0,0,1.0,commercial organization,commercial organization,коммерческая организация
Q220505,5,1,4,20.0,2,1,0,3.5,film festival,Кинофестиваль,кинофестиваль
Q220659,1,1,0,100.0,0,0,0,,,,
Q2221906,2,0,2,0.0,1,0,0,1.5,geographic location,geographic location,географическое местоположение
Q22222786,1,1,0,100.0,0,0,0,,,,
Q2223653,1,0,1,0.0,1,1,0,6.0,terrorist attack,Террорлық акт,террористический акт
Q2230431,1,1,0,100.0,0,0,0,,,,
Q2231510,1,0,1,0.0,0,0,0,1.0,col,col,седловина
Q22333025,10,6,4,60.0,4,3,3,11.0,Kazakhstani legislative election,Kazakhstani legislative election,Kazakhstani legislative election
Q223371,1,0,1,0.0,1,0,0,2.0,stock market index,Қор индексі,фондовый индекс
Q223393,1,1,0,100.0,0,0,0,,,,
Q2244884,1,0,1,0.0,1,0,0,3.0,Dnestr radar,Dnestr radar,Днестр
Q22667,3,1,2,33.33,2,1,0,3.5,railway,Темір жол,железная дорога
Q22674925,71,31,40,43.66,21,1,0,1.9,former settlement,former settlement,бывший населённый пункт
Q22676729,1,1,0,100.0,0,0,0,,,,
Q22687,16,10,6,62.5,3,0,0,1.5,bank,Банк,банк
Q2269756,3,3,0,100.0,0,0,0,,,,
Q22698,18,11,7,61.11,1,0,0,1.29,park,park,парк
Q22706,1,1,0,100.0,0,0,0,,,,
Q22746,4,1,3,25.0,2,0,0,2.33,urban park,urban park,городской парк
Q22806,2,2,0,100.0,0,0,0,,,,
Q22808403,11,11,0,100.0,0,0,0,,,,
Q23036198,1,0,1,0.0,0,0,0,1.0,hostage-rescue mission,hostage-rescue mission,миссия по спасению заложников
Q23058156,2,2,0,100.0,0,0,0,,,,
Q2306612,1,0,1,0.0,1,1,0,6.0,national road cycling championship,national road cycling championship,Национальный чемпионат по шоссейному велоспорту
Q231002,1,1,0,100.0,0,0,0,,,,
Q2319498,12,4,8,33.33,2,0,0,1.62,architectural landmark,architectural landmark,памятник архитектуры
Q2321921,1,1,0,100.0,0,0,0,,,,
Q233324,2,1,1,50.0,1,0,0,2.0,seminary,семинария,семинария
Q2334719,1,1,0,100.0,0,0,0,,,,
Q233591,1,1,0,100.0,0,0,0,,,,
Q2338524,1,0,1,0.0,1,1,0,6.0,motorsport racing track,Автодром,автодром
Q23397,1669,572,1097,34.27,81,6,2,1.18,lake,көл,озеро
Q23442,79,23,56,29.11,4,3,1,1.45,island,Арал,остров
Q23492,1,1,0,100.0,0,0,0,,,,
Q23691,2,2,0,100.0,0,0,0,,,,
Q23726798,1,0,1,0.0,0,0,0,1.0,elite national cycling team,elite national cycling team,национальная сборная по велоспорту Элита
Q23790,7,6,1,85.71,0,0,0,1.0,natural monument,Табиғат ескерткіші,памятник природы
Q2383962,2,0,2,0.0,0,0,0,1.0,vicariate (Eastern Orthodoxy),vicariate (Eastern Orthodoxy),викариатство
Q2385804,23,18,5,78.26,1,0,0,1.2,educational institution,білім мекемесі,образовательное учреждение
Q23901137,1,0,1,0.0,1,1,0,8.0,national under-19 association football team,national under-19 association football team,national under-19 association football team
Q2390458,1,0,1,0.0,1,0,0,3.0,telephone numbering plan,Телефонды нөмірлеу жоспары,план нумерации
Q23905105,2,1,1,50.0,1,0,0,2.0,women's national association football team,women's national association football team,женская сборная страны по футболу
Q239582,2,1,1,50.0,0,0,0,1.0,symphony orchestra,Симфониялық оркестр,симфонический оркестр
Q23983664,2,1,1,50.0,1,0,0,2.0,demographics of country or region,demographics of country or region,демография по странам и регионам
Q2399523,1,1,0,100.0,0,0,0,,,,
Q2401749,1,1,0,100.0,0,0,0,,,,
Q2403977,8,2,6,25.0,6,0,0,2.0,prison labour camp,prison labour camp,исправительно-трудовой лагерь
Q2406205,1,0,1,0.0,1,0,0,2.0,shootout,shootout,перестрелка
Q24069004,8,4,4,50.0,4,3,2,8.75,Presidential elections in Kazakhstan,Presidential elections in Kazakhstan,выборы президента Казахстана
Q2412834,1,1,0,100.0,0,0,0,,,,
Q2416110,1,1,0,100.0,0,0,0,,,,
Q2416217,3,3,0,100.0,0,0,0,,,,
Q24255438,1,1,0,100.0,0,0,0,,,,
Q24258416,1,0,1,0.0,1,0,0,2.0,railway station settlement,railway station settlement,железнодорожная станция как населённый пункт
Q24354,30,27,3,90.0,2,0,0,2.67,theatre building,theatre building,здание театра
Q24398318,1,0,1,0.0,0,0,0,1.0,religious building,religious building,религиозное здание
Q2446662,1,1,0,100.0,0,0,0,,,,
Q245065,1,1,0,100.0,0,0,0,,,,
Q24529780,26,5,21,19.23,1,0,0,1.05,point,point,ландшпитц
Q24575110,1,0,1,0.0,0,0,0,1.0,start time,start time,дата начала
Q2466826,1,0,1,0.0,1,1,1,10.0,UCI Women's Team,UCI Women's Team,UCI Women's Team
Q2467461,1,1,0,100.0,0,0,0,,,,
Q24699794,1,1,0,100.0,0,0,0,,,,
Q2470540,2,1,1,50.0,0,0,0,1.0,chamber orchestra,chamber orchestra,камерный оркестр
Q2472587,3,3,0,100.0,0,0,0,,,,
Q2484195,3,3,0,100.0,0,0,0,,,,
Q2485448,13,4,9,30.77,6,1,0,2.22,sports governing body,sports governing body,спортивная федерация
Q24871403,1,0,1,0.0,1,1,1,12.0,bus accident,bus accident,автобусный инцидент
Q24906026,1,1,0,100.0,0,0,0,,,,
Q249556,3,1,2,33.33,2,0,0,3.0,railway company,railway company,железнодорожная компания
Q2495862,2,1,1,50.0,0,0,0,1.0,congress,съезд,съезд
Q2514025,19,16,3,84.21,0,0,0,1.0,posyolok,posyolok,посёлок
Q2515494,3,2,1,66.67,1,1,0,5.0,constitutional referendum,constitutional referendum,конституционный референдум
Q2516426,2,2,0,100.0,0,0,0,,,,
Q251777,1,0,1,0.0,1,0,0,2.0,custom,Әдет-ғұрыптар,обычай
Q2519340,2,1,1,50.0,1,0,0,2.0,administrative building,administrative building,административное здание
Q25295,1,1,0,100.0,0,0,0,,,,
Q25297630,1,0,1,0.0,0,0,0,1.0,international bridge,international bridge,трансграничный мост
Q25380035,3,1,2,33.33,1,1,1,20.0,ethnic community,Этникалық Қауымдастық,этническая общность
Q25391,1,1,0,100.0,0,0,0,,,,
Q2551525,1,0,1,0.0,1,0,0,3.0,water reservoir,water reservoir,водный резервуар
Q25550691,1,1,0,100.0,0,0,0,,,,
Q25550763,1,0,1,0.0,0,0,0,1.0,visual arts of an area,visual arts of an area,изобразительное искусство территории
Q25619,1,0,1,0.0,1,0,0,3.0,Daryal radar,Daryal radar,Дарьял
Q256324,1,0,1,0.0,1,0,0,2.0,industrial railway,industrial railway,Предприятие промышленного железнодорожного транспорта
Q25676476,1,0,1,0.0,0,0,0,1.0,Persian language in an area,Persian language in an area,персидский язык на территории
Q25679497,1,0,1,0.0,1,0,0,2.0,art of an area,art of an area,искусство территории
Q2570643,1,1,0,100.0,0,0,0,,,,
Q2593777,10,10,0,100.0,0,0,0,,,,
Q261604,1,0,1,0.0,1,0,0,3.0,oil-fired power station,oil-fired power station,электростанция на нефтепродуктах
Q2618174,1,1,0,100.0,0,0,0,,,,
Q2618461,10,1,9,10.0,3,0,0,1.56,legislative election,legislative election,выборы в законодательный орган
Q2620826,1,0,1,0.0,0,0,0,1.0,declaration,Мағлұмдама,декларация
Q26213387,17,15,2,88.24,1,0,0,1.5,Olympic delegation,Olympic delegation,страна на Олимпийских играх
Q2624046,1,1,0,100.0,0,0,0,,,,
Q2628882,1,0,1,0.0,1,0,0,2.0,legal status,legal status,правовой статус
Q2643128,177,177,0,100.0,0,0,0,,,,
Q265662,2,2,0,100.0,0,0,0,,,,
Q2659904,2,2,0,100.0,0,0,0,,,,
Q2674774,1,1,0,100.0,0,0,0,,,,
Q268592,1,1,0,100.0,0,0,0,,,,
Q26884324,2,0,2,0.0,1,0,0,1.5,Wikimedia outline article,Wikimedia outline article,обзорная статья Викимедиа
Q26887310,118,0,118,0.0,15,0,0,1.13,association football team season,association football team season,сезон футбольной команды
Q26887428,3,0,3,0.0,2,0,0,2.0,nation at competition,nation at competition,страна на соревновании
Q2693624,14,14,0,100.0,0,0,0,,,,
Q26958726,1,0,1,0.0,1,0,0,2.0,geological museum,geological museum,геологический музей
Q269949,2,1,1,50.0,1,0,0,2.0,highway,автомобиль жолы,автомобильная дорога
Q27002,1,0,1,0.0,0,0,0,1.0,selsoviet,selsoviet,сельсовет в СССР
Q27020041,265,115,150,43.4,110,36,12,3.99,sports season,sports season,розыгрыш спортивного турнира
Q27020779,2,0,2,0.0,0,0,0,1.0,ice hockey team season,ice hockey team season,хоккейный сезон
Q27028153,2,0,2,0.0,0,0,0,1.0,tram depot,tram depot,трамвайное депо
Q27032363,1,1,0,100.0,0,0,0,,,,
Q27062006,2,2,0,100.0,0,0,0,,,,
Q27067659,2,1,1,50.0,1,0,0,2.0,former river,former river,бывшая река
Q270791,3,2,1,66.67,0,0,0,1.0,state-owned enterprise,Мемлекеттік Кәсіпорын,государственное предприятие
Q272231,2,1,1,50.0,0,0,0,1.0,arboretum,екпетоғай,дендрарий
Q273120,2,2,0,100.0,0,0,0,,,,
Q2739132,1,0,1,0.0,1,1,0,6.0,World Allround Speed Skating Championships for Men,World Allround Speed Skating Championships for Men,Чемпионат мира по конькобежному спорту в классическом многоборье — мужчины
Q274153,2,1,1,50.0,0,0,0,1.0,water tower,Су айдауыш мұнара,водонапорная башня
Q2748296,1,1,0,100.0,0,0,0,,,,
Q27517483,2,2,0,100.0,0,0,0,,,,
Q27566398,1,0,1,0.0,0,0,0,1.0,Russian language in an area,Russian language in an area,русский язык на территории
Q27686,8,3,5,37.5,1,0,0,1.2,hotel,Қонақ Үй,гостиница
Q2772772,1,0,1,0.0,0,0,0,1.0,military museum,military museum,военный музей
Q28043022,2,1,1,50.0,0,0,0,1.0,proposed rail infrastructure,proposed rail infrastructure,перспективная железнодорожная инфраструктура
Q28108,1,1,0,100.0,0,0,0,,,,
Q28140340,2,1,1,50.0,1,0,0,3.0,women's association football team,women's association football team,женская футбольная команда
Q28640,1,0,1,0.0,1,0,0,3.0,profession,мамандық,профессия
Q28653,1,0,1,0.0,1,1,1,30.0,mendicant order,mendicant order,нищенствующий орден
Q286576,1,1,0,100.0,0,0,0,,,,
Q28747937,1,1,0,100.0,0,0,0,,,,
Q28777651,1,1,0,100.0,0,0,0,,,,
Q2887554,4,4,0,100.0,0,0,0,,,,
Q2888028,1,0,1,0.0,1,1,1,30.0,First Order of Saint Francis,First Order of Saint Francis,First Order of Saint Francis
Q2912397,3,0,3,0.0,1,1,1,4.0,single-day road race,single-day road race,однодневная велогонка
Q29224491,1,1,0,100.0,0,0,0,,,,
Q2923911,1,1,0,100.0,0,0,0,,,,
Q29292775,1,0,1,0.0,1,0,0,2.0,national badminton team,national badminton team,сборная по бадминтону
Q2935978,2,2,0,100.0,0,0,0,,,,
Q294414,5,2,3,40.0,1,0,0,1.33,public office,мемлекеттік лауазым,государственная должность
Q294422,1,0,1,0.0,0,0,0,1.0,public building,public building,общественное здание
Q2944640,2,0,2,0.0,0,0,0,1.0,gas-fired power station,gas-fired power station,газовая электростанция
Q2949123,2,0,2,0.0,2,1,0,4.5,Asian Championship,Азия чемпионаты,Чемпионат Азии
Q295469,1,0,1,0.0,1,1,0,6.0,ecoregion,ecoregion,экологический регион
Q29553,1,0,1,0.0,1,0,0,3.0,sanctuary,sanctuary,санктуарий
Q29592127,1,0,1,0.0,0,0,0,1.0,badminton association,badminton association,badminton association
Q2966838,1,0,1,0.0,1,1,1,11.0,chronolect,chronolect,хронолект
Q2974842,1,1,0,100.0,0,0,0,,,,
Q2977,4,1,3,25.0,3,2,1,6.67,cathedral,cathedral,кафедральный собор
Q29791211,5,0,5,0.0,1,1,1,3.4,sport in a geographic region,sport in a geographic region,спорт в географическом регионе
Q2983893,20,19,1,95.0,1,0,0,2.0,quarter,quarter,квартал
Q2989457,9,9,0,100.0,0,0,0,,,,
Q2990216,2,1,1,50.0,1,1,0,6.0,mining company,mining company,горное предприятие
Q2990946,1,0,1,0.0,1,0,0,2.0,golf tournament,golf tournament,турнир по гольфу
Q2990963,4,2,2,50.0,2,0,0,2.5,figure skating competition,figure skating competition,соревнование по фигурному катанию
Q29925,14,0,14,0.0,0,0,0,1.0,salt marsh,salt marsh,солёные марши
Q2997316,1,0,1,0.0,0,0,0,1.0,sopka,Шоқы,сопка
Q30014735,4,0,4,0.0,0,0,0,1.0,bus-based transport system,bus-based transport system,автобусная система
Q3002150,1,1,0,100.0,0,0,0,,,,
Q3002772,1,0,1,0.0,1,0,0,3.0,political crisis,political crisis,политический кризис
Q30178840,2,0,2,0.0,0,0,0,1.0,SCO summit,SCO summit,Саммит ШОС
Q30198,39,1,38,2.56,1,0,0,1.05,marsh,батпақ,болото
Q3024240,1,1,0,100.0,0,0,0,,,,
Q303874,1,0,1,0.0,0,0,0,1.0,ab anbar,Сардоба,сардоба
Q3062125,1,0,1,0.0,0,0,0,1.0,agricultural holding,agricultural holding,сельскохозяйственный бизнес
Q30634609,1,1,0,100.0,0,0,0,,,,
Q3146899,2,0,2,0.0,2,2,2,14.0,diocese of the Catholic Church,diocese of the Catholic Church,католическая епархия
Q31629,1,1,0,100.0,0,0,0,,,,
Q3176665,1,1,0,100.0,0,0,0,,,,
Q31855,20,16,4,80.0,0,0,0,1.0,research institute,ғылыми-зерттеу институты,научно-исследовательский институт
Q3193890,1,0,1,0.0,0,0,0,1.0,environmental disaster,Экологиялық Апат аймақтары,экологическая катастрофа
Q3199915,1,1,0,100.0,0,0,0,,,,
Q32099,10,0,10,0.0,10,10,10,18.0,meridian,меридиан,меридиан
Q3215290,1,1,0,100.0,0,0,0,,,,
Q3240715,3,1,2,33.33,1,1,0,4.0,crater,crater,кратер
Q3241045,3,2,1,66.67,1,1,1,28.0,disease outbreak,disease outbreak,вспышка эпидемии
Q3253281,2,2,0,100.0,0,0,0,,,,
Q3257686,3,2,1,66.67,1,0,0,3.0,locality,locality,обжитая местность
Q3270632,3,0,3,0.0,0,0,0,1.0,national championship,national championship,национальный чемпионат
Q327333,10,10,0,100.0,0,0,0,,,,
Q3273417,3,0,3,0.0,1,0,0,1.33,lists of sportspeople,lists of sportspeople,список спортсменов
Q32766,1,1,0,100.0,0,0,0,,,,
Q32815,51,39,12,76.47,3,1,0,1.92,mosque,мешіт,мечеть
Q32966,1,1,0,100.0,0,0,0,,,,
Q3302125,1,1,0,100.0,0,0,0,,,,
Q33060692,6,0,6,0.0,6,0,0,2.0,Kazakhstan International Badminton Championships,Kazakhstan International Badminton Championships,Kazakhstan International Badminton Championships
Q3320743,10,8,2,80.0,1,1,0,4.5,title of honor,құрметті атақ,почётное звание
Q3329412,4,4,0,100.0,0,0,0,,,,
Q33384,2,0,2,0.0,2,1,0,4.5,dialect,диалект,диалект
Q334383,1,0,1,0.0,1,1,0,6.0,abbey church,abbey church,монастырский храм
Q33506,49,37,12,75.51,4,2,0,2.17,museum,мұражай,музей
Q3352470,1,1,0,100.0,0,0,0,,,,
Q337060,1,1,0,100.0,0,0,0,,,,
Q33742,11,10,1,90.91,1,1,1,11.0,natural language,natural language,естественный язык
Q33829,1,1,0,100.0,0,0,0,,,,
Q338313,1,1,0,100.0,0,0,0,,,,
Q34023,1,0,1,0.0,0,0,0,1.0,tumulus,tumulus,тумулус
Q34038,6,2,4,33.33,3,0,0,1.75,waterfall,Сарқырама,водопад
Q34262807,2,2,0,100.0,0,0,0,,,,
Q34379419,186,82,104,44.09,2,1,0,1.07,sand area,sand area,песчаный массив
Q34439356,1,0,1,0.0,0,0,0,1.0,hurricane,hurricane,ураган
Q34442,135,14,121,10.37,34,18,13,3.07,road,автомобиль жолы,дорога
Q34548322,1,1,0,100.0,0,0,0,,,,
Q34627,1,0,1,0.0,1,0,0,2.0,synagogue,Синагога,синагога
Q34763,15,12,3,80.0,1,1,1,7.33,peninsula,түбек,полуостров
Q34770,4,2,2,50.0,1,1,1,25.5,language,тіл,язык
Q3480697,1,0,1,0.0,0,0,0,1.0,sill,sill,sill
Q349,1,0,1,0.0,1,1,0,9.0,sport,спорт,спорт
Q3497768,2,2,0,100.0,0,0,0,,,,
Q3498533,1,0,1,0.0,1,0,0,2.0,natural gas-fired power station,natural gas-fired power station,natural gas-fired power station
Q3502482,3,3,0,100.0,0,0,0,,,,
Q350604,1,0,1,0.0,0,0,0,1.0,armed conflict,қарулы қақтығыс,вооружённый конфликт
Q350895,2,2,0,100.0,0,0,0,,,,
Q350929,1,0,1,0.0,1,1,1,12.0,vehicle fire,vehicle fire,возгорание транспортного средства
Q35112127,16,3,13,18.75,7,0,0,1.85,historic building,historic building,историческое здание
Q35127,4,2,2,50.0,0,0,0,1.0,website,Сайт,сайт
Q351764,1,0,1,0.0,1,0,0,2.0,e-commerce payment system,e-commerce payment system,электронная платёжная система
Q35509,12,11,1,91.67,0,0,0,1.0,cave,үңгір,пещера
Q355304,4,3,1,75.0,0,0,0,1.0,watercourse,Су ағыны,водоток
Q35535,1,0,1,0.0,1,1,0,5.0,police,Полиция,полиция
Q3558349,1,0,1,0.0,0,0,0,1.0,presidency,presidency,президентство
Q3565868,2,0,2,0.0,2,0,0,3.0,rail transport,темір жол көлігі,железнодорожный транспорт
Q35666,47,37,10,78.72,2,1,1,2.4,glacier,мұздық,ледник
Q3575260,1,1,0,100.0,0,0,0,,,,
Q35798,2,1,1,50.0,1,1,0,5.0,executive branch,атқарушы билік,исполнительная власть
Q358,2,2,0,100.0,0,0,0,,,,
Q358078,3,0,3,0.0,2,2,2,25.67,road network,road network,дорожная сеть
Q35823051,10,0,10,0.0,7,4,0,3.5,nation at the World Athletics Championships,nation at the World Athletics Championships,страны на чемпионате мира по лёгкой атлетике
Q3612735,3,0,3,0.0,3,0,0,2.33,Almaty Cup,Almaty Cup,Almaty Cup
Q3622002,1,1,0,100.0,0,0,0,,,,
Q3624078,1,1,0,100.0,0,0,0,,,,
Q362482,1,1,0,100.0,0,0,0,,,,
Q3664326,1,0,1,0.0,0,0,0,1.0,Pirate Party,Pirate Party,пиратская партия
Q3695082,1,1,0,100.0,0,0,0,,,,
Q369730,1,1,0,100.0,0,0,0,,,,
Q3699460,2,1,1,50.0,0,0,0,1.0,defile,defile,defile
Q37002670,2,2,0,100.0,0,0,0,,,,
Q372690,2,0,2,0.0,0,0,0,1.0,consulate general,consulate general,генеральное консульство
Q373609,4,4,0,100.0,0,0,0,,,,
Q3742928,1,1,0,100.0,0,0,0,,,,
Q375336,2,2,0,100.0,0,0,0,,,,
Q375928,1,1,0,100.0,0,0,0,,,,
Q376799,1,1,0,100.0,0,0,0,,,,
Q376935,1,1,0,100.0,0,0,0,,,,
Q37726,1,1,0,100.0,0,0,0,,,,
Q37736399,1,1,0,100.0,0,0,0,,,,
Q37901,4,1,3,25.0,3,0,0,2.33,strait,бұғаз,пролив
Q3839081,3,0,3,0.0,2,2,1,11.33,disaster,апат,катастрофа
Q386636,1,0,1,0.0,0,0,0,1.0,ultras,ультрас,ультрас
Q38723,5,5,0,100.0,0,0,0,,,,
Q3874020,2,0,2,0.0,0,0,0,1.0,national youth sports team,national youth sports team,молодёжная сборная
Q388602,1,0,1,0.0,0,0,0,1.0,electoral alliance,electoral alliance,избирательный альянс
Q3887,5,0,5,0.0,4,4,4,9.6,solar eclipse,solar eclipse,солнечное затмение
Q3889692,1,1,0,100.0,0,0,0,,,,
Q3910963,11,0,11,0.0,11,2,0,3.27,President's Cup,President's Cup,Кубок президента Казахстана по теннису
Q3914,9,0,9,0.0,4,0,0,1.67,school,мектеп,школа
Q391414,1,1,0,100.0,0,0,0,,,,
Q3917681,21,1,20,4.76,11,0,0,2.0,embassy,елшілік,посольство
Q3918,61,53,8,86.89,3,0,0,1.38,university,университет,университет
Q3947,1,0,1,0.0,0,0,0,1.0,house,үй,дом
Q3957,5,4,1,80.0,1,0,0,4.0,town,қалашық,городок
Q39594,28,19,9,67.86,2,1,1,2.33,bay,шығанақ,залив
Q39614,11,10,1,90.91,1,0,0,2.0,cemetery,зират,кладбище
Q39715,2,2,0,100.0,0,0,0,,,,
Q39816,24,10,14,41.67,3,2,1,2.07,valley,аңғар,долина
Q3982337,4,1,3,25.0,0,0,0,1.0,puppetry company,puppetry company,театр кукол
Q39825,3,3,0,100.0,0,0,0,,,,
Q399495,1,1,0,100.0,0,0,0,,,,
Q4,1,1,0,100.0,0,0,0,,,,
Q40050,1,1,0,100.0,0,0,0,,,,
Q4022,2254,705,1549,31.28,40,5,1,1.05,river,өзен,река
Q40231,15,1,14,6.67,2,1,0,1.36,public election,сайлау,выборы
Q40244,2,1,1,50.0,1,0,0,2.0,marathon,Марафон,марафон
Q40357,1,0,1,0.0,0,0,0,1.0,prison,Абақты,тюрьма
Q405155,1,0,1,0.0,1,1,1,11.0,trade route,trade route,торговый путь
Q4087929,2,0,2,0.0,0,0,0,1.0,deanery,deanery,благочиние
Q4114178,3,3,0,100.0,0,0,0,,,,
Q41176,58,16,42,27.59,9,0,0,1.36,building,building,здание
Q4121104,1,1,0,100.0,0,0,0,,,,
Q41253,12,2,10,16.67,3,1,0,1.6,movie theater,Кинотеатр,кинотеатр
Q41298,6,5,1,83.33,0,0,0,1.0,magazine,журнал,журнал
Q4138169,1,1,0,100.0,0,0,0,,,,
Q414147,1,1,0,100.0,0,0,0,,,,
Q4144557,4,2,2,50.0,0,0,0,1.0,mining and processing plant,mining and processing plant,горно-обогатительный комбинат
Q4164871,16,9,7,56.25,3,0,0,1.71,position,лауазым,должность
Q4167836,1,0,1,0.0,0,0,0,1.0,Wikimedia category,Уикимедиа санаты,категория в проекте Викимедиа
Q41710,31,25,6,80.65,5,4,1,5.5,ethnic group,этникалық топ,этническая группа
Q4171307,1,1,0,100.0,0,0,0,,,,
Q42032,1,1,0,100.0,0,0,0,,,,
Q4208088,1,1,0,100.0,0,0,0,,,,
Q4208097,1,1,0,100.0,0,0,0,,,,
Q420962,1,0,1,0.0,1,0,0,2.0,heritage railway,heritage railway,историческая железная дорога
Q4216603,1,0,1,0.0,0,0,0,1.0,cascade,cascade,каскад ГЭС
Q42195,11,8,3,72.73,0,0,0,1.0,petroglyph,Петроглиф,петроглиф
Q4223017,1,1,0,100.0,0,0,0,,,,
Q422695,1,0,1,0.0,0,0,0,1.0,awareness day,awareness day,памятная дата
Q422710,1,1,0,100.0,0,0,0,,,,
Q423208,2,1,1,50.0,1,0,0,2.0,private school,private school,частная школа
Q42421242,1,1,0,100.0,0,0,0,,,,
Q4271324,1,1,0,100.0,0,0,0,,,,
Q4283953,1,1,0,100.0,0,0,0,,,,
Q4286337,1,1,0,100.0,0,0,0,,,,
Q4291415,3,3,0,100.0,0,0,0,,,,
Q4296769,1,0,1,0.0,1,1,0,5.0,metropolitan district,metropolitan district,митрополичий округ
Q42998,3,2,1,66.67,1,0,0,2.0,orchestra,оркестр,оркестр
Q4306036,1,1,0,100.0,0,0,0,,,,
Q43109,2,1,1,50.0,1,1,0,5.0,referendum,референдум,референдум
Q4318087,2,0,2,0.0,0,0,0,1.0,oil and gas bearing oblast,oil and gas bearing oblast,нефтегазоносная область
Q43229,29,21,8,72.41,3,2,2,6.0,organization,ұйым,организация
Q4329294,1,1,0,100.0,0,0,0,,,,
Q4330260,1,1,0,100.0,0,0,0,,,,
Q4338251,1,0,1,0.0,1,1,0,7.0,MVD special camp,MVD special camp,Особые лагеря
Q43483,5,4,1,80.0,0,0,0,1.0,water well,құдық,колодец
Q43501,3,3,0,100.0,0,0,0,,,,
Q4351849,1,1,0,100.0,0,0,0,,,,
Q4366834,12,9,3,75.0,3,0,0,2.33,transboundary river,Шекаралық өзендер,трансграничная река
Q4375507,2,2,0,100.0,0,0,0,,,,
Q4414032,2327,2317,10,99.57,1,0,0,1.1,rural district of Kazakhstan,Ауылдық округі,сельский округ
Q4421,12,4,8,33.33,0,0,0,1.0,forest,орман,лес
Q4421924,1,0,1,0.0,1,1,1,40.0,orogenic belt,orogenic belt,складчатый пояс
Q4433740,1,0,1,0.0,1,1,1,10.0,women's national basketball team,women's national basketball team,Список женских национальных сборных по баскетболу
Q4438121,4,1,3,25.0,1,0,0,1.33,sports organization,sports organization,спортивная организация
Q4443227,4,3,1,75.0,0,0,0,1.0,Stone Age site,Stone Age site,стоянка
Q44497,1,1,0,100.0,0,0,0,,,,
Q44512,1,0,1,0.0,1,1,0,7.0,epidemic,эпидемия,эпидемия
Q44539,1,1,0,100.0,0,0,0,,,,
Q446013,1,0,1,0.0,0,0,0,1.0,pumping station,Сорғы станциясы,насосная станция
Q44613,7,0,7,0.0,2,0,0,1.43,monastery,Монастырь,монастырь
Q4476438,59,57,2,96.61,0,0,0,1.0,former district of Kazakhstan,Қазақстанның таратылған аудандары,упразднённые районы Казахстана
Q44782,1,1,0,100.0,0,0,0,,,,
Q4493701,1,1,0,100.0,0,0,0,,,,
Q4498974,25,10,15,40.0,10,6,1,4.27,ice hockey team,ice hockey team,хоккейная команда
Q4508,1,1,0,100.0,0,0,0,,,,
Q4530848,1,1,0,100.0,0,0,0,,,,
Q4533081,1,1,0,100.0,0,0,0,,,,
Q4539,1,0,1,0.0,0,0,0,1.0,cooperative,Кооператив,кооператив
Q45400320,2,2,0,100.0,0,0,0,,,,
Q45762,1,0,1,0.0,1,1,0,7.0,dead language,өлі тілдер,мёртвый язык
Q45791,1,1,0,100.0,0,0,0,,,,
Q46124,5,4,1,80.0,0,0,0,1.0,sanatorium,Шипажай,санаторий
Q46135307,71,1,70,1.41,40,9,0,2.5,nation at sport competition,nation at sport competition,страна на спортивном соревновании
Q46169,14,12,2,85.71,2,1,0,5.0,national park,Ұлттық парк,национальный парк
Q46190676,2,0,2,0.0,2,2,0,5.0,tennis event,tennis event,теннисное мероприятие
Q46195901,15,1,14,6.67,14,9,0,5.21,Paralympics delegation,Paralympics delegation,страна на Паралимпийских играх
Q46351685,6,0,6,0.0,2,0,0,1.33,national basketball team,national basketball team,сборная по баскетболу
Q464780,1,1,0,100.0,0,0,0,,,,
Q465299,1,1,0,100.0,0,0,0,,,,
Q4654165,8,0,8,0.0,0,0,0,1.0,Category:Wikipedia meetups,Category:Wikipedia meetups,Категория:Википедия:Викивстречи
Q46622,5,1,4,20.0,4,4,1,8.5,controlled-access highway,Автомагистраль,автомагистраль
Q4671277,4,1,3,25.0,1,0,0,1.33,academic institution,академиялық оқу орны,академическое учебное заведение
Q46831,331,97,234,29.31,23,3,0,1.15,mountain range,Таулы үстірт,горный хребет
Q46865913,1,1,0,100.0,0,0,0,,,,
Q46970,55,11,44,20.0,23,10,0,2.86,airline,Әуе компания,авиакомпания
Q46997958,1,1,0,100.0,0,0,0,,,,
Q47041,1,1,0,100.0,0,0,0,,,,
Q47345468,19,0,19,0.0,19,6,4,5.05,tennis tournament edition,tennis tournament edition,розыгрыш теннисного турнира
Q473972,34,31,3,91.18,3,1,0,4.33,protected area,protected area,природоохранная зона
Q47403752,3,0,3,0.0,3,1,1,5.33,tennis tournament edition by gender,tennis tournament edition by gender,tennis tournament edition by gender
Q47443726,8,0,8,0.0,4,3,2,4.75,recurring tennis tournament,recurring tennis tournament,recurring tennis tournament
Q47460286,1,0,1,0.0,1,1,0,8.0,national beach soccer team,national beach soccer team,сборная страны по пляжному футболу
Q47461344,1,1,0,100.0,0,0,0,,,,
Q47486890,6,3,3,50.0,1,1,1,9.33,former lake,former lake,бывшее озеро
Q47505416,1,1,0,100.0,0,0,0,,,,
Q47521,4,2,2,50.0,0,0,0,1.0,stream,stream,ручей
Q476028,77,68,9,88.31,2,1,1,2.44,association football club,футбол клубы,футбольный клуб
Q477544,1,1,0,100.0,0,0,0,,,,
Q47913,1,1,0,100.0,0,0,0,,,,
Q48004378,1,0,1,0.0,0,0,0,1.0,esport competition,esport competition,киберспортивное соревнование
Q480242,1,1,0,100.0,0,0,0,,,,
Q480260,1,0,1,0.0,0,0,0,1.0,local coat of arms,local coat of arms,герб муниципалитета
Q4806618,1,0,1,0.0,1,0,0,4.0,Asian Cycling Championships,Тас жол веложарыстарынан Азия чемпионаты,Чемпионат Азии по велоспорту
Q481289,2,1,1,50.0,0,0,0,1.0,official residence,резиденция,официальная резиденция
Q48204,4,1,3,25.0,1,0,0,1.33,voluntary association,Клуб,добровольная ассоциация
Q4830453,54,36,18,66.67,9,2,0,1.94,business,кәсіпорын,бизнес
Q483110,27,21,6,77.78,4,1,1,3.83,stadium,стадион,стадион
Q48356,2,1,1,50.0,0,0,0,1.0,minaret,minaret,минарет
Q484652,2,2,0,100.0,0,0,0,,,,
Q485027,1,1,0,100.0,0,0,0,,,,
Q4867756,6,0,6,0.0,2,0,0,2.0,basketball tournament,basketball tournament,баскетбольный турнир
Q486972,2035,1861,174,91.45,50,1,0,1.51,human settlement,елді мекен,населённый пункт
Q489209,2,0,2,0.0,2,2,0,5.0,joint venture,Бірлескен кәсіпорын,совместное предприятие
Q492425,1,0,1,0.0,0,0,0,1.0,container terminal,container terminal,контейнерный терминал
Q4944646,1,0,1,0.0,0,0,0,1.0,Border outpost,Border outpost,Пограничная застава
Q4946461,1,1,0,100.0,0,0,0,,,,
Q494829,4,1,3,25.0,1,0,0,1.33,bus station,автовокзал,автостанция
Q495430,1,1,0,100.0,0,0,0,,,,
Q49773,2,1,1,50.0,1,0,0,2.0,social movement,Қоғамдық қозғалыс,общественное движение
Q498002,2,0,2,0.0,2,0,0,2.5,aerial tramway,aerial tramway,воздушный трамвай
Q4989906,46,21,25,45.65,8,0,0,1.44,monument,Ескерткіш,памятник
Q5,6,6,0,100.0,0,0,0,,,,
Q5003624,4,2,2,50.0,0,0,0,1.0,memorial,memorial,мемориал
Q50061750,1,0,1,0.0,0,0,0,1.0,Asian Road Cycling Championships - Women RR,Asian Road Cycling Championships - Women RR,Чемпионат Азии по шоссейному велоспорту - групповая гонка (женщины)
Q50062728,1,0,1,0.0,0,0,0,1.0,Asian Road Cycling Championships - Women ITT,Asian Road Cycling Championships - Women ITT,Чемпионат Азии по шоссейному велоспорту - индивидуальная гонка (женщины)
Q502102,1,1,0,100.0,0,0,0,,,,
Q5061188,2,1,1,50.0,1,0,0,2.0,house of culture,house of culture,дом культуры
Q507619,1,0,1,0.0,1,0,0,2.0,retail chain,retail chain,сеть магазинов
Q5084,2,2,0,100.0,0,0,0,,,,
Q51031626,14,4,10,28.57,10,10,1,7.6,sport competition at a multi-sport event,sport competition at a multi-sport event,вид спорта на мультиспортивных соревнованиях
Q51481377,5,2,3,40.0,2,0,0,2.33,women's association football club,women's association football club,женский футбольный клуб
Q515,45,44,1,97.78,1,0,0,3.0,city,қала,город
Q518261,1,1,0,100.0,0,0,0,,,,
Q51929311,1,1,0,100.0,0,0,0,,,,
Q519608,1,0,1,0.0,1,0,0,2.0,classification yard,classification yard,сортировочная станция
Q52103661,3,2,1,66.67,1,1,1,20.0,former island,former island,бывший остров
Q52110228,1,1,0,100.0,0,0,0,,,,
Q5225895,1,0,1,0.0,1,1,0,7.0,public limited company,public limited company,public limited company
Q5257307,1,0,1,0.0,1,0,0,2.0,prize,Ұтыс,премия
Q5292,1,1,0,100.0,0,0,0,,,,
Q53060,3,2,1,66.67,0,0,0,1.0,gate,Қақпа,ворота
Q53062420,2,1,1,50.0,1,0,0,2.0,nation in the Junior Eurovision Song Contest,nation in the Junior Eurovision Song Contest,страна на детском конкурсе Евровидение
Q532,5,2,3,40.0,2,0,0,2.0,village,ауыл,село
Q5341295,1,1,0,100.0,0,0,0,,,,
Q53534649,26,0,26,0.0,18,9,0,3.46,cycling team season,cycling team season,сезон велокоманды
Q537127,2,1,1,50.0,0,0,0,1.0,road bridge,road bridge,автомобильный мост
Q53732481,3,2,1,66.67,1,1,1,10.0,nuclear test site,nuclear test site,nuclear test site
Q54047178,1,1,0,100.0,0,0,0,,,,
Q54050,356,4,352,1.12,0,0,0,1.0,hill,төбе,холм
Q54074585,1,1,0,100.0,0,0,0,,,,
Q54114,2,1,1,50.0,0,0,0,1.0,boulevard,Бульвар,бульвар
Q549276,1,1,0,100.0,0,0,0,,,,
Q5503,1,1,0,100.0,0,0,0,,,,
Q55043,1,1,0,100.0,0,0,0,,,,
Q55075651,11,7,4,63.64,0,0,0,1.0,upland,Қырат,возвышенность
Q55135234,1,0,1,0.0,1,0,0,4.0,zone,zone,zone
Q55190120,2,2,0,100.0,0,0,0,,,,
Q55379753,1,0,1,0.0,1,0,0,4.0,handball federation,handball federation,гандбольная федерация
Q55392224,1,1,0,100.0,0,0,0,,,,
Q55465414,1,0,1,0.0,0,0,0,1.0,lake channel,lake channel,lake channel
Q55470128,7,0,7,0.0,0,0,0,1.0,intermittent oxbow lake,intermittent oxbow lake,intermittent oxbow lake
Q55470156,39,2,37,5.13,3,0,0,1.16,intermittent salt lake,intermittent salt lake,сезонное солёное озеро
Q55488,173,50,123,28.9,9,1,0,1.12,railway station,темір жол стансасы,железнодорожная станция
Q55493,5,1,4,20.0,0,0,0,1.0,goods station,goods station,грузовая железнодорожная станция
Q5558483,2,2,0,100.0,0,0,0,,,,
Q55659167,8,1,7,12.5,0,0,0,1.0,natural watercourse,natural watercourse,естественный водоток
Q55678,2,0,2,0.0,0,0,0,1.0,railway stop,railway stop,остановочный пункт на железной дороге
Q55818,2,1,1,50.0,1,1,0,8.0,impact crater,Метеориттік кратер,ударный кратер
Q55958305,1,1,0,100.0,0,0,0,,,,
Q56061,14,12,2,85.71,1,0,0,1.5,administrative territorial entity,әкімшілік-аумақтық бөлініс,административно-территориальная единица
Q56190453,4,4,0,100.0,0,0,0,,,,
Q56242215,1,0,1,0.0,1,0,0,3.0,Catholic cathedral,Catholic cathedral,католический собор
Q56242225,8,4,4,50.0,3,1,0,3.5,Eastern Orthodox cathedral,Eastern Orthodox cathedral,кафедральный православный собор
Q56257551,1,0,1,0.0,1,0,0,2.0,sea terminal,marine terminal,морской терминал
Q56312706,1,0,1,0.0,1,0,0,2.0,recreation park,recreation park,парк культуры и отдыха
Q56377753,1,1,0,100.0,0,0,0,,,,
Q56490294,1,0,1,0.0,1,0,0,3.0,bench with statue,bench with statue,скамейка с памятником
Q56507866,1,1,0,100.0,0,0,0,,,,
Q56610307,1,0,1,0.0,0,0,0,1.0,rally raid race,rally raid race,rally raid race
Q5681048,1,0,1,0.0,1,1,1,15.0,partial solar eclipse,partial solar eclipse,частное солнечное затмение
Q5691927,1,0,1,0.0,1,1,1,11.0,annular solar eclipse,annular solar eclipse,кольцеобразное солнечное затмение
Q57208171,1,1,0,100.0,0,0,0,,,,
Q57237852,46,7,39,15.22,1,0,0,1.03,dry stream bed,dry stream bed,dry stream bed
Q57305,1,1,0,100.0,0,0,0,,,,
Q573344,1,1,0,100.0,0,0,0,,,,
Q5737,13,9,4,69.23,0,0,0,1.0,burial mound,Қорған,курган
Q575759,1,1,0,100.0,0,0,0,,,,
Q57598,2,2,0,100.0,0,0,0,,,,
Q5770868,1,1,0,100.0,0,0,0,,,,
Q57821,3,2,1,66.67,0,0,0,1.0,fortification,fortification,фортификационное сооружение
Q57831,15,7,8,46.67,1,0,0,1.12,fortress,қамал,крепость
Q582577,1,0,1,0.0,0,0,0,1.0,economic policy,экономикалық саясат,экономическая политика
Q58840819,1,1,0,100.0,0,0,0,,,,
Q58841125,1,0,1,0.0,1,1,1,10.0,women's national rugby union team,women's national rugby union team,женская сборная страны по регби
Q58863414,1,1,0,100.0,0,0,0,,,,
Q588750,1,1,0,100.0,0,0,0,,,,
Q58973026,1,0,1,0.0,1,1,0,7.0,rugby union governing body,rugby union governing body,rugby union governing body
Q591942,5,1,4,20.0,0,0,0,1.0,distributary,distributary,рукав реки
Q5926864,9,3,6,33.33,1,1,0,2.0,group of lakes,group of lakes,группа озёр
Q59541917,1,0,1,0.0,1,1,1,25.0,Wikimedia topic category,Wikimedia topic category,тематическая категория Викимедиа
Q60046086,1,1,0,100.0,0,0,0,,,,
Q60176300,13,1,12,7.69,9,3,0,3.5,Eastern Orthodox eparchy,Eastern Orthodox eparchy,православная епархия
Q6017815,7,3,4,42.86,0,0,0,1.0,kishlak,Қыстау,кишлак
Q6017969,1,1,0,100.0,0,0,0,,,,
Q604177,1,1,0,100.0,0,0,0,,,,
Q604435,6,4,2,66.67,0,0,0,1.0,microdistrict,Ықшам аудан,микрорайон (пост)советский
Q60754876,2,0,2,0.0,2,0,0,2.0,grade of an order,grade of an order,степень ордена
Q6129871,2,2,0,100.0,0,0,0,,,,
Q6138323,2,0,2,0.0,0,0,0,1.0,railway workshop,railway workshop,вагоноремонтное предприятие
Q6138528,1,0,1,0.0,1,0,0,3.0,political coalition,political coalition,политическая коалиция
Q614289,1,0,1,0.0,0,0,0,1.0,Pennysaver,Pennysaver,Газеты бесплатных объявлений
Q61441268,2,1,1,50.0,1,1,0,6.0,professional holiday,professional holiday,профессиональный праздник
Q6154783,1,1,0,100.0,0,0,0,,,,
Q61702941,1,0,1,0.0,1,0,0,4.0,national rugby sevens team,national rugby sevens team,national rugby sevens team
Q618123,5,1,4,20.0,0,0,0,1.0,geographical feature,Географиялық нысан,географический объект
Q618779,11,10,1,90.91,0,0,0,1.0,award,award,награда
Q61883,2,1,1,50.0,0,0,0,1.0,air force,Әскери-Әуе Күштері,военно-воздушные силы
Q61974339,1,0,1,0.0,1,0,0,2.0,esports team,esports team,киберспортивная команда
Q61983760,1,0,1,0.0,1,0,0,4.0,women’s sports competition,women’s sports competition,women’s sports competition
Q620045,1,0,1,0.0,1,1,0,6.0,apostolic nunciature,apostolic nunciature,апостольская нунциатура
Q620615,1,1,0,100.0,0,0,0,,,,
Q623109,4,0,4,0.0,3,2,1,10.25,sports league,sports league,лига
Q62447,18,12,6,66.67,2,0,0,2.0,aerodrome,Аэродром,аэродром
Q6256,1,1,0,100.0,0,0,0,,,,
Q625994,1,0,1,0.0,1,0,0,2.0,convention,convention,собрание
Q6266,1,1,0,100.0,0,0,0,,,,
Q62832,2,0,2,0.0,0,0,0,1.0,observatory,обсерватория,обсерватория
Q631305,1,1,0,100.0,0,0,0,,,,
Q63349598,1,1,0,100.0,0,0,0,,,,
Q63364175,1,0,1,0.0,1,1,0,8.0,ice hockey federation,ice hockey federation,федерация хоккея
Q63416577,1,0,1,0.0,1,1,1,15.0,national volleyball team,national volleyball team,национальная сборная по волейболу
Q63418223,3,1,2,33.33,0,0,0,1.0,women’s national volleyball team,women’s national volleyball team,женская сборная страны по волейболу
Q637017,1,0,1,0.0,1,1,0,5.0,episcopal conference,episcopal conference,конференция католических епископов
Q64025381,1,0,1,0.0,1,1,0,5.0,women's national rugby sevens team,women's national rugby sevens team,women's national rugby sevens team
Q64027602,1,1,0,100.0,0,0,0,,,,
Q641226,2,2,0,100.0,0,0,0,,,,
Q644371,4,4,0,100.0,0,0,0,,,,
Q645466,1,1,0,100.0,0,0,0,,,,
Q6456916,1,1,0,100.0,0,0,0,,,,
Q64728935,1,0,1,0.0,1,1,1,10.0,future event,future event,будущее событие
Q64801076,1,1,0,100.0,0,0,0,,,,
Q65007262,2,2,0,100.0,0,0,0,,,,
Q6500733,1,1,0,100.0,0,0,0,,,,
Q65149786,1,0,1,0.0,1,0,0,4.0,Asian Road Cycling Championships,Asian Road Cycling Championships,Чемпионат Азии по шоссейному велоспорту
Q65553774,1,0,1,0.0,0,0,0,1.0,chain,chain,сеть
Q65583700,3,3,0,100.0,0,0,0,,,,
Q6558431,10,2,8,20.0,7,2,1,4.75,coal-fired power station,coal-fired power station,угольная электростанция
Q65743816,1,0,1,0.0,0,0,0,1.0,Grand Prix,Grand Prix,гран-при
Q65770283,25,25,0,100.0,0,0,0,,,,
Q6589202,1,1,0,100.0,0,0,0,,,,
Q6593141,1,0,1,0.0,1,0,0,4.0,Freedom of religion by country,Freedom of religion by country,Freedom of religion by country
Q659396,1,1,0,100.0,0,0,0,,,,
Q661702,1,1,0,100.0,0,0,0,,,,
Q6617741,15,2,13,13.33,13,8,1,8.0,WWF ecoregion,WWF ecoregion,WWF ecoregion
Q66344,1,1,0,100.0,0,0,0,,,,
Q66374263,2,1,1,50.0,0,0,0,1.0,religion of an area,religion of an area,религия на территории
Q665487,1,0,1,0.0,1,1,1,12.0,diocese,diocese,диоцез
Q66715753,1,0,1,0.0,1,0,0,2.0,Wikimedia list of persons by position held,Wikimedia list of persons by position held,список людей по занимаемой должности
Q66737615,1,0,1,0.0,0,0,0,1.0,institute for medical research,institute for medical research,медицинский научный институт
Q66817758,1,0,1,0.0,1,1,1,15.0,national tennis team,national tennis team,сборная страны по теннису
Q66817784,1,1,0,100.0,0,0,0,,,,
Q67515288,1,1,0,100.0,0,0,0,,,,
Q67608976,1,0,1,0.0,1,0,0,3.0,women's national under-17 association football team,women's national under-17 association football team,женская сборная страны по футболу до 17 лет
Q6867185,2,2,0,100.0,0,0,0,,,,
Q686984,3,2,1,66.67,0,0,0,1.0,civil disorder,жаппай тәртіпсіздіктер,массовые беспорядки
Q68800046,4,3,1,75.0,0,0,0,1.0,industrial disaster,industrial disaster,индустриальный инцидент
Q6881511,49,38,11,77.55,3,0,0,1.36,enterprise,Кәсіпорын,предприятие
Q691960,1,1,0,100.0,0,0,0,,,,
Q69358181,1,0,1,0.0,1,1,1,16.0,human rights by country or territory,human rights by country or territory,права человека по странам или территориям
Q69359318,1,1,0,100.0,0,0,0,,,,
Q695850,7,3,4,42.86,4,0,0,3.5,airbase,Авиациялық база,военный аэродром
Q6979593,6,1,5,16.67,4,3,0,5.0,national association football team,national association football team,сборная страны по футболу
Q6979657,1,0,1,0.0,0,0,0,1.0,national public health institute,national public health institute,national public health institute
Q69920471,2,1,1,50.0,0,0,0,1.0,bandy team,bandy team,команда по хоккею с мячом
Q699386,1,1,0,100.0,0,0,0,,,,
Q699405,1,1,0,100.0,0,0,0,,,,
Q70007648,1,0,1,0.0,0,0,0,1.0,national bandy team,national bandy team,сборная страны по хоккею с мячом
Q70008686,1,0,1,0.0,0,0,0,1.0,women's national bandy team,women's national bandy team,женская сборная страны по хоккею с мячом
Q701632,1,1,0,100.0,0,0,0,,,,
Q702492,1,1,0,100.0,0,0,0,,,,
Q70363582,4,4,0,100.0,0,0,0,,,,
Q70477194,1,0,1,0.0,1,0,0,4.0,mass vaccination,mass vaccination,mass vaccination
Q7075,18,16,2,88.89,0,0,0,1.0,library,кітапхана,библиотека
Q708676,1,1,0,100.0,0,0,0,,,,
Q7188,1,1,0,100.0,0,0,0,,,,
Q7189622,1,1,0,100.0,0,0,0,,,,
Q719642,1,1,0,100.0,0,0,0,,,,
Q7210356,2,2,0,100.0,0,0,0,,,,
Q7212557,32,31,1,96.88,1,0,0,3.0,zakaznik,қорықша,заказник
Q7251007,1,0,1,0.0,1,1,0,6.0,prostitution by region,prostitution by region,проституция на территории
Q726929,1,1,0,100.0,0,0,0,,,,
Q7278,40,18,22,45.0,9,1,0,1.82,political party,саяси партия,политическая партия
Q728904,2,2,0,100.0,0,0,0,,,,
Q728937,13,3,10,23.08,7,0,0,2.1,railway line,railway line,железнодорожная линия
Q730038,5,5,0,100.0,0,0,0,,,,
Q7315155,2,2,0,100.0,0,0,0,,,,
Q734818,1,1,0,100.0,0,0,0,,,,
Q736917,10,2,8,20.0,1,0,0,1.12,geological formation,geological formation,геологическая формация
Q740445,21,3,18,14.29,0,0,0,1.0,mountain ridge,Жон,кряж
Q74047,3,2,1,66.67,0,0,0,1.0,ghost town,елес қала,город-призрак
Q740752,3,0,3,0.0,2,0,0,1.67,transport company,transport company,транспортная компания
Q7415541,1,0,1,0.0,0,0,0,1.0,sanatorium,Шипажай,санаторий
Q744099,26,21,5,80.77,1,0,0,1.2,hillfort,hillfort,городище
Q744296,1,1,0,100.0,0,0,0,,,,
Q744913,4,3,1,75.0,1,0,0,2.0,aviation accident,aviation accident,авиационный инцидент
Q746549,2,2,0,100.0,0,0,0,,,,
Q748019,1,1,0,100.0,0,0,0,,,,
Q74817647,65,25,40,38.46,21,6,1,2.58,aspect in a geographic region,aspect in a geographic region,аспект в географическом регионе
Q749565,2,2,0,100.0,0,0,0,,,,
Q750215,2,1,1,50.0,1,0,0,2.0,mass murder,mass murder,массовое убийство
Q75054287,1,1,0,100.0,0,0,0,,,,
Q75179296,2,1,1,50.0,1,1,0,8.0,ice hockey league,ice hockey league,хоккейная лига
Q751876,1,1,0,100.0,0,0,0,,,,
Q7543083,6,6,0,100.0,0,0,0,,,,
Q75520,9,5,4,55.56,0,0,0,1.0,plateau,Үстірт,плато
Q756102,1,1,0,100.0,0,0,0,,,,
Q757292,2,0,2,0.0,1,0,0,1.5,border checkpoint,border checkpoint,пункт пропуска через государственную границу
Q7625093,1,0,1,0.0,1,0,0,4.0,structure fire,structure fire,пожар постройки
Q766875,1,1,0,100.0,0,0,0,,,,
Q7688,1,1,0,100.0,0,0,0,,,,
Q7692354,1,1,0,100.0,0,0,0,,,,
Q769696,1,0,1,0.0,1,1,1,27.0,national minority,national minority,национальное меньшинство
Q771444,11,11,0,100.0,0,0,0,,,,
Q772547,1,1,0,100.0,0,0,0,,,,
Q7755,1,1,0,100.0,0,0,0,,,,
Q7834916,1,0,1,0.0,1,1,1,11.0,transport corridor,transport corridor,Международный транспортный коридор
Q783794,5,3,2,60.0,0,0,0,1.0,company,фирма,компания
Q7843791,1,0,1,0.0,1,0,0,2.0,consulate,consulate,консульство
Q785020,3,3,0,100.0,0,0,0,,,,
Q785952,2,2,0,100.0,0,0,0,,,,
Q79007,1243,1232,11,99.12,1,0,0,1.09,street,көше,улица
Q7930989,5,5,0,100.0,0,0,0,,,,
Q7944,2,0,2,0.0,2,1,0,6.0,earthquake,Жер сілкіну,землетрясение
Q79854,1,1,0,100.0,0,0,0,,,,
Q799000,3,3,0,100.0,0,0,0,,,,
Q79913,2,1,1,50.0,1,0,0,2.0,non-governmental organization,Үкіметтік емес ұйымдар,общественная организация
Q80096233,3,3,0,100.0,0,0,0,,,,
Q8016240,1,1,0,100.0,0,0,0,,,,
Q8031011,1,0,1,0.0,0,0,0,1.0,women's national team,women's national team,женская сборная команда
Q8065,2,1,1,50.0,1,1,0,8.0,natural disaster,Тілсіз қияпат,стихийное бедствие
Q8068,2,2,0,100.0,0,0,0,,,,
Q810808,2,0,2,0.0,1,0,0,1.5,batholith,Батолит,Батолит
Q811102,1,1,0,100.0,0,0,0,,,,
Q811534,2,0,2,0.0,1,0,0,1.5,remarkable tree,remarkable tree,примечательное дерево
Q811582,1,1,0,100.0,0,0,0,,,,
Q811704,1,0,1,0.0,0,0,0,1.0,rolling stock class,rolling stock class,тип подвижного состава
Q811979,12,5,7,41.67,3,2,0,2.57,architectural structure,Ғимарат,сооружение
Q813672,2,2,0,100.0,0,0,0,,,,
Q81391454,1,1,0,100.0,0,0,0,,,,
Q8142,1,1,0,100.0,0,0,0,,,,
Q8171,1,1,0,100.0,0,0,0,,,,
Q82046811,1,1,0,100.0,0,0,0,,,,
Q820477,31,11,20,35.48,9,1,0,1.75,mine,кенорын,рудник
Q820655,1,1,0,100.0,0,0,0,,,,
Q82794,9,5,4,55.56,2,1,1,7.25,region,аймақ,географический регион
Q82821,5,4,1,80.0,1,0,0,2.0,tradition,салт-дәстүр,традиция
Q831663,1,1,0,100.0,0,0,0,,,,
Q83283600,1,0,1,0.0,0,0,0,1.0,Asian Road Cycling Championships - Men RR,Asian Road Cycling Championships - Men RR,Чемпионат Азии по шоссейному велоспорту - групповая гонка (мужчины)
Q83283604,1,0,1,0.0,0,0,0,1.0,Asian Road Cycling Championships - Men ITT,Asian Road Cycling Championships - Men ITT,Чемпионат Азии по шоссейному велоспорту - индивидуальная гонка (мужчины)
Q83328,1,1,0,100.0,0,0,0,,,,
Q83405,8,6,2,75.0,1,0,0,1.5,factory,Фабрика,фабрика
Q83620,20,0,20,0.0,1,1,0,1.3,thoroughfare,thoroughfare,путь сообщения
Q836672,18,18,0,100.0,0,0,0,,,,
Q83741704,1,0,1,0.0,1,1,1,28.0,COVID-19 pandemic by country and territory,COVID-19 pandemic by country and territory,пандемия COVID-19 в 2019-2020 гг. по странам и территориям
Q839954,67,57,10,85.07,4,1,0,1.8,archaeological site,Археологиялық ескерткіштер,археологический памятник
Q841654,1,1,0,100.0,0,0,0,,,,
Q8432,1,1,0,100.0,0,0,0,,,,
Q843214,1,1,0,100.0,0,0,0,,,,
Q8436,2,2,0,100.0,0,0,0,,,,
Q8463186,1,1,0,100.0,0,0,0,,,,
Q847017,9,6,3,66.67,1,1,1,6.0,sports club,sports club,спортивный клуб
Q847906,1,0,1,0.0,0,0,0,1.0,online magazine,online magazine,интернет-журнал
Q84860894,2,0,2,0.0,0,0,0,1.0,puppetry building,puppetry building,puppetry building
Q8502,1371,803,568,58.57,13,3,2,1.07,mountain,тау,гора
Q8514,23,13,10,56.52,4,3,0,3.0,desert,Шөл,пустыня
Q856234,1,1,0,100.0,0,0,0,,,,
Q860861,4,2,2,50.0,1,0,0,1.5,sculpture,sculpture,скульптура
Q862571,1,0,1,0.0,1,0,0,2.0,petroleum industry,мұнай өнеркәсібі,нефтяная промышленность
Q865588,5,4,1,80.0,0,0,0,1.0,committee,комитет,комитет
Q868557,2,1,1,50.0,0,0,0,1.0,music festival,музыкалық фестиваль,музыкальный фестиваль
Q872181,1,0,1,0.0,1,0,0,4.0,scouting,Скаутизм,скауты
Q875538,3,2,1,66.67,1,1,0,5.0,public university,public university,общественный университет
Q878223,1,1,0,100.0,0,0,0,,,,
Q879146,1,0,1,0.0,1,0,0,4.0,Christian denomination,Christian denomination,христианская конфессия
Q88372,1,0,1,0.0,0,0,0,1.0,esplanade,esplanade,эспланада
Q891723,11,10,1,90.91,0,0,0,1.0,public company,Қоғамдық компания,публичная компания
Q89578131,1,0,1,0.0,1,0,0,3.0,radar station,radar station,radar station
Q9019918,3,3,0,100.0,0,0,0,,,,
Q902104,2,1,1,50.0,0,0,0,1.0,private university,private university,частный университет
Q902814,3,3,0,100.0,0,0,0,,,,
Q907698,7,6,1,85.71,0,0,0,1.0,prospekt,даңғыл,проспект
Q909459,1,0,1,0.0,0,0,0,1.0,counter-terrorism,counter-terrorism,контртерроризм
Q9096832,1,1,0,100.0,0,0,0,,,,
Q91396496,1,1,0,100.0,0,0,0,,,,
Q917182,1,1,0,100.0,0,0,0,,,,
Q91908604,1,0,1,0.0,1,1,0,5.0,freight train service,freight train service,freight train service
Q9259,1,0,1,0.0,1,1,0,9.0,World Heritage Site,Әлемдік мұра,всемирное наследие
Q92634207,1,0,1,0.0,1,0,0,2.0,papal visit,papal visit,papal visit
Q928830,14,13,1,92.86,0,0,0,1.0,metro station,Метро бекеті,станция метрополитена
Q9346860,1,0,1,0.0,0,0,0,1.0,geological structure,geological structure,геологическая структура
Q935741,1,1,0,100.0,0,0,0,,,,
Q936648,1,1,0,100.0,0,0,0,,,,
Q938381,1,0,1,0.0,0,0,0,1.0,bid for the Olympic Games,bid for the Olympic Games,Выборы столиц Олимпийских игр
Q94579592,3,3,0,100.0,0,0,0,,,,
Q94696559,3,1,2,33.33,0,0,0,1.0,national futsal team,national futsal team,national futsal team
Q948571,2,1,1,50.0,0,0,0,1.0,organ of state,Авторитет,орган государственной власти
Q94993988,22,22,0,100.0,0,0,0,,,,
Q952037,2,2,0,100.0,0,0,0,,,,
Q954007,1,0,1,0.0,1,0,0,2.0,affinity,affinity,свойство́
Q961082,1,0,1,0.0,0,0,0,1.0,gazebo,gazebo,беседка
Q974968,1,1,0,100.0,0,0,0,,,,
Q98374631,1,1,0,100.0,0,0,0,,,,
Q98374854,1,1,0,100.0,0,0,0,,,,
Q98925384,1,0,1,0.0,0,0,0,1.0,KVN team,KVN team,команда КВН
Q98929991,1,1,0,100.0,0,0,0,,,,
Q989946,1,1,0,100.0,0,0,0,,,,
Q99527323,3,1,2,33.33,1,0,0,1.5,architecture of geographic location,architecture of geographic location,архитектура территории
