p31,gap_entities,mean_other_wikipedias,median_other_wikipedias,wiki_2plus,wiki_5plus,wiki_10plus,covered_entities,observed_reference_universe,coverage_pct,gap_pct,wiki_2plus_pct,wiki_5plus_pct,wiki_10plus_pct,label_en,label_kk,label_ru
Q4022,1544,1.05,1.0,35,4,1,705,2249,31.35,68.65,2.27,0.26,0.06,river,өзен,река
Q23397,1084,1.14,1.0,69,4,1,572,1656,34.54,65.46,6.37,0.37,0.09,lake,көл,озеро
Q8502,568,1.07,1.0,13,3,2,803,1371,58.57,41.43,2.29,0.53,0.35,mountain,тау,гора
Q130212458|Q21507948,499,1.92,2.0,305,3,0,0,499,0.0,100.0,61.12,0.6,0.0,,,
Q54050,352,1.0,1.0,0,0,0,4,356,1.12,98.88,0.0,0.0,0.0,hill,төбе,холм
Q46831,234,1.15,1.0,23,3,0,97,331,29.31,70.69,9.83,1.28,0.0,mountain range,Таулы үстірт,горный хребет
Q130212458,185,1.23,1.0,20,1,0,6861,7046,97.37,2.63,10.81,0.54,0.0,village of Kazakhstan,Қазақстан ауылы,село в Казахстане
Q130212458|Q486972,173,1.51,1.0,49,1,0,0,173,0.0,100.0,28.32,0.58,0.0,,,
Q27020041,146,4.05,2.0,108,36,12,115,261,44.06,55.94,73.97,24.66,8.22,sports season,sports season,розыгрыш спортивного турнира
Q13406463,123,1.24,1.0,20,0,0,33,156,21.15,78.85,16.26,0.0,0.0,Wikimedia list article,Wikimedia list article,статья-список в проекте Викимедиа
Q55488,121,1.07,1.0,7,0,0,50,171,29.24,70.76,5.79,0.0,0.0,railway station,темір жол стансасы,железнодорожная станция
Q34442,120,2.95,1.0,33,17,12,14,134,10.45,89.55,27.5,14.17,10.0,road,автомобиль жолы,дорога
Q26887310,118,1.13,1.0,15,0,0,0,118,0.0,100.0,12.71,0.0,0.0,association football team season,association football team season,сезон футбольной команды
Q124714,110,1.0,1.0,0,0,0,13,123,10.57,89.43,0.0,0.0,0.0,spring,бұлақтар,родник
Q34379419,103,1.03,1.0,1,0,0,82,185,44.32,55.68,0.97,0.0,0.0,sand area,sand area,песчаный массив
Q2042028,96,1.02,1.0,1,0,0,4,100,4.0,96.0,1.04,0.0,0.0,ravine,шатқал,ущелье
Q133056,78,1.04,1.0,2,0,0,16,94,17.02,82.98,2.56,0.0,0.0,mountain pass,асу,перевал
Q46135307,68,2.46,2.0,38,8,0,1,69,1.45,98.55,55.88,11.76,0.0,nation at sport competition,nation at sport competition,страна на спортивном соревновании
Q188025,58,1.21,1.0,4,0,0,28,86,32.56,67.44,6.9,0.0,0.0,salt lake,Тұзды көл,минеральное озеро
Q23442,55,1.29,1.0,3,2,0,23,78,29.49,70.51,5.45,3.64,0.0,island,Арал,остров
Q166735,48,1.0,1.0,0,0,0,1,49,2.04,97.96,0.0,0.0,0.0,swamp,батпақ,заболоченный лес
Q46970,43,2.88,2.0,22,10,0,11,54,20.37,79.63,51.16,23.26,0.0,airline,Әуе компания,авиакомпания
Q74817647,40,2.58,2.0,21,6,1,25,65,38.46,61.54,52.5,15.0,2.5,aspect in a geographic region,aspect in a geographic region,аспект в географическом регионе
Q30198,38,1.05,1.0,1,0,0,1,39,2.56,97.44,2.63,0.0,0.0,marsh,батпақ,болото
Q41176,38,1.32,1.0,8,0,0,16,54,29.63,70.37,21.05,0.0,0.0,building,building,здание
Q57237852,38,1.0,1.0,0,0,0,7,45,15.56,84.44,0.0,0.0,0.0,dry stream bed,dry stream bed,dry stream bed
Q55470156,36,1.11,1.0,2,0,0,2,38,5.26,94.74,5.56,0.0,0.0,intermittent salt lake,intermittent salt lake,сезонное солёное озеро
Q16510064,34,2.82,3.0,29,3,0,0,34,0.0,100.0,85.29,8.82,0.0,sporting event,sporting event,спортивное мероприятие
Q192611,29,1.14,1.0,4,0,0,0,29,0.0,100.0,13.79,0.0,0.0,electoral unit,Сайлау округі,избирательный округ
Q53534649,26,3.46,4.0,18,9,0,0,26,0.0,100.0,69.23,34.62,0.0,cycling team season,cycling team season,сезон велокоманды
Q18340514,26,1.62,1.0,12,0,0,0,26,0.0,100.0,46.15,0.0,0.0,events in a specific year or time period,events in a specific year or time period,хроника в Википедии
Q22674925,23,1.43,1.0,9,0,0,31,54,57.41,42.59,39.13,0.0,0.0,former settlement,former settlement,бывший населённый пункт
Q12284,22,1.32,1.0,3,1,0,12,34,35.29,64.71,13.64,4.55,0.0,canal,канал,канал
Q7278,22,1.82,1.0,9,1,0,18,40,45.0,55.0,40.91,4.55,0.0,political party,саяси партия,политическая партия
Q21507948,21,1.48,1.0,7,0,0,99,120,82.5,17.5,33.33,0.0,0.0,former village,former village,бывшая деревня
Q24529780,21,1.05,1.0,1,0,0,5,26,19.23,80.77,4.76,0.0,0.0,point,point,ландшпитц
Q83620,20,1.3,1.0,1,1,0,0,20,0.0,100.0,5.0,5.0,0.0,thoroughfare,thoroughfare,путь сообщения
Q15221623,20,1.05,1.0,1,0,0,149,169,88.17,11.83,5.0,0.0,0.0,bilateral relation,bilateral relation,двусторонние отношения
Q3917681,20,2.0,2.0,11,0,0,1,21,4.76,95.24,55.0,0.0,0.0,embassy,елшілік,посольство
Q4989906,19,1.53,1.0,7,0,0,21,40,52.5,47.5,36.84,0.0,0.0,monument,Ескерткіш,памятник
Q740445,18,1.0,1.0,0,0,0,3,21,14.29,85.71,0.0,0.0,0.0,mountain ridge,Жон,кряж
Q820477,18,1.61,1.0,8,0,0,11,29,37.93,62.07,44.44,0.0,0.0,mine,кенорын,рудник
Q15720476,17,1.0,1.0,0,0,0,8,25,32.0,68.0,0.0,0.0,0.0,volleyball team,volleyball team,волейбольная команда
Q146591,16,18.5,20.0,16,15,15,0,16,0.0,100.0,100.0,93.75,93.75,circle of latitude,circle of latitude,параллель
Q12323,16,1.25,1.0,1,1,0,4,20,20.0,80.0,6.25,6.25,0.0,dam,бөгет,плотина
Q2031836,16,1.5,1.0,5,0,0,6,22,27.27,72.73,31.25,0.0,0.0,Eastern Orthodox church building,Eastern Orthodox church building,православный храм
Q4498974,15,4.27,3.0,10,6,1,10,25,40.0,60.0,66.67,40.0,6.67,ice hockey team,ice hockey team,хоккейная команда
Q11032,15,1.07,1.0,1,0,0,10,25,40.0,60.0,6.67,0.0,0.0,newspaper,газет,газета
Q46195901,14,5.21,5.0,14,9,0,1,15,6.67,93.33,100.0,64.29,0.0,Paralympics delegation,Paralympics delegation,страна на Паралимпийских играх
Q39816,14,2.07,1.0,3,2,1,10,24,41.67,58.33,21.43,14.29,7.14,valley,аңғар,долина
Q40231,14,1.36,1.0,2,1,0,1,15,6.67,93.33,14.29,7.14,0.0,public election,сайлау,выборы
Q131459694,14,1.0,1.0,0,0,0,12,26,46.15,53.85,0.0,0.0,0.0,association football season,association football season,розыгрыш футбольного турнира
Q29925,14,1.0,1.0,0,0,0,0,14,0.0,100.0,0.0,0.0,0.0,salt marsh,salt marsh,солёные марши
Q35112127,13,1.85,2.0,7,0,0,3,16,18.75,81.25,53.85,0.0,0.0,historic building,historic building,историческое здание
Q60176300,12,3.5,4.0,9,3,0,1,13,7.69,92.31,75.0,25.0,0.0,Eastern Orthodox eparchy,Eastern Orthodox eparchy,православная епархия
Q33506,12,2.17,1.0,4,2,0,37,49,75.51,24.49,33.33,16.67,0.0,museum,мұражай,музей
Q13406554,12,1.92,1.0,5,1,0,6,18,33.33,66.67,41.67,8.33,0.0,sports competition,sports competition,спортивное соревнование
Q16970,12,2.33,2.0,7,1,0,1,13,7.69,92.31,58.33,8.33,0.0,church building,шіркеу,христианский храм
Q32815,12,1.92,1.0,3,1,0,39,51,76.47,23.53,25.0,8.33,0.0,mosque,мешіт,мечеть
Q18608583,11,2.82,1.0,5,3,0,4,15,26.67,73.33,45.45,27.27,0.0,recurring sporting event,recurring sporting event,повторяющееся спортивное событие
Q32099,10,18.0,18.0,10,10,10,0,10,0.0,100.0,100.0,100.0,100.0,meridian,меридиан,меридиан
Q51031626,10,7.6,7.5,10,10,1,4,14,28.57,71.43,100.0,100.0,10.0,sport competition at a multi-sport event,sport competition at a multi-sport event,вид спорта на мультиспортивных соревнованиях
Q130212458|Q22674925,10,2.7,2.5,8,1,0,0,10,0.0,100.0,80.0,10.0,0.0,,,
Q131681,10,1.6,1.0,2,1,0,76,86,88.37,11.63,20.0,10.0,0.0,reservoir,су қоймасы,водохранилище
Q185113,10,1.4,1.0,1,1,0,3,13,23.08,76.92,10.0,10.0,0.0,cape,Мүйіс,мыс
Q35666,10,2.4,1.0,2,1,1,37,47,78.72,21.28,20.0,10.0,10.0,glacier,мұздық,ледник
Q140678780,10,1.1,1.0,1,0,0,0,10,0.0,100.0,10.0,0.0,0.0,chess tournament edition,chess tournament edition,сезон шахматного турнира
Q207326,10,1.0,1.0,0,0,0,1,11,9.09,90.91,0.0,0.0,0.0,summit,Шың,вершина местности
Q79007,10,1.1,1.0,1,0,0,1232,1242,99.19,0.81,10.0,0.0,0.0,street,көше,улица
Q35823051,9,3.33,4.0,6,3,0,0,9,0.0,100.0,66.67,33.33,0.0,nation at the World Athletics Championships,nation at the World Athletics Championships,страны на чемпионате мира по лёгкой атлетике
Q3910963|Q47345468,9,3.33,3.0,9,2,0,0,9,0.0,100.0,100.0,22.22,0.0,,,
Q18199879,9,2.56,3.0,7,1,0,1,10,10.0,90.0,77.78,11.11,0.0,trolleybus system,trolleybus system,троллейбусная система
Q2485448,9,2.22,2.0,6,1,0,4,13,30.77,69.23,66.67,11.11,0.0,sports governing body,sports governing body,спортивная федерация
Q39594,9,2.33,1.0,2,1,1,19,28,67.86,32.14,22.22,11.11,11.11,bay,шығанақ,залив
Q41253,9,1.67,1.0,3,1,0,2,11,18.18,81.82,33.33,11.11,0.0,movie theater,Кинотеатр,кинотеатр
Q476028,9,2.44,1.0,2,1,1,68,77,88.31,11.69,22.22,11.11,11.11,association football club,футбол клубы,футбольный клуб
Q108788952,9,1.56,1.0,2,0,0,4,13,30.77,69.23,22.22,0.0,0.0,ethnic group by residency,ethnic group by residency,этническая группа на территории
Q15911738,9,1.56,1.0,3,0,0,5,14,35.71,64.29,33.33,0.0,0.0,hydroelectric power station,су электр станциясы,гидроэлектростанция
Q3914,9,1.67,1.0,4,0,0,0,9,0.0,100.0,44.44,0.0,0.0,school,мектеп,школа
Q4414032,9,1.11,1.0,1,0,0,2317,2326,99.61,0.39,11.11,0.0,0.0,rural district of Kazakhstan,Ауылдық округі,сельский округ
Q47443726,8,4.75,2.0,4,3,2,0,8,0.0,100.0,50.0,37.5,25.0,recurring tennis tournament,recurring tennis tournament,recurring tennis tournament
Q11187131,8,3.0,3.0,8,0,0,0,8,0.0,100.0,100.0,0.0,0.0,2015 World Judo Championships,Дзюдодан әлем чемпионаты 2015,Чемпионат мира по дзюдо 2015
Q2618461,8,1.25,1.0,2,0,0,1,9,11.11,88.89,25.0,0.0,0.0,legislative election,legislative election,выборы в законодательный орган
Q3918,8,1.38,1.0,3,0,0,53,61,86.89,13.11,37.5,0.0,0.0,university,университет,университет
Q4421,8,1.0,1.0,0,0,0,4,12,33.33,66.67,0.0,0.0,0.0,forest,орман,лес
Q4654165,8,1.0,1.0,0,0,0,0,8,0.0,100.0,0.0,0.0,0.0,Category:Wikipedia meetups,Category:Wikipedia meetups,Категория:Википедия:Викивстречи
Q57831,8,1.12,1.0,1,0,0,7,15,46.67,53.33,12.5,0.0,0.0,fortress,қамал,крепость
Q811979,7,2.57,1.0,3,2,0,5,12,41.67,58.33,42.86,28.57,0.0,architectural structure,Ғимарат,сооружение
Q839954,7,2.0,1.0,3,1,0,57,64,89.06,10.94,42.86,14.29,0.0,archaeological site,Археологиялық ескерткіштер,археологический памятник
Q11315,7,1.71,1.0,3,0,0,2,9,22.22,77.78,42.86,0.0,0.0,shopping center,сауда орталығы,торговый центр
Q15104915,7,1.29,1.0,2,0,0,107,114,93.86,6.14,28.57,0.0,0.0,mineral deposit,Кенорын,месторождение полезных ископаемых
Q16680663,7,1.57,2.0,4,0,0,0,7,0.0,100.0,57.14,0.0,0.0,IJF World Tour Kazakhstan,IJF World Tour Kazakhstan,IJF World Tour Kazakhstan
Q22698,7,1.29,1.0,1,0,0,11,18,61.11,38.89,14.29,0.0,0.0,park,park,парк
Q44613,7,1.43,1.0,2,0,0,0,7,0.0,100.0,28.57,0.0,0.0,monastery,Монастырь,монастырь
Q55470128,7,1.0,1.0,0,0,0,0,7,0.0,100.0,0.0,0.0,0.0,intermittent oxbow lake,intermittent oxbow lake,intermittent oxbow lake
Q55659167,7,1.0,1.0,0,0,0,1,8,12.5,87.5,0.0,0.0,0.0,natural watercourse,natural watercourse,естественный водоток
Q736917,7,1.14,1.0,1,0,0,2,9,22.22,77.78,14.29,0.0,0.0,geological formation,geological formation,геологическая формация
Q8514,7,1.29,1.0,1,0,0,13,20,65.0,35.0,14.29,0.0,0.0,desert,Шөл,пустыня
Q41710,6,5.5,5.0,5,4,1,25,31,80.65,19.35,83.33,66.67,16.67,ethnic group,этникалық топ,этническая группа
Q47345468,6,8.0,7.5,6,3,3,0,6,0.0,100.0,100.0,50.0,50.0,tennis tournament edition,tennis tournament edition,розыгрыш теннисного турнира
Q6617741,6,4.5,4.0,6,2,0,2,8,25.0,75.0,100.0,33.33,0.0,WWF ecoregion,WWF ecoregion,WWF ecoregion
Q114609228,6,2.67,1.5,3,1,0,3,9,33.33,66.67,50.0,16.67,0.0,recurring sporting event edition,recurring sporting event edition,версия повторяющегося спортивного события
Q483110,6,3.83,2.0,4,1,1,21,27,77.78,22.22,66.67,16.67,16.67,stadium,стадион,стадион
Q5926864,6,2.0,1.0,1,1,0,3,9,33.33,66.67,16.67,16.67,0.0,group of lakes,group of lakes,группа озёр
Q13406554|Q18608583,6,1.83,1.5,3,0,0,0,6,0.0,100.0,50.0,0.0,0.0,,,
Q15043657,6,3.33,3.0,6,0,0,1,7,14.29,85.71,100.0,0.0,0.0,Tour of Almaty,Алматы Туры 2013,Тур Алматы
Q162875,6,1.0,1.0,0,0,0,52,58,89.66,10.34,0.0,0.0,0.0,mausoleum,кесене,мавзолей
Q188025|Q23397,6,3.0,3.0,6,0,0,0,6,0.0,100.0,100.0,0.0,0.0,,,
Q2403977,6,2.0,2.0,6,0,0,2,8,25.0,75.0,100.0,0.0,0.0,prison labour camp,prison labour camp,исправительно-трудовой лагерь
Q33060692,6,2.0,2.0,6,0,0,0,6,0.0,100.0,100.0,0.0,0.0,Kazakhstan International Badminton Championships,Kazakhstan International Badminton Championships,Kazakhstan International Badminton Championships
Q4164871,6,1.67,1.0,2,0,0,9,15,60.0,40.0,33.33,0.0,0.0,position,лауазым,должность
Q46351685,6,1.33,1.0,2,0,0,0,6,0.0,100.0,33.33,0.0,0.0,national basketball team,national basketball team,сборная по баскетболу
Q4867756,6,2.0,1.0,2,0,0,0,6,0.0,100.0,33.33,0.0,0.0,basketball tournament,basketball tournament,баскетбольный турнир
Q6881511,6,1.0,1.0,0,0,0,38,44,86.36,13.64,0.0,0.0,0.0,enterprise,Кәсіпорын,предприятие
Q1262712,5,6.8,6.0,5,3,2,0,5,0.0,100.0,100.0,60.0,40.0,gas pipeline,Газжүргізгіш,газопровод
Q15640053,5,4.6,5.0,5,3,0,0,5,0.0,100.0,100.0,60.0,0.0,tram system,tram system,трамвайная система
Q1353183,5,6.2,4.0,4,2,1,0,5,0.0,100.0,80.0,40.0,20.0,launch pad,launch pad,стартовый комплекс
Q178561,5,3.8,1.0,2,1,1,3,8,37.5,62.5,40.0,20.0,20.0,battle,Арпалыс,битва
Q29791211,5,3.4,1.0,1,1,1,0,5,0.0,100.0,20.0,20.0,20.0,sport in a geographic region,sport in a geographic region,спорт в географическом регионе
Q102496,5,1.2,1.0,1,0,0,0,5,0.0,100.0,20.0,0.0,0.0,parish,parish,церковный приход
Q1194951,5,1.6,2.0,3,0,0,0,5,0.0,100.0,60.0,0.0,0.0,national sports team,national sports team,сборная
Q12357832,5,1.4,1.0,1,0,0,14,19,73.68,26.32,20.0,0.0,0.0,second-level administrative division,second-level administrative division,административная единица второго уровня
Q12357920,5,1.2,1.0,1,0,0,13,18,72.22,27.78,20.0,0.0,0.0,third-level administrative division,third-level administrative division,административная единица третьего уровня
Q123705,5,1.2,1.0,1,0,0,31,36,86.11,13.89,20.0,0.0,0.0,neighborhood,neighborhood,нейборхуд
Q14659,5,1.2,1.0,1,0,0,1,6,16.67,83.33,20.0,0.0,0.0,coat of arms,Мемлекеттік герб (елтаңба),герб
Q1616075,5,1.4,1.0,1,0,0,20,25,80.0,20.0,20.0,0.0,0.0,television station,television station,телецентр
Q16465938,5,1.0,1.0,0,0,0,0,5,0.0,100.0,0.0,0.0,0.0,seasonal river,seasonal river,пересыхающая река
Q18729324,5,3.0,3.0,5,0,0,7,12,58.33,41.67,100.0,0.0,0.0,razyezd,razyezd,разъезд как населённый пункт
Q2319498,5,2.0,1.0,2,0,0,4,9,44.44,55.56,40.0,0.0,0.0,architectural landmark,architectural landmark,памятник архитектуры
Q2385804,5,1.2,1.0,1,0,0,18,23,78.26,21.74,20.0,0.0,0.0,educational institution,білім мекемесі,образовательное учреждение
Q43229,5,1.2,1.0,1,0,0,21,26,80.77,19.23,20.0,0.0,0.0,organization,ұйым,организация
Q4830453|Q6881511,5,1.8,2.0,3,0,0,0,5,0.0,100.0,60.0,0.0,0.0,,,
Q62447,5,1.6,1.0,1,0,0,12,17,70.59,29.41,20.0,0.0,0.0,aerodrome,Аэродром,аэродром
Q744099,5,1.2,1.0,1,0,0,21,26,80.77,19.23,20.0,0.0,0.0,hillfort,hillfort,городище
Q46622,4,8.5,7.0,4,4,1,1,5,20.0,80.0,100.0,100.0,25.0,controlled-access highway,Автомагистраль,автомагистраль
Q24069004,4,8.75,9.5,4,3,2,4,8,50.0,50.0,100.0,75.0,50.0,Presidential elections in Kazakhstan,Presidential elections in Kazakhstan,выборы президента Казахстана
Q623109,4,10.25,5.5,3,2,1,0,4,0.0,100.0,75.0,50.0,25.0,sports league,sports league,лига
Q123705|Q130212458|Q21507948,4,3.0,3.0,3,1,0,0,4,0.0,100.0,75.0,25.0,0.0,,,
Q18247357,4,3.5,3.0,3,1,0,1,5,20.0,80.0,75.0,25.0,0.0,group of structures or buildings,group of structures or buildings,группа структур и зданий
Q220505,4,3.5,2.5,2,1,0,1,5,20.0,80.0,50.0,25.0,0.0,film festival,Кинофестиваль,кинофестиваль
Q56242225,4,3.5,4.0,3,1,0,4,8,50.0,50.0,75.0,25.0,0.0,Eastern Orthodox cathedral,Eastern Orthodox cathedral,кафедральный православный собор
Q82794,4,7.25,1.5,2,1,1,5,9,55.56,44.44,50.0,25.0,25.0,region,аймақ,географический регион
Q14757767,4,1.5,1.5,2,0,0,0,4,0.0,100.0,50.0,0.0,0.0,fourth-level administrative division,fourth-level administrative division,административная единица четвёртого уровня
Q1601458,4,2.25,2.0,4,0,0,6,10,60.0,40.0,100.0,0.0,0.0,combined heat and power station,Жылу Электр Орталығы,теплоэлектроцентраль
Q1601458|Q6558431,4,2.5,2.5,4,0,0,0,4,0.0,100.0,100.0,0.0,0.0,,,
Q188055,4,1.5,1.0,1,0,0,1,5,20.0,80.0,25.0,0.0,0.0,siege,siege,осада
Q192350,4,1.5,1.0,1,0,0,7,11,63.64,36.36,25.0,0.0,0.0,ministry,министрлік,министерство
Q2001305,4,1.5,1.0,1,0,0,2,6,33.33,66.67,25.0,0.0,0.0,television channel,television channel,телеканал
Q22687|Q4830453,4,1.5,1.5,2,0,0,0,4,0.0,100.0,50.0,0.0,0.0,,,
Q27686,4,1.25,1.0,1,0,0,3,7,42.86,57.14,25.0,0.0,0.0,hotel,Қонақ Үй,гостиница
Q30014735,4,1.0,1.0,0,0,0,0,4,0.0,100.0,0.0,0.0,0.0,bus-based transport system,bus-based transport system,автобусная система
Q34038,4,1.75,2.0,3,0,0,2,6,33.33,66.67,75.0,0.0,0.0,waterfall,Сарқырама,водопад
Q4830453,4,1.25,1.0,1,0,0,36,40,90.0,10.0,25.0,0.0,0.0,business,кәсіпорын,бизнес
Q55075651,4,1.0,1.0,0,0,0,7,11,63.64,36.36,0.0,0.0,0.0,upland,Қырат,возвышенность
Q55493,4,1.0,1.0,0,0,0,1,5,20.0,80.0,0.0,0.0,0.0,goods station,goods station,грузовая железнодорожная станция
Q591942,4,1.0,1.0,0,0,0,1,5,20.0,80.0,0.0,0.0,0.0,distributary,distributary,рукав реки
Q6017815,4,1.0,1.0,0,0,0,3,7,42.86,57.14,0.0,0.0,0.0,kishlak,Қыстау,кишлак
Q728937,4,2.0,2.0,3,0,0,3,7,42.86,57.14,75.0,0.0,0.0,railway line,railway line,железнодорожная линия
Q75520,4,1.0,1.0,0,0,0,5,9,55.56,44.44,0.0,0.0,0.0,plateau,Үстірт,плато
Q104179424,3,8.0,8.0,3,3,1,0,3,0.0,100.0,100.0,100.0,33.33,national ice hockey team,national ice hockey team,национальная сборная по хоккею с шайбой
Q22333025,3,13.33,13.0,3,3,3,6,9,66.67,33.33,100.0,100.0,100.0,Kazakhstani legislative election,Kazakhstani legislative election,Kazakhstani legislative election
Q124221947|Q6617741,3,5.67,5.0,3,2,0,0,3,0.0,100.0,100.0,66.67,0.0,,,
Q2977,3,6.67,6.0,3,2,1,1,4,25.0,75.0,100.0,66.67,33.33,cathedral,cathedral,кафедральный собор
Q6558431,3,8.67,9.0,2,2,1,2,5,40.0,60.0,66.67,66.67,33.33,coal-fired power station,coal-fired power station,угольная электростанция
Q6979593,3,4.67,5.0,2,2,0,1,4,25.0,75.0,66.67,66.67,0.0,national association football team,national association football team,сборная страны по футболу
Q1076486,3,4.0,3.0,2,1,0,1,4,25.0,75.0,66.67,33.33,0.0,sports venue,спорт ғимараттары,спортивное сооружение
Q115839789|Q13393265,3,3.0,3.0,2,1,0,0,3,0.0,100.0,66.67,33.33,0.0,,,
Q13393265,3,3.0,2.0,2,1,0,3,6,50.0,50.0,66.67,33.33,0.0,basketball team,basketball team,баскетбольная команда
Q176799,3,3.67,2.0,3,1,0,0,3,0.0,100.0,100.0,33.33,0.0,military unit,Әскери бөлім,воинское формирование
Q19832486,3,3.33,2.0,2,1,0,1,4,25.0,75.0,66.67,33.33,0.0,locomotive class,locomotive class,серия локомотива
Q12973014,3,1.67,2.0,2,0,0,1,4,25.0,75.0,66.67,0.0,0.0,sports team,sports team,спортивная команда
Q1349255|Q211748,3,1.67,2.0,2,0,0,0,3,0.0,100.0,66.67,0.0,0.0,,,
Q1497364,3,2.67,3.0,2,0,0,4,7,57.14,42.86,66.67,0.0,0.0,building complex,building complex,комплекс зданий
Q15813069,3,1.33,1.0,1,0,0,0,3,0.0,100.0,33.33,0.0,0.0,housing series,housing series,серия дома
Q174782,3,1.33,1.0,1,0,0,6,9,66.67,33.33,33.33,0.0,0.0,square,алаң,площадь
Q190429,3,1.0,1.0,0,0,0,7,10,70.0,30.0,0.0,0.0,0.0,depression,депрессия,геологическая депрессия
Q200141,3,1.0,1.0,0,0,0,16,19,84.21,15.79,0.0,0.0,0.0,necropolis,Некрополь,некрополь
Q200297,3,2.33,2.0,3,0,0,0,3,0.0,100.0,100.0,0.0,0.0,thermal power station,жылу электр станциясы,тепловая электростанция
Q211748,3,1.33,1.0,1,0,0,33,36,91.67,8.33,33.33,0.0,0.0,oil field,oil field,нефтяное месторождение
Q21686038,3,1.67,2.0,2,0,0,0,3,0.0,100.0,66.67,0.0,0.0,Cabinet of Kazakhstan,Cabinet of Kazakhstan,Cabinet of Kazakhstan
Q22746,3,2.33,2.0,2,0,0,1,4,25.0,75.0,66.67,0.0,0.0,urban park,urban park,городской парк
Q24354,3,2.67,3.0,2,0,0,27,30,90.0,10.0,66.67,0.0,0.0,theatre building,theatre building,здание театра
Q26887428,3,2.0,2.0,2,0,0,0,3,0.0,100.0,66.67,0.0,0.0,nation at competition,nation at competition,страна на соревновании
Q31855,3,1.0,1.0,0,0,0,16,19,84.21,15.79,0.0,0.0,0.0,research institute,ғылыми-зерттеу институты,научно-исследовательский институт
Q3273417,3,1.33,1.0,1,0,0,0,3,0.0,100.0,33.33,0.0,0.0,lists of sportspeople,lists of sportspeople,список спортсменов
Q3612735|Q47345468,3,2.33,2.0,3,0,0,0,3,0.0,100.0,100.0,0.0,0.0,,,
Q37901,3,2.33,2.0,3,0,0,1,4,25.0,75.0,100.0,0.0,0.0,strait,бұғаз,пролив
Q4022|Q4366834,3,2.33,2.0,3,0,0,0,3,0.0,100.0,100.0,0.0,0.0,,,
Q42195,3,1.0,1.0,0,0,0,8,11,72.73,27.27,0.0,0.0,0.0,petroglyph,Петроглиф,петроглиф
Q4438121,3,1.33,1.0,1,0,0,1,4,25.0,75.0,33.33,0.0,0.0,sports organization,sports organization,спортивная организация
Q4671277,3,1.33,1.0,1,0,0,1,4,25.0,75.0,33.33,0.0,0.0,academic institution,академиялық оқу орны,академическое учебное заведение
Q48204,3,1.33,1.0,1,0,0,1,4,25.0,75.0,33.33,0.0,0.0,voluntary association,Клуб,добровольная ассоциация
Q494829,3,1.33,1.0,1,0,0,1,4,25.0,75.0,33.33,0.0,0.0,bus station,автовокзал,автостанция
Q51481377,3,2.33,2.0,2,0,0,2,5,40.0,60.0,66.67,0.0,0.0,women's association football club,women's association football club,женский футбольный клуб
Q5737,3,1.0,1.0,0,0,0,9,12,75.0,25.0,0.0,0.0,0.0,burial mound,Қорған,курган
Q618123,3,1.0,1.0,0,0,0,1,4,25.0,75.0,0.0,0.0,0.0,geographical feature,Географиялық нысан,географический объект
Q740752,3,1.67,2.0,2,0,0,0,3,0.0,100.0,66.67,0.0,0.0,transport company,transport company,транспортная компания
Q1254933,2,6.5,6.5,2,2,0,1,3,33.33,66.67,100.0,100.0,0.0,astronomical observatory,astronomical observatory,астрономическая обсерватория
Q1756006,2,5.5,5.5,2,2,0,0,2,0.0,100.0,100.0,100.0,0.0,UCI Continental Team,UCI Continental Team,UCI Continental Team
Q1756006|Q20652655,2,6.0,6.0,2,2,0,0,2,0.0,100.0,100.0,100.0,0.0,,,
Q3146899,2,14.0,14.0,2,2,2,0,2,0.0,100.0,100.0,100.0,100.0,diocese of the Catholic Church,diocese of the Catholic Church,католическая епархия
Q358078,2,38.0,38.0,2,2,2,0,2,0.0,100.0,100.0,100.0,100.0,road network,road network,дорожная сеть
Q46190676,2,5.0,5.0,2,2,0,0,2,0.0,100.0,100.0,100.0,0.0,tennis event,tennis event,теннисное мероприятие
Q104666804,2,5.0,5.0,1,1,0,0,2,0.0,100.0,50.0,50.0,0.0,rail transport by country or region,rail transport by country or region,железнодорожный транспорт по стране или региону
Q108822533|Q4022,2,4.0,4.0,2,1,0,0,2,0.0,100.0,100.0,50.0,0.0,,,
Q11086064|Q3887,2,6.0,6.0,1,1,1,0,2,0.0,100.0,50.0,50.0,50.0,,,
Q128654790,2,7.0,7.0,2,1,1,0,2,0.0,100.0,100.0,50.0,50.0,ski jumping complex,ski jumping complex,комплекс лыжных трамплинов
Q133311,2,3.0,3.0,1,1,0,5,7,71.43,28.57,50.0,50.0,0.0,tribe,тайпа,племя
Q14350,2,4.5,4.5,1,1,0,5,7,71.43,28.57,50.0,50.0,0.0,radio station,radio station,вещательная радиостанция
Q22667,2,3.5,3.5,2,1,0,1,3,33.33,66.67,100.0,50.0,0.0,railway,Темір жол,железная дорога
Q25380035,2,20.0,20.0,1,1,1,1,3,33.33,66.67,50.0,50.0,50.0,ethnic community,Этникалық Қауымдастық,этническая общность
Q3240715,2,4.0,4.0,1,1,0,1,3,33.33,66.67,50.0,50.0,0.0,crater,crater,кратер
Q3320743,2,4.5,4.5,1,1,0,8,10,80.0,20.0,50.0,50.0,0.0,title of honor,құрметті атақ,почётное звание
Q33384,2,4.5,4.5,2,1,0,0,2,0.0,100.0,100.0,50.0,0.0,dialect,диалект,диалект
Q3839081,2,13.0,13.0,1,1,1,0,2,0.0,100.0,50.0,50.0,50.0,disaster,апат,катастрофа
Q847017,2,8.5,8.5,1,1,1,6,8,75.0,25.0,50.0,50.0,50.0,sports club,sports club,спортивный клуб
Q1003207,2,1.5,1.5,1,0,0,0,2,0.0,100.0,50.0,0.0,0.0,photovoltaic power station,Күн Электр Стансасы,Фотоэлектрическая солнечная электростанция
Q10313934,2,1.0,1.0,0,0,0,0,2,0.0,100.0,0.0,0.0,0.0,intermittent lake,intermittent lake,сезонное озеро
Q1072326,2,1.5,1.5,1,0,0,0,2,0.0,100.0,50.0,0.0,0.0,summit,Саммит,саммит
Q107679,2,1.0,1.0,0,0,0,0,2,0.0,100.0,0.0,0.0,0.0,cliff,Клиф,клиф
Q10874184|Q15141321|Q3565868,2,3.0,3.0,2,0,0,0,2,0.0,100.0,100.0,0.0,0.0,,,
Q11187131|Q16510064,2,3.0,3.0,2,0,0,0,2,0.0,100.0,100.0,0.0,0.0,,,
Q11362400,2,2.0,2.0,2,0,0,0,2,0.0,100.0,100.0,0.0,0.0,World Team Judo Championships,World Team Judo Championships,World Team Judo Championships
Q12280,2,1.0,1.0,0,0,0,2,4,50.0,50.0,0.0,0.0,0.0,bridge,көпір,мост
Q123705|Q130212458,2,3.5,3.5,2,0,0,0,2,0.0,100.0,100.0,0.0,0.0,,,
Q123705|Q130212458|Q22674925,2,3.5,3.5,2,0,0,0,2,0.0,100.0,100.0,0.0,0.0,,,
Q124734,2,2.0,2.0,2,0,0,4,6,66.67,33.33,100.0,0.0,0.0,rebellion,Көтеріліс,восстание
Q130003,2,1.5,1.5,1,0,0,1,3,33.33,66.67,50.0,0.0,0.0,ski resort,ski resort,горнолыжный курорт
Q130212458|Q1434274|Q21507948,2,4.0,4.0,2,0,0,0,2,0.0,100.0,100.0,0.0,0.0,,,
Q13197989,2,1.0,1.0,0,0,0,0,2,0.0,100.0,0.0,0.0,0.0,Sunni Islam of an area,Sunni Islam of an area,суннизм на территории
Q132241,2,1.5,1.5,1,0,0,1,3,33.33,66.67,50.0,0.0,0.0,festival,festival,фестиваль
Q132834,2,1.0,1.0,0,0,0,3,5,60.0,40.0,0.0,0.0,0.0,madrasa,Медресе,медресе
Q138825|Q20820102|Q249556|Q728937,2,3.0,3.0,2,0,0,0,2,0.0,100.0,100.0,0.0,0.0,,,
Q138825|Q728937,2,1.5,1.5,1,0,0,0,2,0.0,100.0,50.0,0.0,0.0,,,
Q1402592,2,2.5,2.5,1,0,0,3,5,60.0,40.0,50.0,0.0,0.0,island group,island group,группа островов
Q1437459,2,1.0,1.0,0,0,0,5,7,71.43,28.57,0.0,0.0,0.0,non-geologically related mountain range,non-geologically related mountain range,горы
Q1445650,2,2.0,2.0,1,0,0,4,6,66.67,33.33,50.0,0.0,0.0,holiday,мереке,праздник
Q150784,2,3.5,3.5,2,0,0,2,4,50.0,50.0,100.0,0.0,0.0,canyon,Каньон,каньон
Q15238777,2,1.0,1.0,0,0,0,0,2,0.0,100.0,0.0,0.0,0.0,legislative term,legislative term,срок полномочий законодательного органа
Q15642541,2,2.0,2.0,1,0,0,0,2,0.0,100.0,50.0,0.0,0.0,human-geographic territorial entity,human-geographic territorial entity,геополитическая область
Q159313,2,1.0,1.0,0,0,0,1,3,33.33,66.67,0.0,0.0,0.0,urban agglomeration,urban agglomeration,городская агломерация
Q159719,2,1.5,1.5,1,0,0,0,2,0.0,100.0,50.0,0.0,0.0,power station,электр стансасы,электростанция
Q16738832,2,1.5,1.5,1,0,0,0,2,0.0,100.0,50.0,0.0,0.0,criminal case,criminal case,уголовное дело
Q16889960,2,2.0,2.0,2,0,0,1,3,33.33,66.67,100.0,0.0,0.0,circus building,circus building,здание цирка
Q17270000,2,2.0,2.0,2,0,0,1,3,33.33,66.67,100.0,0.0,0.0,football club,football club,футбольный клуб
Q17524420,2,1.0,1.0,0,0,0,0,2,0.0,100.0,0.0,0.0,0.0,aspect of history,aspect of history,исторический аспект
Q179700|Q4989906,2,1.5,1.5,1,0,0,0,2,0.0,100.0,50.0,0.0,0.0,,,
Q18142,2,1.0,1.0,0,0,0,0,2,0.0,100.0,0.0,0.0,0.0,tower block,tower block,высотное здание
Q18340514|Q186117,2,1.0,1.0,0,0,0,0,2,0.0,100.0,0.0,0.0,0.0,,,
Q200141|Q839954,2,1.5,1.5,1,0,0,0,2,0.0,100.0,50.0,0.0,0.0,,,
Q207694,2,1.5,1.5,1,0,0,0,2,0.0,100.0,50.0,0.0,0.0,art museum,art museum,художественный музей
Q215380,2,3.0,3.0,2,0,0,2,4,50.0,50.0,100.0,0.0,0.0,musical group,musical group,музыкальная группа
Q22674925|Q2514025,2,1.0,1.0,0,0,0,0,2,0.0,100.0,0.0,0.0,0.0,,,
Q22687,2,1.5,1.5,1,0,0,10,12,83.33,16.67,50.0,0.0,0.0,bank,Банк,банк
Q2319498|Q41176,2,1.0,1.0,0,0,0,0,2,0.0,100.0,0.0,0.0,0.0,,,
Q2383962,2,1.0,1.0,0,0,0,0,2,0.0,100.0,0.0,0.0,0.0,vicariate (Eastern Orthodoxy),vicariate (Eastern Orthodoxy),викариатство
Q26213387,2,1.5,1.5,1,0,0,15,17,88.24,11.76,50.0,0.0,0.0,Olympic delegation,Olympic delegation,страна на Олимпийских играх
Q26884324,2,1.5,1.5,1,0,0,0,2,0.0,100.0,50.0,0.0,0.0,Wikimedia outline article,Wikimedia outline article,обзорная статья Викимедиа
Q27020779,2,1.0,1.0,0,0,0,0,2,0.0,100.0,0.0,0.0,0.0,ice hockey team season,ice hockey team season,хоккейный сезон
Q27028153,2,1.0,1.0,0,0,0,0,2,0.0,100.0,0.0,0.0,0.0,tram depot,tram depot,трамвайное депо
Q2912397,2,1.0,1.0,0,0,0,0,2,0.0,100.0,0.0,0.0,0.0,single-day road race,single-day road race,однодневная велогонка
Q294414,2,1.5,1.5,1,0,0,2,4,50.0,50.0,50.0,0.0,0.0,public office,мемлекеттік лауазым,государственная должность
Q2944640,2,1.0,1.0,0,0,0,0,2,0.0,100.0,0.0,0.0,0.0,gas-fired power station,gas-fired power station,газовая электростанция
Q2990963,2,2.5,2.5,2,0,0,2,4,50.0,50.0,100.0,0.0,0.0,figure skating competition,figure skating competition,соревнование по фигурному катанию
Q30178840,2,1.0,1.0,0,0,0,0,2,0.0,100.0,0.0,0.0,0.0,SCO summit,SCO summit,Саммит ШОС
Q3270632,2,1.0,1.0,0,0,0,0,2,0.0,100.0,0.0,0.0,0.0,national championship,national championship,национальный чемпионат
Q34763,2,1.0,1.0,0,0,0,12,14,85.71,14.29,0.0,0.0,0.0,peninsula,түбек,полуостров
Q372690,2,1.0,1.0,0,0,0,0,2,0.0,100.0,0.0,0.0,0.0,consulate general,consulate general,генеральное консульство
Q3874020,2,1.0,1.0,0,0,0,0,2,0.0,100.0,0.0,0.0,0.0,national youth sports team,national youth sports team,молодёжная сборная
Q3910963|Q47403752,2,3.0,3.0,2,0,0,0,2,0.0,100.0,100.0,0.0,0.0,,,
Q3982337,2,1.0,1.0,0,0,0,1,3,33.33,66.67,0.0,0.0,0.0,puppetry company,puppetry company,театр кукол
Q4087929,2,1.0,1.0,0,0,0,0,2,0.0,100.0,0.0,0.0,0.0,deanery,deanery,благочиние
Q4318087,2,1.0,1.0,0,0,0,0,2,0.0,100.0,0.0,0.0,0.0,oil and gas bearing oblast,oil and gas bearing oblast,нефтегазоносная область
Q47521,2,1.0,1.0,0,0,0,2,4,50.0,50.0,0.0,0.0,0.0,stream,stream,ручей
Q498002,2,2.5,2.5,2,0,0,0,2,0.0,100.0,100.0,0.0,0.0,aerial tramway,aerial tramway,воздушный трамвай
Q5003624,2,1.0,1.0,0,0,0,2,4,50.0,50.0,0.0,0.0,0.0,memorial,memorial,мемориал
Q55678,2,1.0,1.0,0,0,0,0,2,0.0,100.0,0.0,0.0,0.0,railway stop,railway stop,остановочный пункт на железной дороге
Q56061,2,1.5,1.5,1,0,0,12,14,85.71,14.29,50.0,0.0,0.0,administrative territorial entity,әкімшілік-аумақтық бөлініс,административно-территориальная единица
Q60754876,2,2.0,2.0,2,0,0,0,2,0.0,100.0,100.0,0.0,0.0,grade of an order,grade of an order,степень ордена
Q6138323,2,1.0,1.0,0,0,0,0,2,0.0,100.0,0.0,0.0,0.0,railway workshop,railway workshop,вагоноремонтное предприятие
Q63418223,2,1.0,1.0,0,0,0,1,3,33.33,66.67,0.0,0.0,0.0,women’s national volleyball team,women’s national volleyball team,женская сборная страны по волейболу
Q695850,2,3.5,3.5,2,0,0,3,5,60.0,40.0,100.0,0.0,0.0,airbase,Авиациялық база,военный аэродром
Q7075,2,1.0,1.0,0,0,0,16,18,88.89,11.11,0.0,0.0,0.0,library,кітапхана,библиотека
Q757292,2,1.5,1.5,1,0,0,0,2,0.0,100.0,50.0,0.0,0.0,border checkpoint,border checkpoint,пункт пропуска через государственную границу
Q783794,2,1.0,1.0,0,0,0,3,5,60.0,40.0,0.0,0.0,0.0,company,фирма,компания
Q810808,2,1.5,1.5,1,0,0,0,2,0.0,100.0,50.0,0.0,0.0,batholith,Батолит,Батолит
Q811534,2,1.5,1.5,1,0,0,0,2,0.0,100.0,50.0,0.0,0.0,remarkable tree,remarkable tree,примечательное дерево
Q83405,2,1.5,1.5,1,0,0,6,8,75.0,25.0,50.0,0.0,0.0,factory,Фабрика,фабрика
Q99527323,2,1.5,1.5,1,0,0,1,3,33.33,66.67,50.0,0.0,0.0,architecture of geographic location,architecture of geographic location,архитектура территории
Q100786919|Q47345468,1,11.0,11.0,1,1,1,0,1,0.0,100.0,100.0,100.0,100.0,,,
Q100786919|Q47403752,1,10.0,10.0,1,1,1,0,1,0.0,100.0,100.0,100.0,100.0,,,
Q105390172,1,15.0,15.0,1,1,1,0,1,0.0,100.0,100.0,100.0,100.0,Roman Catholic metropolitan archdiocese,Roman Catholic metropolitan archdiocese,римско-католическая митрополия-архиепископия
Q105758271|Q1345691,1,13.0,13.0,1,1,1,0,1,0.0,100.0,100.0,100.0,100.0,,,
Q105897950,1,12.0,12.0,1,1,1,0,1,0.0,100.0,100.0,100.0,100.0,agriculture by country or territory,agriculture by country or territory,сельское хозяйство на территории
Q106123|Q34442,1,18.0,18.0,1,1,1,0,1,0.0,100.0,100.0,100.0,100.0,,,
Q107357104|Q108436459,1,12.0,12.0,1,1,1,0,1,0.0,100.0,100.0,100.0,100.0,,,
Q107637871,1,27.0,27.0,1,1,1,0,1,0.0,100.0,100.0,100.0,100.0,transboundary site,transboundary site,transboundary site
Q11086064|Q3887|Q64728935,1,10.0,10.0,1,1,1,0,1,0.0,100.0,100.0,100.0,100.0,,,
Q112128334|Q46169|Q473972,1,8.0,8.0,1,1,0,0,1,0.0,100.0,100.0,100.0,0.0,,,
Q113254938,1,5.0,5.0,1,1,0,0,1,0.0,100.0,100.0,100.0,0.0,spacecraft fleet,spacecraft fleet,Космический флот
Q113681824|Q2990216|Q4830453,1,6.0,6.0,1,1,0,0,1,0.0,100.0,100.0,100.0,0.0,,,
Q114609228|Q13406554|Q18325242|Q2949123,1,5.0,5.0,1,1,0,0,1,0.0,100.0,100.0,100.0,0.0,,,
Q115346835|Q183366,1,53.0,53.0,1,1,1,0,1,0.0,100.0,100.0,100.0,100.0,,,
Q115346835|Q6617741,1,38.0,38.0,1,1,1,0,1,0.0,100.0,100.0,100.0,100.0,,,
Q117103628,1,8.0,8.0,1,1,0,0,1,0.0,100.0,100.0,100.0,0.0,national water polo team,national water polo team,national water polo team
Q1193236|Q17232649,1,14.0,14.0,1,1,1,0,1,0.0,100.0,100.0,100.0,100.0,,,
Q119942457|Q2466826,1,10.0,10.0,1,1,1,0,1,0.0,100.0,100.0,100.0,100.0,,,
Q12018180|Q1437459|Q4421924,1,40.0,40.0,1,1,1,0,1,0.0,100.0,100.0,100.0,100.0,,,
Q12164334|Q1445650,1,6.0,6.0,1,1,0,0,1,0.0,100.0,100.0,100.0,0.0,,,
Q124221947|Q6617741|Q8514,1,7.0,7.0,1,1,0,0,1,0.0,100.0,100.0,100.0,0.0,,,
Q12552199,1,5.0,5.0,1,1,0,0,1,0.0,100.0,100.0,100.0,0.0,main gas pipeline,Магистральды газ құбыры,магистральный газопровод
Q1288568|Q2966838|Q33742,1,11.0,11.0,1,1,1,0,1,0.0,100.0,100.0,100.0,100.0,,,
Q1288568|Q34770,1,50.0,50.0,1,1,1,0,1,0.0,100.0,100.0,100.0,100.0,,,
Q12932380,1,7.0,7.0,1,1,0,0,1,0.0,100.0,100.0,100.0,0.0,Hinduism of an area,Hinduism of an area,индуизм на территории
Q130212458|Q55488,1,5.0,5.0,1,1,0,0,1,0.0,100.0,100.0,100.0,0.0,,,
Q1318941|Q2912397,1,10.0,10.0,1,1,1,0,1,0.0,100.0,100.0,100.0,100.0,,,
Q135747780,1,12.0,12.0,1,1,1,0,1,0.0,100.0,100.0,100.0,100.0,women's national ice hockey team,women's national ice hockey team,women's national ice hockey team
Q137186904,1,31.0,31.0,1,1,1,0,1,0.0,100.0,100.0,100.0,100.0,transcontinental region,transcontinental region,трансконтинентальный регион
Q13785326,1,5.0,5.0,1,1,0,0,1,0.0,100.0,100.0,100.0,0.0,2014 Fed Cup,2014 Fed Cup,Кубок Федерации 2014
Q1431554,1,14.0,14.0,1,1,1,0,1,0.0,100.0,100.0,100.0,100.0,apostolic administration,apostolic administration,апостольская администратура
Q1431554|Q665487,1,12.0,12.0,1,1,1,0,1,0.0,100.0,100.0,100.0,100.0,,,
Q149918|Q19362195,1,7.0,7.0,1,1,0,0,1,0.0,100.0,100.0,100.0,0.0,,,
Q15239622|Q23442,1,10.0,10.0,1,1,1,0,1,0.0,100.0,100.0,100.0,100.0,,,
Q163687,1,6.0,6.0,1,1,0,0,1,0.0,100.0,100.0,100.0,0.0,basilica,Базилика,базилика
Q16970|Q2031836|Q334383,1,6.0,6.0,1,1,0,0,1,0.0,100.0,100.0,100.0,0.0,,,
Q17028018|Q210272,1,59.0,59.0,1,1,1,0,1,0.0,100.0,100.0,100.0,100.0,,,
Q1756006|Q20652655|Q20653566,1,5.0,5.0,1,1,0,0,1,0.0,100.0,100.0,100.0,0.0,,,
Q178706,1,8.0,8.0,1,1,0,0,1,0.0,100.0,100.0,100.0,0.0,institution,Әлеуметтік ұйым,общественный институт
Q17898,1,22.0,22.0,1,1,1,0,1,0.0,100.0,100.0,100.0,100.0,LGBT rights by country or territory,LGBT rights by country or territory,права ЛГБТ на территории
Q18389209|Q405155|Q43229|Q7834916,1,11.0,11.0,1,1,1,0,1,0.0,100.0,100.0,100.0,100.0,,,
Q18493502|Q2223653,1,6.0,6.0,1,1,0,0,1,0.0,100.0,100.0,100.0,0.0,,,
Q1933026,1,5.0,5.0,1,1,0,0,1,0.0,100.0,100.0,100.0,0.0,launch site,launch site,пусковая площадка
Q1933026|Q194188|Q53732481,1,10.0,10.0,1,1,1,0,1,0.0,100.0,100.0,100.0,100.0,,,
Q1959314|Q23397,1,7.0,7.0,1,1,0,0,1,0.0,100.0,100.0,100.0,0.0,,,
Q1970365,1,6.0,6.0,1,1,0,0,1,0.0,100.0,100.0,100.0,0.0,natural history museum,natural history museum,музей естественной истории
Q2026692,1,14.0,14.0,1,1,1,0,1,0.0,100.0,100.0,100.0,100.0,BN reactor,BN reactor,БН
Q2088357,1,5.0,5.0,1,1,0,1,2,50.0,50.0,100.0,100.0,0.0,musical ensemble,musical ensemble,музыкальный ансамбль
Q2306612,1,6.0,6.0,1,1,0,0,1,0.0,100.0,100.0,100.0,0.0,national road cycling championship,national road cycling championship,Национальный чемпионат по шоссейному велоспорту
Q2338524,1,6.0,6.0,1,1,0,0,1,0.0,100.0,100.0,100.0,0.0,motorsport racing track,Автодром,автодром
Q23397|Q47486890,1,26.0,26.0,1,1,1,0,1,0.0,100.0,100.0,100.0,100.0,,,
Q23901137|Q6979593,1,8.0,8.0,1,1,0,0,1,0.0,100.0,100.0,100.0,0.0,,,
Q24871403|Q350929,1,12.0,12.0,1,1,1,0,1,0.0,100.0,100.0,100.0,100.0,,,
Q2515494,1,5.0,5.0,1,1,0,2,3,66.67,33.33,100.0,100.0,0.0,constitutional referendum,constitutional referendum,конституционный референдум
Q2739132,1,6.0,6.0,1,1,0,0,1,0.0,100.0,100.0,100.0,0.0,World Allround Speed Skating Championships for Men,World Allround Speed Skating Championships for Men,Чемпионат мира по конькобежному спорту в классическом многоборье — мужчины
Q28653|Q2888028|Q43229,1,30.0,30.0,1,1,1,0,1,0.0,100.0,100.0,100.0,100.0,,,
Q295469|Q6617741,1,6.0,6.0,1,1,0,0,1,0.0,100.0,100.0,100.0,0.0,,,
Q3241045|Q83741704,1,28.0,28.0,1,1,1,0,1,0.0,100.0,100.0,100.0,100.0,,,
Q34379419|Q8514,1,5.0,5.0,1,1,0,0,1,0.0,100.0,100.0,100.0,0.0,,,
Q34763|Q52103661,1,20.0,20.0,1,1,1,0,1,0.0,100.0,100.0,100.0,100.0,,,
Q349,1,9.0,9.0,1,1,0,0,1,0.0,100.0,100.0,100.0,0.0,sport,спорт,спорт
Q35535|Q35798,1,5.0,5.0,1,1,0,0,1,0.0,100.0,100.0,100.0,0.0,,,
Q35823051|Q46135307,1,5.0,5.0,1,1,0,0,1,0.0,100.0,100.0,100.0,0.0,,,
Q3839081|Q7944|Q8065,1,8.0,8.0,1,1,0,0,1,0.0,100.0,100.0,100.0,0.0,,,
Q3887|Q5681048,1,15.0,15.0,1,1,1,0,1,0.0,100.0,100.0,100.0,100.0,,,
Q3887|Q5691927,1,11.0,11.0,1,1,1,0,1,0.0,100.0,100.0,100.0,100.0,,,
Q4296769,1,5.0,5.0,1,1,0,0,1,0.0,100.0,100.0,100.0,0.0,metropolitan district,metropolitan district,митрополичий округ
Q43109,1,5.0,5.0,1,1,0,1,2,50.0,50.0,100.0,100.0,0.0,referendum,референдум,референдум
Q4338251,1,7.0,7.0,1,1,0,0,1,0.0,100.0,100.0,100.0,0.0,MVD special camp,MVD special camp,Особые лагеря
Q4433740,1,10.0,10.0,1,1,1,0,1,0.0,100.0,100.0,100.0,100.0,women's national basketball team,women's national basketball team,Список женских национальных сборных по баскетболу
Q44512,1,7.0,7.0,1,1,0,0,1,0.0,100.0,100.0,100.0,0.0,epidemic,эпидемия,эпидемия
Q45762,1,7.0,7.0,1,1,0,0,1,0.0,100.0,100.0,100.0,0.0,dead language,өлі тілдер,мёртвый язык
Q47460286,1,8.0,8.0,1,1,0,0,1,0.0,100.0,100.0,100.0,0.0,national beach soccer team,national beach soccer team,сборная страны по пляжному футболу
Q4830453|Q489209|Q91908604,1,5.0,5.0,1,1,0,0,1,0.0,100.0,100.0,100.0,0.0,,,
Q489209|Q820477,1,5.0,5.0,1,1,0,0,1,0.0,100.0,100.0,100.0,0.0,,,
Q5225895,1,7.0,7.0,1,1,0,0,1,0.0,100.0,100.0,100.0,0.0,public limited company,public limited company,public limited company
Q55818,1,8.0,8.0,1,1,0,1,2,50.0,50.0,100.0,100.0,0.0,impact crater,Метеориттік кратер,ударный кратер
Q58841125,1,10.0,10.0,1,1,1,0,1,0.0,100.0,100.0,100.0,100.0,women's national rugby union team,women's national rugby union team,женская сборная страны по регби
Q58973026,1,7.0,7.0,1,1,0,0,1,0.0,100.0,100.0,100.0,0.0,rugby union governing body,rugby union governing body,rugby union governing body
Q59541917,1,25.0,25.0,1,1,1,0,1,0.0,100.0,100.0,100.0,100.0,Wikimedia topic category,Wikimedia topic category,тематическая категория Викимедиа
Q61441268,1,6.0,6.0,1,1,0,1,2,50.0,50.0,100.0,100.0,0.0,professional holiday,professional holiday,профессиональный праздник
Q620045,1,6.0,6.0,1,1,0,0,1,0.0,100.0,100.0,100.0,0.0,apostolic nunciature,apostolic nunciature,апостольская нунциатура
Q63364175,1,8.0,8.0,1,1,0,0,1,0.0,100.0,100.0,100.0,0.0,ice hockey federation,ice hockey federation,федерация хоккея
Q63416577,1,15.0,15.0,1,1,1,0,1,0.0,100.0,100.0,100.0,100.0,national volleyball team,national volleyball team,национальная сборная по волейболу
Q637017,1,5.0,5.0,1,1,0,0,1,0.0,100.0,100.0,100.0,0.0,episcopal conference,episcopal conference,конференция католических епископов
Q64025381,1,5.0,5.0,1,1,0,0,1,0.0,100.0,100.0,100.0,0.0,women's national rugby sevens team,women's national rugby sevens team,women's national rugby sevens team
Q6617741|Q8514,1,9.0,9.0,1,1,0,0,1,0.0,100.0,100.0,100.0,0.0,,,
Q66817758,1,15.0,15.0,1,1,1,0,1,0.0,100.0,100.0,100.0,100.0,national tennis team,national tennis team,сборная страны по теннису
Q69358181,1,16.0,16.0,1,1,1,0,1,0.0,100.0,100.0,100.0,100.0,human rights by country or territory,human rights by country or territory,права человека по странам или территориям
Q7251007,1,6.0,6.0,1,1,0,0,1,0.0,100.0,100.0,100.0,0.0,prostitution by region,prostitution by region,проституция на территории
Q75179296,1,8.0,8.0,1,1,0,1,2,50.0,50.0,100.0,100.0,0.0,ice hockey league,ice hockey league,хоккейная лига
Q769696,1,27.0,27.0,1,1,1,0,1,0.0,100.0,100.0,100.0,100.0,national minority,national minority,национальное меньшинство
Q875538,1,5.0,5.0,1,1,0,2,3,66.67,33.33,100.0,100.0,0.0,public university,public university,общественный университет
Q9259,1,9.0,9.0,1,1,0,0,1,0.0,100.0,100.0,100.0,0.0,World Heritage Site,Әлемдік мұра,всемирное наследие
Q102421356,1,1.0,1.0,0,0,0,0,1,0.0,100.0,0.0,0.0,0.0,national pavillon,national pavillon,national pavillon
Q10313934|Q23397,1,3.0,3.0,1,0,0,0,1,0.0,100.0,100.0,0.0,0.0,,,
Q10379048,1,1.0,1.0,0,0,0,0,1,0.0,100.0,0.0,0.0,0.0,health technology,health technology,санитарные технологии
Q10517054,1,1.0,1.0,0,0,0,1,2,50.0,50.0,0.0,0.0,0.0,handball team,handball team,гандбольная команда
Q1057026|Q46970,1,2.0,2.0,1,0,0,0,1,0.0,100.0,100.0,0.0,0.0,,,
Q105985,1,2.0,2.0,1,0,0,0,1,0.0,100.0,100.0,0.0,0.0,judiciary,Сот билігі,судебная власть
Q1060409,1,1.0,1.0,0,0,0,0,1,0.0,100.0,0.0,0.0,0.0,honor guard,honor guard,часовой
Q10624527,1,1.0,1.0,0,0,0,1,2,50.0,50.0,0.0,0.0,0.0,biographical museum,biographical museum,персональный музей
Q106317256,1,1.0,1.0,0,0,0,0,1,0.0,100.0,0.0,0.0,0.0,nuclear arsenal,nuclear arsenal,ядерный арсенал
Q106861159,1,4.0,4.0,1,0,0,0,1,0.0,100.0,100.0,0.0,0.0,national road cycling championships - ITT,national road cycling championships - ITT,Национальные чемпионаты по шоссейному велоспорту - индивидуальные гонки
Q106978510|Q420962,1,2.0,2.0,1,0,0,0,1,0.0,100.0,100.0,0.0,0.0,,,
Q107359024,1,1.0,1.0,0,0,0,0,1,0.0,100.0,0.0,0.0,0.0,class of election,class of election,тип выборов
Q1078286,1,1.0,1.0,0,0,0,0,1,0.0,100.0,0.0,0.0,0.0,military band,military band,военный оркестр
Q1081138,1,4.0,4.0,1,0,0,1,2,50.0,50.0,100.0,0.0,0.0,historic site,historic site,памятник истории
Q1081138|Q41176,1,1.0,1.0,0,0,0,0,1,0.0,100.0,0.0,0.0,0.0,,,
Q108395614|Q117819338|Q15720476,1,1.0,1.0,0,0,0,0,1,0.0,100.0,0.0,0.0,0.0,,,
Q108788952|Q17524420,1,2.0,2.0,1,0,0,0,1,0.0,100.0,100.0,0.0,0.0,,,
Q1088552,1,1.0,1.0,0,0,0,0,1,0.0,100.0,0.0,0.0,0.0,Catholic church building,костел,костёл
Q11033,1,1.0,1.0,0,0,0,0,1,0.0,100.0,0.0,0.0,0.0,mass media,бұқаралық ақпарат құралы,средство массовой информации
Q11033|Q35127,1,1.0,1.0,0,0,0,0,1,0.0,100.0,0.0,0.0,0.0,,,
Q110548223,1,2.0,2.0,1,0,0,0,1,0.0,100.0,100.0,0.0,0.0,proposed legislation,proposed legislation,предлагаемый законодательный акт
Q112128334|Q112876|Q23790,1,1.0,1.0,0,0,0,0,1,0.0,100.0,0.0,0.0,0.0,,,
Q112128334|Q46169,1,2.0,2.0,1,0,0,0,1,0.0,100.0,100.0,0.0,0.0,,,
Q112128334|Q473972,1,2.0,2.0,1,0,0,0,1,0.0,100.0,100.0,0.0,0.0,,,
Q11223998,1,3.0,3.0,1,0,0,0,1,0.0,100.0,100.0,0.0,0.0,IJF World Tour,IJF World Tour,IJF World Tour
Q11303,1,3.0,3.0,1,0,0,1,2,50.0,50.0,100.0,0.0,0.0,skyscraper,Көктіреген,небоскрёб
Q113065939,1,3.0,3.0,1,0,0,0,1,0.0,100.0,100.0,0.0,0.0,Embassy of the United States,Embassy of the United States,посольство США
Q11315|Q132510,1,1.0,1.0,0,0,0,0,1,0.0,100.0,0.0,0.0,0.0,,,
Q11362251,1,3.0,3.0,1,0,0,0,1,0.0,100.0,100.0,0.0,0.0,World Judo Cadets Championships,World Judo Cadets Championships,World Judo Cadets Championships
Q114055312,1,3.0,3.0,1,0,0,0,1,0.0,100.0,100.0,0.0,0.0,national baseball team,national baseball team,national baseball team
Q114609228|Q11783626,1,1.0,1.0,0,0,0,0,1,0.0,100.0,0.0,0.0,0.0,,,
Q114609228|Q18325242|Q2949123|Q61983760,1,4.0,4.0,1,0,0,0,1,0.0,100.0,100.0,0.0,0.0,,,
Q114609228|Q27020041,1,2.0,2.0,1,0,0,0,1,0.0,100.0,100.0,0.0,0.0,,,
Q115135140,1,1.0,1.0,0,0,0,0,1,0.0,100.0,0.0,0.0,0.0,futsal competition,futsal competition,соревнование по футзалу
Q1153191,1,1.0,1.0,0,0,0,1,2,50.0,50.0,0.0,0.0,0.0,online newspaper,online newspaper,интернет-издание
Q1153191|Q14350,1,1.0,1.0,0,0,0,0,1,0.0,100.0,0.0,0.0,0.0,,,
Q11572907,1,1.0,1.0,0,0,0,0,1,0.0,100.0,0.0,0.0,0.0,order of succession,order of succession,Престолонаследие
Q11670533|Q1335652|Q2175765|Q928830,1,1.0,1.0,0,0,0,0,1,0.0,100.0,0.0,0.0,0.0,,,
Q116953048,1,1.0,1.0,0,0,0,0,1,0.0,100.0,0.0,0.0,0.0,beach soccer club,beach soccer club,пляжный футбольный клуб
Q117086260,1,4.0,4.0,1,0,0,0,1,0.0,100.0,100.0,0.0,0.0,national field hockey team,national field hockey team,сборная по хоккею на траве
Q117819097,1,1.0,1.0,0,0,0,0,1,0.0,100.0,0.0,0.0,0.0,women's basketball club,women's basketball club,женский баскетбольный клуб
Q117819097|Q13393265,1,1.0,1.0,0,0,0,0,1,0.0,100.0,0.0,0.0,0.0,,,
Q117819211,1,1.0,1.0,0,0,0,0,1,0.0,100.0,0.0,0.0,0.0,men's basketball club,men's basketball club,мужской баскетбольный клуб
Q11783626,1,1.0,1.0,0,0,0,0,1,0.0,100.0,0.0,0.0,0.0,athletics meeting,athletics meeting,соревнование по лёгкой атлетике
Q11812394,1,1.0,1.0,0,0,0,10,11,90.91,9.09,0.0,0.0,0.0,theatre company,theatre company,театральная организация
Q1181413,1,1.0,1.0,0,0,0,2,3,66.67,33.33,0.0,0.0,0.0,palace of culture,palace of culture,дворец культуры
Q118188609,1,1.0,1.0,0,0,0,0,1,0.0,100.0,0.0,0.0,0.0,beach soccer competition,beach soccer competition,соревнование по пляжному футболу
Q11892333,1,2.0,2.0,1,0,0,0,1,0.0,100.0,100.0,0.0,0.0,freedom of speech by country,freedom of speech by country,freedom of speech by country
Q1190554,1,1.0,1.0,0,0,0,1,2,50.0,50.0,0.0,0.0,0.0,occurrence,occurrence,событие
Q119442487,1,2.0,2.0,1,0,0,0,1,0.0,100.0,100.0,0.0,0.0,Kazakhstan Future Series,Kazakhstan Future Series,Kazakhstan Future Series
Q1197685,1,4.0,4.0,1,0,0,7,8,87.5,12.5,100.0,0.0,0.0,public holiday,public holiday,государственный праздник
Q119942457,1,1.0,1.0,0,0,0,0,1,0.0,100.0,0.0,0.0,0.0,UCI Women's Continental Team,UCI Women's Continental Team,UCI Women's Continental Team
Q120762068,1,1.0,1.0,0,0,0,0,1,0.0,100.0,0.0,0.0,0.0,Asian Road Cycling Championships - Women U23 ITT,Asian Road Cycling Championships - Women U23 ITT,Чемпионат Азии по шоссейному велоспорту - индивидуальная гонка (женщины U23)
Q12091026,1,1.0,1.0,0,0,0,0,1,0.0,100.0,0.0,0.0,0.0,coal deposit,coal deposit,угольное месторождение
Q121182,1,1.0,1.0,0,0,0,0,1,0.0,100.0,0.0,0.0,0.0,information system,Ақпарат жүйесі,информационная система
Q12132769,1,1.0,1.0,0,0,0,2,3,66.67,33.33,0.0,0.0,0.0,oil and gas field,oil and gas field,нефтегазовое месторождение
Q12132780,1,1.0,1.0,0,0,0,0,1,0.0,100.0,0.0,0.0,0.0,oil and gas bearing province,oil and gas bearing province,нефтегазоносная провинция
Q121556053,1,1.0,1.0,0,0,0,0,1,0.0,100.0,0.0,0.0,0.0,wrestling competition,wrestling competition,соревнования по борьбе
Q12280169,1,2.0,2.0,1,0,0,0,1,0.0,100.0,100.0,0.0,0.0,animal husbandry of an area,animal husbandry of an area,животноводство на территории
Q12308941,1,1.0,1.0,0,0,0,0,1,0.0,100.0,0.0,0.0,0.0,male given name,ер адамның жеке есімі,мужское личное имя
Q123237442,1,4.0,4.0,1,0,0,0,1,0.0,100.0,100.0,0.0,0.0,sex trafficking by country or territory,sex trafficking by country or territory,sex trafficking by country or territory
Q123705|Q22674925,1,4.0,4.0,1,0,0,0,1,0.0,100.0,100.0,0.0,0.0,,,
Q123705|Q604435,1,1.0,1.0,0,0,0,0,1,0.0,100.0,0.0,0.0,0.0,,,
Q123991|Q2221906,1,2.0,2.0,1,0,0,0,1,0.0,100.0,100.0,0.0,0.0,,,
Q124098638,1,1.0,1.0,0,0,0,0,1,0.0,100.0,0.0,0.0,0.0,Roman Catholic ecclesiastical province,Roman Catholic ecclesiastical province,римско-католическая церковная провинция
Q12413618|Q1292279,1,2.0,2.0,1,0,0,0,1,0.0,100.0,100.0,0.0,0.0,,,
Q1248784,1,1.0,1.0,0,0,0,31,32,96.88,3.12,0.0,0.0,0.0,airport,әуежай,аэропорт
Q1248784|Q4989906,1,1.0,1.0,0,0,0,0,1,0.0,100.0,0.0,0.0,0.0,,,
Q1248784|Q695850,1,3.0,3.0,1,0,0,0,1,0.0,100.0,100.0,0.0,0.0,,,
Q12518,1,1.0,1.0,0,0,0,3,4,75.0,25.0,0.0,0.0,0.0,tower,Мұнара,башня
Q125505344|Q130212458|Q21507948,1,3.0,3.0,1,0,0,0,1,0.0,100.0,100.0,0.0,0.0,,,
Q125569386|Q209465,1,1.0,1.0,0,0,0,0,1,0.0,100.0,0.0,0.0,0.0,,,
Q1268865,1,2.0,2.0,1,0,0,0,1,0.0,100.0,100.0,0.0,0.0,light rail,light rail,легкорельсовый транспорт
Q12737077|Q294414,1,1.0,1.0,0,0,0,0,1,0.0,100.0,0.0,0.0,0.0,,,
Q12768272,1,1.0,1.0,0,0,0,0,1,0.0,100.0,0.0,0.0,0.0,Judaism of an area,Judaism of an area,иудаизм на территории
Q12830341,1,3.0,3.0,1,0,0,0,1,0.0,100.0,100.0,0.0,0.0,Eastern Orthodoxy of an area,Eastern Orthodoxy of an area,православие на территории
Q12830429,1,1.0,1.0,0,0,0,0,1,0.0,100.0,0.0,0.0,0.0,Protestantism of an area,Protestantism of an area,протестантизм на территории
Q12897688,1,2.0,2.0,1,0,0,0,1,0.0,100.0,100.0,0.0,0.0,Jehovah's Witnesses of an area,Jehovah's Witnesses of an area,Свидетели Иеговы на территории
Q12909644,1,1.0,1.0,0,0,0,0,1,0.0,100.0,0.0,0.0,0.0,political ideology,саяси идеология,политическая идеология
Q12973014|Q67608976|Q6979593,1,3.0,3.0,1,0,0,0,1,0.0,100.0,100.0,0.0,0.0,,,
Q129730229,1,1.0,1.0,0,0,0,35,36,97.22,2.78,0.0,0.0,0.0,akimat of city of regional significance,облыстық маңызы бар қалалардың әкімдігі,акимат города областного значения
Q130003|Q4830453,1,2.0,2.0,1,0,0,0,1,0.0,100.0,100.0,0.0,0.0,,,
Q130212458|Q24575110,1,1.0,1.0,0,0,0,0,1,0.0,100.0,0.0,0.0,0.0,,,
Q13052937,1,4.0,4.0,1,0,0,0,1,0.0,100.0,100.0,0.0,0.0,Armenian Apostolic Church diocese,Armenian Apostolic Church diocese,епархия Армянской апостольской церкви
Q13107170|Q2244884|Q25619|Q89578131,1,3.0,3.0,1,0,0,0,1,0.0,100.0,100.0,0.0,0.0,,,
Q131569,1,2.0,2.0,1,0,0,2,3,66.67,33.33,100.0,0.0,0.0,treaty,Халықаралық келiсiмдер,международный договор
Q131569|Q2620826,1,1.0,1.0,0,0,0,0,1,0.0,100.0,0.0,0.0,0.0,,,
Q131647,1,2.0,2.0,1,0,0,25,26,96.15,3.85,100.0,0.0,0.0,medal,медаль,медаль
Q131734,1,1.0,1.0,0,0,0,0,1,0.0,100.0,0.0,0.0,0.0,brewery,brewery,пивоварня
Q13226383,1,1.0,1.0,0,0,0,3,4,75.0,25.0,0.0,0.0,0.0,facility,facility,площадка
Q132510,1,1.0,1.0,0,0,0,0,1,0.0,100.0,0.0,0.0,0.0,market,Базар,рынок
Q132510|Q41176,1,4.0,4.0,1,0,0,0,1,0.0,100.0,100.0,0.0,0.0,,,
Q1329623,1,1.0,1.0,0,0,0,0,1,0.0,100.0,0.0,0.0,0.0,cultural center,cultural center,культурный центр
Q133004,1,1.0,1.0,0,0,0,0,1,0.0,100.0,0.0,0.0,0.0,diaspora,Диаспора,диаспора
Q1331793,1,2.0,2.0,1,0,0,1,2,50.0,50.0,100.0,0.0,0.0,media company,media company,медиакомпания
Q133744,1,3.0,3.0,1,0,0,0,1,0.0,100.0,100.0,0.0,0.0,tour operator,tour operator,туроператор
Q1339195|Q55488,1,3.0,3.0,1,0,0,0,1,0.0,100.0,100.0,0.0,0.0,,,
Q13406463|Q358078,1,1.0,1.0,0,0,0,0,1,0.0,100.0,0.0,0.0,0.0,,,
Q1349255,1,1.0,1.0,0,0,0,4,5,80.0,20.0,0.0,0.0,0.0,natural gas field,Газ кені,месторождение природного газа
Q1358919,1,1.0,1.0,0,0,0,0,1,0.0,100.0,0.0,0.0,0.0,bicycle-sharing system,bicycle-sharing system,велопрокат
Q1364157,1,1.0,1.0,0,0,0,9,10,90.0,10.0,0.0,0.0,0.0,philharmonic society,филармония,филармония
Q1370598,1,1.0,1.0,0,0,0,1,2,50.0,50.0,0.0,0.0,0.0,structure of worship,structure of worship,культовое сооружение
Q137455956,1,2.0,2.0,1,0,0,0,1,0.0,100.0,100.0,0.0,0.0,Defunct episcopal conference,Defunct episcopal conference,Defunct episcopal conference
Q137871518,1,1.0,1.0,0,0,0,0,1,0.0,100.0,0.0,0.0,0.0,nation in the New Wave competition,nation in the New Wave competition,страна в конкурсе Новая волна
Q138825|Q20820102|Q728937,1,3.0,3.0,1,0,0,0,1,0.0,100.0,100.0,0.0,0.0,,,
Q140360298,1,1.0,1.0,0,0,0,0,1,0.0,100.0,0.0,0.0,0.0,,,купеческая династия
Q1407225,1,1.0,1.0,0,0,0,0,1,0.0,100.0,0.0,0.0,0.0,television award,television award,награда в области телевидения
Q1434274,1,2.0,2.0,1,0,0,4,5,80.0,20.0,100.0,0.0,0.0,agronym,agronym,урочище
Q1451906|Q15410549|Q43229,1,1.0,1.0,0,0,0,0,1,0.0,100.0,0.0,0.0,0.0,,,
Q14660,1,2.0,2.0,1,0,0,0,1,0.0,100.0,100.0,0.0,0.0,flag,ту,флаг
Q1478437,1,1.0,1.0,0,0,0,1,2,50.0,50.0,0.0,0.0,0.0,association football competition,association football competition,футбольный турнир
Q149621,1,2.0,2.0,1,0,0,0,1,0.0,100.0,100.0,0.0,0.0,district,district,дистрикт
Q1496456,1,4.0,4.0,1,0,0,0,1,0.0,100.0,100.0,0.0,0.0,2013 Fed Cup,2013 Fed Cup,Кубок Федерации 2013
Q1497364|Q24398318,1,1.0,1.0,0,0,0,0,1,0.0,100.0,0.0,0.0,0.0,,,
Q1497364|Q2983893,1,2.0,2.0,1,0,0,0,1,0.0,100.0,100.0,0.0,0.0,,,
Q15072596|Q21507948|Q532,1,2.0,2.0,1,0,0,0,1,0.0,100.0,100.0,0.0,0.0,,,
Q1510380,1,3.0,3.0,1,0,0,0,1,0.0,100.0,100.0,0.0,0.0,grove,grove,роща
Q15243209,1,1.0,1.0,0,0,0,0,1,0.0,100.0,0.0,0.0,0.0,historic district,historic district,исторический район города
Q15284636,1,1.0,1.0,0,0,0,0,1,0.0,100.0,0.0,0.0,0.0,presidential term,presidential term,президентский срок
Q1530022,1,1.0,1.0,0,0,0,0,1,0.0,100.0,0.0,0.0,0.0,religious organization,Діни бірлестіктер,религиозная организация
Q1550182|Q19832486,1,1.0,1.0,0,0,0,0,1,0.0,100.0,0.0,0.0,0.0,,,
Q155271|Q31855,1,1.0,1.0,0,0,0,0,1,0.0,100.0,0.0,0.0,0.0,,,
Q15617994,1,2.0,2.0,1,0,0,0,1,0.0,100.0,100.0,0.0,0.0,administrative territorial entity type,administrative territorial entity type,тип административно-территориальной единицы
Q15642541|Q47486890,1,1.0,1.0,0,0,0,0,1,0.0,100.0,0.0,0.0,0.0,,,
Q157031,1,1.0,1.0,0,0,0,2,3,66.67,33.33,0.0,0.0,0.0,foundation,Айырбас,фонд
Q15720476|Q847017,1,1.0,1.0,0,0,0,0,1,0.0,100.0,0.0,0.0,0.0,,,
Q158454,1,4.0,4.0,1,0,0,1,2,50.0,50.0,100.0,0.0,0.0,biosphere reserve,Адам және биосфера,биосферный заповедник ЮНЕСКО
Q15911314,1,1.0,1.0,0,0,0,1,2,50.0,50.0,0.0,0.0,0.0,association,association,ассоциация
Q1595639,1,1.0,1.0,0,0,0,1,2,50.0,50.0,0.0,0.0,0.0,local museum,local museum,краеведческий музей
Q15986354,1,3.0,3.0,1,0,0,0,1,0.0,100.0,100.0,0.0,0.0,basketball association,basketball association,баскетбольная федерация
Q15991303,1,2.0,2.0,1,0,0,3,4,75.0,25.0,100.0,0.0,0.0,association football league,association football league,футбольная лига
Q1601458|Q261604,1,3.0,3.0,1,0,0,0,1,0.0,100.0,100.0,0.0,0.0,,,
Q16043215,1,1.0,1.0,0,0,0,0,1,0.0,100.0,0.0,0.0,0.0,Sufism of an area,Sufism of an area,суфизм на территории
Q162602,1,1.0,1.0,0,0,0,0,1,0.0,100.0,0.0,0.0,0.0,river island,Өзен аралы,речной остров
Q163021|Q62832,1,1.0,1.0,0,0,0,0,1,0.0,100.0,0.0,0.0,0.0,,,
Q16334295|Q386636,1,1.0,1.0,0,0,0,0,1,0.0,100.0,0.0,0.0,0.0,,,
Q16349709,1,2.0,2.0,1,0,0,0,1,0.0,100.0,100.0,0.0,0.0,Baháʼí Faith of an area,Baháʼí Faith of an area,бахаи на территории
Q163740,1,1.0,1.0,0,0,0,1,2,50.0,50.0,0.0,0.0,0.0,nonprofit organization,коммерциялық емес ұйым,некоммерческая организация
Q164099,1,1.0,1.0,0,0,0,0,1,0.0,100.0,0.0,0.0,0.0,hoard,hoard,hoard
Q1659844|Q19983480,1,4.0,4.0,1,0,0,0,1,0.0,100.0,100.0,0.0,0.0,,,
Q1664720,1,1.0,1.0,0,0,0,2,3,66.67,33.33,0.0,0.0,0.0,institute,institute,институт
Q166735|Q23397,1,2.0,2.0,1,0,0,0,1,0.0,100.0,100.0,0.0,0.0,,,
Q166735|Q47486890,1,1.0,1.0,0,0,0,0,1,0.0,100.0,0.0,0.0,0.0,,,
Q16917,1,2.0,2.0,1,0,0,1,2,50.0,50.0,100.0,0.0,0.0,hospital,аурухана,больница
Q16970|Q84860894,1,1.0,1.0,0,0,0,0,1,0.0,100.0,0.0,0.0,0.0,,,
Q17156793,1,2.0,2.0,1,0,0,0,1,0.0,100.0,100.0,0.0,0.0,American football team,American football team,клуб американского футбола
Q1716124,1,4.0,4.0,1,0,0,0,1,0.0,100.0,100.0,0.0,0.0,national road,national road,дорога национального значения
Q17272692,1,2.0,2.0,1,0,0,0,1,0.0,100.0,100.0,0.0,0.0,IANA time zone,IANA time zone,часовой пояс IANA
Q17362920,1,1.0,1.0,0,0,0,0,1,0.0,100.0,0.0,0.0,0.0,Wikimedia duplicated page,Wikimedia duplicated page,дублирующая страница
Q17362920|Q23397,1,1.0,1.0,0,0,0,0,1,0.0,100.0,0.0,0.0,0.0,,,
Q1747184|Q3193890,1,1.0,1.0,0,0,0,0,1,0.0,100.0,0.0,0.0,0.0,,,
Q1756006|Q20639848,1,1.0,1.0,0,0,0,0,1,0.0,100.0,0.0,0.0,0.0,,,
Q1756477,1,1.0,1.0,0,0,0,0,1,0.0,100.0,0.0,0.0,0.0,league system,league system,система спортивных лиг
Q1774898,1,1.0,1.0,0,0,0,0,1,0.0,100.0,0.0,0.0,0.0,clinic,амбулатория,клиника
Q1781180|Q6558431,1,2.0,2.0,1,0,0,0,1,0.0,100.0,100.0,0.0,0.0,,,
Q178790,1,1.0,1.0,0,0,0,1,2,50.0,50.0,0.0,0.0,0.0,labor union,Тред-юниондар,профессиональный союз
Q179057|Q68800046,1,1.0,1.0,0,0,0,0,1,0.0,100.0,0.0,0.0,0.0,,,
Q18340550,1,2.0,2.0,1,0,0,0,1,0.0,100.0,100.0,0.0,0.0,Wikimedia timeline,Wikimedia timeline,статья — временная шкала
Q1851368,1,1.0,1.0,0,0,0,0,1,0.0,100.0,0.0,0.0,0.0,waterfront,waterfront,набережная
Q18536323,1,1.0,1.0,0,0,0,0,1,0.0,100.0,0.0,0.0,0.0,basketball league,basketball league,баскетбольная лига
Q18564543,1,1.0,1.0,0,0,0,0,1,0.0,100.0,0.0,0.0,0.0,international conference,international conference,международная конференция
Q18608583|Q40244,1,2.0,2.0,1,0,0,0,1,0.0,100.0,100.0,0.0,0.0,,,
Q18704634,1,3.0,3.0,1,0,0,0,1,0.0,100.0,100.0,0.0,0.0,railway museum,railway museum,железнодорожный музей
Q187931|Q2101619,1,1.0,1.0,0,0,0,0,1,0.0,100.0,0.0,0.0,0.0,,,
Q189004,1,1.0,1.0,0,0,0,5,6,83.33,16.67,0.0,0.0,0.0,college,Колледж,колледж
Q189533|Q4164871,1,2.0,2.0,1,0,0,0,1,0.0,100.0,100.0,0.0,0.0,,,
Q193424,1,2.0,2.0,1,0,0,0,1,0.0,100.0,100.0,0.0,0.0,web service,Веб-қызмет,веб-служба
Q19393726|Q27020041,1,1.0,1.0,0,0,0,0,1,0.0,100.0,0.0,0.0,0.0,,,
Q194188,1,3.0,3.0,1,0,0,1,2,50.0,50.0,100.0,0.0,0.0,spaceport,Ғарыш айлағы,космодром
Q194356,1,1.0,1.0,0,0,0,0,1,0.0,100.0,0.0,0.0,0.0,wind farm,Жел электрлік стансысы,ветряная электростанция
Q1969448,1,1.0,1.0,0,0,0,0,1,0.0,100.0,0.0,0.0,0.0,term,термин,термин
Q19753333,1,1.0,1.0,0,0,0,0,1,0.0,100.0,0.0,0.0,0.0,nuclear weapons program,nuclear weapons program,программа ядерного оружия
Q19860854|Q41253,1,1.0,1.0,0,0,0,0,1,0.0,100.0,0.0,0.0,0.0,,,
Q19953632|Q27002|Q4414032,1,1.0,1.0,0,0,0,0,1,0.0,100.0,0.0,0.0,0.0,,,
Q20057844,1,1.0,1.0,0,0,0,0,1,0.0,100.0,0.0,0.0,0.0,Mormonism of an area,Mormonism of an area,мормонизм на территории
Q2026833,1,1.0,1.0,0,0,0,0,1,0.0,100.0,0.0,0.0,0.0,garden square,garden square,сквер
Q2056313|Q92634207,1,2.0,2.0,1,0,0,0,1,0.0,100.0,100.0,0.0,0.0,,,
Q20719675|Q4476438,1,1.0,1.0,0,0,0,0,1,0.0,100.0,0.0,0.0,0.0,,,
Q20732405,1,1.0,1.0,0,0,0,0,1,0.0,100.0,0.0,0.0,0.0,volost of the Russian Empire,volost of the Russian Empire,волость Российской империи
Q2085381,1,1.0,1.0,0,0,0,5,6,83.33,16.67,0.0,0.0,0.0,publishing house,Баспа,издательство
Q20860083,1,1.0,1.0,0,0,0,0,1,0.0,100.0,0.0,0.0,0.0,educational facility,educational facility,учебное заведение
Q2087181,1,1.0,1.0,0,0,0,3,4,75.0,25.0,0.0,0.0,0.0,historic house museum,historic house museum,исторический дом-музей
Q209333,1,1.0,1.0,0,0,0,0,1,0.0,100.0,0.0,0.0,0.0,oxbow lake,oxbow lake,старица
Q210167,1,1.0,1.0,0,0,0,0,1,0.0,100.0,0.0,0.0,0.0,video game developer,video game developer,разработчик компьютерных игр
Q210272|Q2319498|Q3947,1,1.0,1.0,0,0,0,0,1,0.0,100.0,0.0,0.0,0.0,,,
Q21077649,1,1.0,1.0,0,0,0,0,1,0.0,100.0,0.0,0.0,0.0,Asian Track Cycling Championships,Asian Track Cycling Championships,Чемпионат Азии по трековому велоспорту
Q2145163,1,1.0,1.0,0,0,0,0,1,0.0,100.0,0.0,0.0,0.0,trunk road,trunk road,магистральная дорога
Q21480300|Q2406205|Q750215,1,2.0,2.0,1,0,0,0,1,0.0,100.0,100.0,0.0,0.0,,,
Q21507948|Q486972,1,2.0,2.0,1,0,0,0,1,0.0,100.0,100.0,0.0,0.0,,,
Q21507948|Q532,1,1.0,1.0,0,0,0,0,1,0.0,100.0,0.0,0.0,0.0,,,
Q21850178,1,1.0,1.0,0,0,0,0,1,0.0,100.0,0.0,0.0,0.0,sanctuary,sanctuary,sanctuary
Q21980538|Q4830453,1,1.0,1.0,0,0,0,0,1,0.0,100.0,0.0,0.0,0.0,,,
Q2221906,1,1.0,1.0,0,0,0,0,1,0.0,100.0,0.0,0.0,0.0,geographic location,geographic location,географическое местоположение
Q2231510,1,1.0,1.0,0,0,0,0,1,0.0,100.0,0.0,0.0,0.0,col,col,седловина
Q22333025|Q2618461,1,4.0,4.0,1,0,0,0,1,0.0,100.0,100.0,0.0,0.0,,,
Q223371,1,2.0,2.0,1,0,0,0,1,0.0,100.0,100.0,0.0,0.0,stock market index,Қор индексі,фондовый индекс
Q22674925|Q24258416,1,2.0,2.0,1,0,0,0,1,0.0,100.0,100.0,0.0,0.0,,,
Q22674925|Q74047,1,1.0,1.0,0,0,0,0,1,0.0,100.0,0.0,0.0,0.0,,,
Q23036198,1,1.0,1.0,0,0,0,0,1,0.0,100.0,0.0,0.0,0.0,hostage-rescue mission,hostage-rescue mission,миссия по спасению заложников
Q233324,1,2.0,2.0,1,0,0,1,2,50.0,50.0,100.0,0.0,0.0,seminary,семинария,семинария
Q23397|Q2551525,1,3.0,3.0,1,0,0,0,1,0.0,100.0,100.0,0.0,0.0,,,
Q23397|Q55470156,1,3.0,3.0,1,0,0,0,1,0.0,100.0,100.0,0.0,0.0,,,
Q23726798,1,1.0,1.0,0,0,0,0,1,0.0,100.0,0.0,0.0,0.0,elite national cycling team,elite national cycling team,национальная сборная по велоспорту Элита
Q2390458,1,3.0,3.0,1,0,0,0,1,0.0,100.0,100.0,0.0,0.0,telephone numbering plan,Телефонды нөмірлеу жоспары,план нумерации
Q23905105,1,2.0,2.0,1,0,0,1,2,50.0,50.0,100.0,0.0,0.0,women's national association football team,women's national association football team,женская сборная страны по футболу
Q239582,1,1.0,1.0,0,0,0,1,2,50.0,50.0,0.0,0.0,0.0,symphony orchestra,Симфониялық оркестр,симфонический оркестр
Q23983664,1,2.0,2.0,1,0,0,1,2,50.0,50.0,100.0,0.0,0.0,demographics of country or region,demographics of country or region,демография по странам и регионам
Q2470540,1,1.0,1.0,0,0,0,1,2,50.0,50.0,0.0,0.0,0.0,chamber orchestra,chamber orchestra,камерный оркестр
Q2495862,1,1.0,1.0,0,0,0,1,2,50.0,50.0,0.0,0.0,0.0,congress,съезд,съезд
Q2514025,1,1.0,1.0,0,0,0,16,17,94.12,5.88,0.0,0.0,0.0,posyolok,posyolok,посёлок
Q251777|Q82821,1,2.0,2.0,1,0,0,0,1,0.0,100.0,100.0,0.0,0.0,,,
Q2519340,1,2.0,2.0,1,0,0,1,2,50.0,50.0,100.0,0.0,0.0,administrative building,administrative building,административное здание
Q25297630|Q537127,1,1.0,1.0,0,0,0,0,1,0.0,100.0,0.0,0.0,0.0,,,
Q25550763,1,1.0,1.0,0,0,0,0,1,0.0,100.0,0.0,0.0,0.0,visual arts of an area,visual arts of an area,изобразительное искусство территории
Q256324,1,2.0,2.0,1,0,0,0,1,0.0,100.0,100.0,0.0,0.0,industrial railway,industrial railway,Предприятие промышленного железнодорожного транспорта
Q25676476,1,1.0,1.0,0,0,0,0,1,0.0,100.0,0.0,0.0,0.0,Persian language in an area,Persian language in an area,персидский язык на территории
Q25679497,1,2.0,2.0,1,0,0,0,1,0.0,100.0,100.0,0.0,0.0,art of an area,art of an area,искусство территории
Q2628882,1,2.0,2.0,1,0,0,0,1,0.0,100.0,100.0,0.0,0.0,legal status,legal status,правовой статус
Q26958726,1,2.0,2.0,1,0,0,0,1,0.0,100.0,100.0,0.0,0.0,geological museum,geological museum,геологический музей
Q269949,1,2.0,2.0,1,0,0,1,2,50.0,50.0,100.0,0.0,0.0,highway,автомобиль жолы,автомобильная дорога
Q27020041|Q3270632,1,1.0,1.0,0,0,0,0,1,0.0,100.0,0.0,0.0,0.0,,,
Q27020041|Q46135307,1,3.0,3.0,1,0,0,0,1,0.0,100.0,100.0,0.0,0.0,,,
Q27067659|Q57237852,1,2.0,2.0,1,0,0,0,1,0.0,100.0,100.0,0.0,0.0,,,
Q270791,1,1.0,1.0,0,0,0,2,3,66.67,33.33,0.0,0.0,0.0,state-owned enterprise,Мемлекеттік Кәсіпорын,государственное предприятие
Q272231,1,1.0,1.0,0,0,0,1,2,50.0,50.0,0.0,0.0,0.0,arboretum,екпетоғай,дендрарий
Q274153,1,1.0,1.0,0,0,0,1,2,50.0,50.0,0.0,0.0,0.0,water tower,Су айдауыш мұнара,водонапорная башня
Q27566398,1,1.0,1.0,0,0,0,0,1,0.0,100.0,0.0,0.0,0.0,Russian language in an area,Russian language in an area,русский язык на территории
Q27686|Q4989906,1,1.0,1.0,0,0,0,0,1,0.0,100.0,0.0,0.0,0.0,,,
Q2772772,1,1.0,1.0,0,0,0,0,1,0.0,100.0,0.0,0.0,0.0,military museum,military museum,военный музей
Q28043022|Q728937,1,1.0,1.0,0,0,0,0,1,0.0,100.0,0.0,0.0,0.0,,,
Q28140340,1,3.0,3.0,1,0,0,1,2,50.0,50.0,100.0,0.0,0.0,women's association football team,women's association football team,женская футбольная команда
Q28640,1,3.0,3.0,1,0,0,0,1,0.0,100.0,100.0,0.0,0.0,profession,мамандық,профессия
Q29292775,1,2.0,2.0,1,0,0,0,1,0.0,100.0,100.0,0.0,0.0,national badminton team,national badminton team,сборная по бадминтону
Q294422,1,1.0,1.0,0,0,0,0,1,0.0,100.0,0.0,0.0,0.0,public building,public building,общественное здание
Q29553,1,3.0,3.0,1,0,0,0,1,0.0,100.0,100.0,0.0,0.0,sanctuary,sanctuary,санктуарий
Q29592127,1,1.0,1.0,0,0,0,0,1,0.0,100.0,0.0,0.0,0.0,badminton association,badminton association,badminton association
Q2990946,1,2.0,2.0,1,0,0,0,1,0.0,100.0,100.0,0.0,0.0,golf tournament,golf tournament,турнир по гольфу
Q2997316,1,1.0,1.0,0,0,0,0,1,0.0,100.0,0.0,0.0,0.0,sopka,Шоқы,сопка
Q3002772,1,3.0,3.0,1,0,0,0,1,0.0,100.0,100.0,0.0,0.0,political crisis,political crisis,политический кризис
Q303874,1,1.0,1.0,0,0,0,0,1,0.0,100.0,0.0,0.0,0.0,ab anbar,Сардоба,сардоба
Q3062125|Q4539,1,1.0,1.0,0,0,0,0,1,0.0,100.0,0.0,0.0,0.0,,,
Q3257686,1,3.0,3.0,1,0,0,2,3,66.67,33.33,100.0,0.0,0.0,locality,locality,обжитая местность
Q34023,1,1.0,1.0,0,0,0,0,1,0.0,100.0,0.0,0.0,0.0,tumulus,tumulus,тумулус
Q34439356,1,1.0,1.0,0,0,0,0,1,0.0,100.0,0.0,0.0,0.0,hurricane,hurricane,ураган
Q34627,1,2.0,2.0,1,0,0,0,1,0.0,100.0,100.0,0.0,0.0,synagogue,Синагога,синагога
Q34770,1,1.0,1.0,0,0,0,2,3,66.67,33.33,0.0,0.0,0.0,language,тіл,язык
Q3480697,1,1.0,1.0,0,0,0,0,1,0.0,100.0,0.0,0.0,0.0,sill,sill,sill
Q3498533,1,2.0,2.0,1,0,0,0,1,0.0,100.0,100.0,0.0,0.0,natural gas-fired power station,natural gas-fired power station,natural gas-fired power station
Q350604|Q909459,1,1.0,1.0,0,0,0,0,1,0.0,100.0,0.0,0.0,0.0,,,
Q35127,1,1.0,1.0,0,0,0,2,3,66.67,33.33,0.0,0.0,0.0,website,Сайт,сайт
Q351764,1,2.0,2.0,1,0,0,0,1,0.0,100.0,100.0,0.0,0.0,e-commerce payment system,e-commerce payment system,электронная платёжная система
Q35509,1,1.0,1.0,0,0,0,11,12,91.67,8.33,0.0,0.0,0.0,cave,үңгір,пещера
Q355304,1,1.0,1.0,0,0,0,3,4,75.0,25.0,0.0,0.0,0.0,watercourse,Су ағыны,водоток
Q3558349,1,1.0,1.0,0,0,0,0,1,0.0,100.0,0.0,0.0,0.0,presidency,presidency,президентство
Q3664326,1,1.0,1.0,0,0,0,0,1,0.0,100.0,0.0,0.0,0.0,Pirate Party,Pirate Party,пиратская партия
Q3699460,1,1.0,1.0,0,0,0,1,2,50.0,50.0,0.0,0.0,0.0,defile,defile,defile
Q388602,1,1.0,1.0,0,0,0,0,1,0.0,100.0,0.0,0.0,0.0,electoral alliance,electoral alliance,избирательный альянс
Q3957,1,4.0,4.0,1,0,0,4,5,80.0,20.0,100.0,0.0,0.0,town,қалашық,городок
Q39614,1,2.0,2.0,1,0,0,10,11,90.91,9.09,100.0,0.0,0.0,cemetery,зират,кладбище
Q3982337|Q84860894,1,1.0,1.0,0,0,0,0,1,0.0,100.0,0.0,0.0,0.0,,,
Q40357,1,1.0,1.0,0,0,0,0,1,0.0,100.0,0.0,0.0,0.0,prison,Абақты,тюрьма
Q41298,1,1.0,1.0,0,0,0,5,6,83.33,16.67,0.0,0.0,0.0,magazine,журнал,журнал
Q4144557,1,1.0,1.0,0,0,0,2,3,66.67,33.33,0.0,0.0,0.0,mining and processing plant,mining and processing plant,горно-обогатительный комбинат
Q4144557|Q820477,1,1.0,1.0,0,0,0,0,1,0.0,100.0,0.0,0.0,0.0,,,
Q4167836,1,1.0,1.0,0,0,0,0,1,0.0,100.0,0.0,0.0,0.0,Wikimedia category,Уикимедиа санаты,категория в проекте Викимедиа
Q4216603,1,1.0,1.0,0,0,0,0,1,0.0,100.0,0.0,0.0,0.0,cascade,cascade,каскад ГЭС
Q422695,1,1.0,1.0,0,0,0,0,1,0.0,100.0,0.0,0.0,0.0,awareness day,awareness day,памятная дата
Q423208,1,2.0,2.0,1,0,0,1,2,50.0,50.0,100.0,0.0,0.0,private school,private school,частная школа
Q42998,1,2.0,2.0,1,0,0,2,3,66.67,33.33,100.0,0.0,0.0,orchestra,оркестр,оркестр
Q43483,1,1.0,1.0,0,0,0,4,5,80.0,20.0,0.0,0.0,0.0,water well,құдық,колодец
Q4443227,1,1.0,1.0,0,0,0,3,4,75.0,25.0,0.0,0.0,0.0,Stone Age site,Stone Age site,стоянка
Q446013,1,1.0,1.0,0,0,0,0,1,0.0,100.0,0.0,0.0,0.0,pumping station,Сорғы станциясы,насосная станция
Q4476438,1,1.0,1.0,0,0,0,57,58,98.28,1.72,0.0,0.0,0.0,former district of Kazakhstan,Қазақстанның таратылған аудандары,упразднённые районы Казахстана
Q46124,1,1.0,1.0,0,0,0,4,5,80.0,20.0,0.0,0.0,0.0,sanatorium,Шипажай,санаторий
Q473972|Q7212557,1,3.0,3.0,1,0,0,0,1,0.0,100.0,100.0,0.0,0.0,,,
Q48004378,1,1.0,1.0,0,0,0,0,1,0.0,100.0,0.0,0.0,0.0,esport competition,esport competition,киберспортивное соревнование
Q480260,1,1.0,1.0,0,0,0,0,1,0.0,100.0,0.0,0.0,0.0,local coat of arms,local coat of arms,герб муниципалитета
Q4806618,1,4.0,4.0,1,0,0,0,1,0.0,100.0,100.0,0.0,0.0,Asian Cycling Championships,Тас жол веложарыстарынан Азия чемпионаты,Чемпионат Азии по велоспорту
Q481289,1,1.0,1.0,0,0,0,1,2,50.0,50.0,0.0,0.0,0.0,official residence,резиденция,официальная резиденция
Q4830453|Q65553774,1,1.0,1.0,0,0,0,0,1,0.0,100.0,0.0,0.0,0.0,,,
Q48356,1,1.0,1.0,0,0,0,1,2,50.0,50.0,0.0,0.0,0.0,minaret,minaret,минарет
Q492425,1,1.0,1.0,0,0,0,0,1,0.0,100.0,0.0,0.0,0.0,container terminal,container terminal,контейнерный терминал
Q4944646,1,1.0,1.0,0,0,0,0,1,0.0,100.0,0.0,0.0,0.0,Border outpost,Border outpost,Пограничная застава
Q49773,1,2.0,2.0,1,0,0,1,2,50.0,50.0,100.0,0.0,0.0,social movement,Қоғамдық қозғалыс,общественное движение
Q4989906|Q62832,1,1.0,1.0,0,0,0,0,1,0.0,100.0,0.0,0.0,0.0,,,
Q4989906|Q860861,1,1.0,1.0,0,0,0,0,1,0.0,100.0,0.0,0.0,0.0,,,
Q50061750,1,1.0,1.0,0,0,0,0,1,0.0,100.0,0.0,0.0,0.0,Asian Road Cycling Championships - Women RR,Asian Road Cycling Championships - Women RR,Чемпионат Азии по шоссейному велоспорту - групповая гонка (женщины)
Q50062728,1,1.0,1.0,0,0,0,0,1,0.0,100.0,0.0,0.0,0.0,Asian Road Cycling Championships - Women ITT,Asian Road Cycling Championships - Women ITT,Чемпионат Азии по шоссейному велоспорту - индивидуальная гонка (женщины)
Q5061188,1,2.0,2.0,1,0,0,1,2,50.0,50.0,100.0,0.0,0.0,house of culture,house of culture,дом культуры
Q507619,1,2.0,2.0,1,0,0,0,1,0.0,100.0,100.0,0.0,0.0,retail chain,retail chain,сеть магазинов
Q515,1,3.0,3.0,1,0,0,44,45,97.78,2.22,100.0,0.0,0.0,city,қала,город
Q519608,1,2.0,2.0,1,0,0,0,1,0.0,100.0,100.0,0.0,0.0,classification yard,classification yard,сортировочная станция
Q5257307,1,2.0,2.0,1,0,0,0,1,0.0,100.0,100.0,0.0,0.0,prize,Ұтыс,премия
Q53060,1,1.0,1.0,0,0,0,2,3,66.67,33.33,0.0,0.0,0.0,gate,Қақпа,ворота
Q53062420,1,2.0,2.0,1,0,0,1,2,50.0,50.0,100.0,0.0,0.0,nation in the Junior Eurovision Song Contest,nation in the Junior Eurovision Song Contest,страна на детском конкурсе Евровидение
Q532,1,3.0,3.0,1,0,0,2,3,66.67,33.33,100.0,0.0,0.0,village,ауыл,село
Q54114|Q79007,1,1.0,1.0,0,0,0,0,1,0.0,100.0,0.0,0.0,0.0,,,
Q55135234,1,4.0,4.0,1,0,0,0,1,0.0,100.0,100.0,0.0,0.0,zone,zone,zone
Q55379753,1,4.0,4.0,1,0,0,0,1,0.0,100.0,100.0,0.0,0.0,handball federation,handball federation,гандбольная федерация
Q55465414,1,1.0,1.0,0,0,0,0,1,0.0,100.0,0.0,0.0,0.0,lake channel,lake channel,lake channel
Q56242215,1,3.0,3.0,1,0,0,0,1,0.0,100.0,100.0,0.0,0.0,Catholic cathedral,Catholic cathedral,католический собор
Q56257551,1,2.0,2.0,1,0,0,0,1,0.0,100.0,100.0,0.0,0.0,sea terminal,marine terminal,морской терминал
Q56312706,1,2.0,2.0,1,0,0,0,1,0.0,100.0,100.0,0.0,0.0,recreation park,recreation park,парк культуры и отдыха
Q56490294,1,3.0,3.0,1,0,0,0,1,0.0,100.0,100.0,0.0,0.0,bench with statue,bench with statue,скамейка с памятником
Q56610307,1,1.0,1.0,0,0,0,0,1,0.0,100.0,0.0,0.0,0.0,rally raid race,rally raid race,rally raid race
Q5737|Q839954,1,1.0,1.0,0,0,0,0,1,0.0,100.0,0.0,0.0,0.0,,,
Q57821,1,1.0,1.0,0,0,0,2,3,66.67,33.33,0.0,0.0,0.0,fortification,fortification,фортификационное сооружение
Q582577,1,1.0,1.0,0,0,0,0,1,0.0,100.0,0.0,0.0,0.0,economic policy,экономикалық саясат,экономическая политика
Q604435,1,1.0,1.0,0,0,0,4,5,80.0,20.0,0.0,0.0,0.0,microdistrict,Ықшам аудан,микрорайон (пост)советский
Q6138528,1,3.0,3.0,1,0,0,0,1,0.0,100.0,100.0,0.0,0.0,political coalition,political coalition,политическая коалиция
Q614289,1,1.0,1.0,0,0,0,0,1,0.0,100.0,0.0,0.0,0.0,Pennysaver,Pennysaver,Газеты бесплатных объявлений
Q61702941,1,4.0,4.0,1,0,0,0,1,0.0,100.0,100.0,0.0,0.0,national rugby sevens team,national rugby sevens team,national rugby sevens team
Q618123|Q736917,1,1.0,1.0,0,0,0,0,1,0.0,100.0,0.0,0.0,0.0,,,
Q618779,1,1.0,1.0,0,0,0,10,11,90.91,9.09,0.0,0.0,0.0,award,award,награда
Q61883,1,1.0,1.0,0,0,0,1,2,50.0,50.0,0.0,0.0,0.0,air force,Әскери-Әуе Күштері,военно-воздушные силы
Q61974339,1,2.0,2.0,1,0,0,0,1,0.0,100.0,100.0,0.0,0.0,esports team,esports team,киберспортивная команда
Q62447|Q695850,1,4.0,4.0,1,0,0,0,1,0.0,100.0,100.0,0.0,0.0,,,
Q625994,1,2.0,2.0,1,0,0,0,1,0.0,100.0,100.0,0.0,0.0,convention,convention,собрание
Q65149786,1,4.0,4.0,1,0,0,0,1,0.0,100.0,100.0,0.0,0.0,Asian Road Cycling Championships,Asian Road Cycling Championships,Чемпионат Азии по шоссейному велоспорту
Q65743816,1,1.0,1.0,0,0,0,0,1,0.0,100.0,0.0,0.0,0.0,Grand Prix,Grand Prix,гран-при
Q6593141,1,4.0,4.0,1,0,0,0,1,0.0,100.0,100.0,0.0,0.0,Freedom of religion by country,Freedom of religion by country,Freedom of religion by country
Q66374263,1,1.0,1.0,0,0,0,1,2,50.0,50.0,0.0,0.0,0.0,religion of an area,religion of an area,религия на территории
Q66715753,1,2.0,2.0,1,0,0,0,1,0.0,100.0,100.0,0.0,0.0,Wikimedia list of persons by position held,Wikimedia list of persons by position held,список людей по занимаемой должности
Q66737615|Q6979657,1,1.0,1.0,0,0,0,0,1,0.0,100.0,0.0,0.0,0.0,,,
Q686984,1,1.0,1.0,0,0,0,2,3,66.67,33.33,0.0,0.0,0.0,civil disorder,жаппай тәртіпсіздіктер,массовые беспорядки
Q69920471,1,1.0,1.0,0,0,0,1,2,50.0,50.0,0.0,0.0,0.0,bandy team,bandy team,команда по хоккею с мячом
Q70007648,1,1.0,1.0,0,0,0,0,1,0.0,100.0,0.0,0.0,0.0,national bandy team,national bandy team,сборная страны по хоккею с мячом
Q70008686,1,1.0,1.0,0,0,0,0,1,0.0,100.0,0.0,0.0,0.0,women's national bandy team,women's national bandy team,женская сборная страны по хоккею с мячом
Q70477194,1,4.0,4.0,1,0,0,0,1,0.0,100.0,100.0,0.0,0.0,mass vaccination,mass vaccination,mass vaccination
Q7415541,1,1.0,1.0,0,0,0,0,1,0.0,100.0,0.0,0.0,0.0,sanatorium,Шипажай,санаторий
Q744913,1,2.0,2.0,1,0,0,3,4,75.0,25.0,100.0,0.0,0.0,aviation accident,aviation accident,авиационный инцидент
Q7625093,1,4.0,4.0,1,0,0,0,1,0.0,100.0,100.0,0.0,0.0,structure fire,structure fire,пожар постройки
Q7843791,1,2.0,2.0,1,0,0,0,1,0.0,100.0,100.0,0.0,0.0,consulate,consulate,консульство
Q7944,1,4.0,4.0,1,0,0,0,1,0.0,100.0,100.0,0.0,0.0,earthquake,Жер сілкіну,землетрясение
Q79913,1,2.0,2.0,1,0,0,1,2,50.0,50.0,100.0,0.0,0.0,non-governmental organization,Үкіметтік емес ұйымдар,общественная организация
Q8031011|Q94696559,1,1.0,1.0,0,0,0,0,1,0.0,100.0,0.0,0.0,0.0,,,
Q811704,1,1.0,1.0,0,0,0,0,1,0.0,100.0,0.0,0.0,0.0,rolling stock class,rolling stock class,тип подвижного состава
Q83283600,1,1.0,1.0,0,0,0,0,1,0.0,100.0,0.0,0.0,0.0,Asian Road Cycling Championships - Men RR,Asian Road Cycling Championships - Men RR,Чемпионат Азии по шоссейному велоспорту - групповая гонка (мужчины)
Q83283604,1,1.0,1.0,0,0,0,0,1,0.0,100.0,0.0,0.0,0.0,Asian Road Cycling Championships - Men ITT,Asian Road Cycling Championships - Men ITT,Чемпионат Азии по шоссейному велоспорту - индивидуальная гонка (мужчины)
Q847906,1,1.0,1.0,0,0,0,0,1,0.0,100.0,0.0,0.0,0.0,online magazine,online magazine,интернет-журнал
Q860861,1,2.0,2.0,1,0,0,2,3,66.67,33.33,100.0,0.0,0.0,sculpture,sculpture,скульптура
Q862571,1,2.0,2.0,1,0,0,0,1,0.0,100.0,100.0,0.0,0.0,petroleum industry,мұнай өнеркәсібі,нефтяная промышленность
Q865588,1,1.0,1.0,0,0,0,4,5,80.0,20.0,0.0,0.0,0.0,committee,комитет,комитет
Q868557,1,1.0,1.0,0,0,0,1,2,50.0,50.0,0.0,0.0,0.0,music festival,музыкалық фестиваль,музыкальный фестиваль
Q872181,1,4.0,4.0,1,0,0,0,1,0.0,100.0,100.0,0.0,0.0,scouting,Скаутизм,скауты
Q879146,1,4.0,4.0,1,0,0,0,1,0.0,100.0,100.0,0.0,0.0,Christian denomination,Christian denomination,христианская конфессия
Q88372,1,1.0,1.0,0,0,0,0,1,0.0,100.0,0.0,0.0,0.0,esplanade,esplanade,эспланада
Q891723,1,1.0,1.0,0,0,0,10,11,90.91,9.09,0.0,0.0,0.0,public company,Қоғамдық компания,публичная компания
Q902104,1,1.0,1.0,0,0,0,1,2,50.0,50.0,0.0,0.0,0.0,private university,private university,частный университет
Q907698,1,1.0,1.0,0,0,0,6,7,85.71,14.29,0.0,0.0,0.0,prospekt,даңғыл,проспект
Q9346860,1,1.0,1.0,0,0,0,0,1,0.0,100.0,0.0,0.0,0.0,geological structure,geological structure,геологическая структура
Q938381,1,1.0,1.0,0,0,0,0,1,0.0,100.0,0.0,0.0,0.0,bid for the Olympic Games,bid for the Olympic Games,Выборы столиц Олимпийских игр
Q94696559,1,1.0,1.0,0,0,0,1,2,50.0,50.0,0.0,0.0,0.0,national futsal team,national futsal team,national futsal team
Q948571,1,1.0,1.0,0,0,0,1,2,50.0,50.0,0.0,0.0,0.0,organ of state,Авторитет,орган государственной власти
Q954007,1,2.0,2.0,1,0,0,0,1,0.0,100.0,100.0,0.0,0.0,affinity,affinity,свойство́
Q961082,1,1.0,1.0,0,0,0,0,1,0.0,100.0,0.0,0.0,0.0,gazebo,gazebo,беседка
Q98925384,1,1.0,1.0,0,0,0,0,1,0.0,100.0,0.0,0.0,0.0,KVN team,KVN team,команда КВН
