creator,articles,pct_of_corpus
BolatbekBot,107767,44.09
Мықтыбек Оразтайұлы,8211,3.36
Kia content bot,7726,3.16
Салиха,7379,3.02
NurbekBot,3113,1.27
Мағыпар,2654,1.09
Ерден Карсыбеков,2330,0.95
SSE,2173,0.89
Meruyert,1921,0.79
Maira Yessenbekova,1737,0.71
Polat Alemdar,1707,0.7
Dinkaz,1576,0.64
Yerzhankyzy,1380,0.56
Alamgir,1355,0.55
Hardworking,1351,0.55
Орел Карл,1345,0.55
Abdi arman,1334,0.55
Aitan bot,1317,0.54
Bolatbek,1304,0.53
Toktakynbaev,1274,0.52
Gulzat246,1269,0.52
Zhuka iitu,1190,0.49
Zhigitbek,1165,0.48
Bauka91 91,1164,0.48
GanS NIS,1079,0.44
Ulan,1065,0.44
AlefZet,993,0.41
Nurkhan,979,0.4
BekaIITU,971,0.4
Aizhanka aaa,962,0.39
Aghia7,953,0.39
2rk,920,0.38
G55,909,0.37
82.200.154.115,868,0.36
Kaiyr,867,0.35
Bakdauren,865,0.35
Egorkz,855,0.35
Rasulzhan,839,0.34
Ayauly,839,0.34
Ismukhammed,815,0.33
Ordabekov Azamat,766,0.31
Kyrmyzy gul,749,0.31
Merey,734,0.3
Araichik,629,0.26
DinDK,605,0.25
1nter pares,599,0.25
Nelli,578,0.24
Нурасылл,557,0.23
Нұрлан Рахымжанов,534,0.22
Casserium,532,0.22
Azim Nurbergen,531,0.22
Sagzhan,527,0.22
Dauren,526,0.22
Nurken,521,0.21
Zhaksilik,516,0.21
GulzhanOmarova,508,0.21
Masalbaeva,507,0.21
Аян Жанайсов,489,0.2
P.Nurgisa,474,0.19
Daneker,468,0.19
Inkar,452,0.18
Nick jan,448,0.18
Аскаров,443,0.18
Malbakov Korkem Shamshievih,437,0.18
TheNomadEditor,425,0.17
Sergazyyev,420,0.17
Акбота Казыбекова,407,0.17
Bailarbekov,407,0.17
Ashina,387,0.16
Abdrazakhova a,383,0.16
Tulya,380,0.16
Касымхан,377,0.15
Stella~kkwiki,372,0.15
Mariko,368,0.15
Аязбаев Даурен,356,0.15
Амзе Магжан,355,0.15
Wikiped4ik,355,0.15
Madina Kilybayeva,350,0.14
Akbota.b,344,0.14
TalgatSnow,340,0.14
Erboldilyara,337,0.14
Makhanov,334,0.14
Batyrbek.kz,317,0.13
Btalgat,304,0.12
Murager Seraly,304,0.12
Alphy Haydar,303,0.12
Olkikz,299,0.12
Alfiya,299,0.12
AnelK NIS,279,0.11
Нақып Нұрғали,272,0.11
Esetok,271,0.11
Shynbolat,263,0.11
Panicgirl,262,0.11
Rayurad mc,261,0.11
Kas77777,260,0.11
Капысова Айдана,252,0.1
Mary,247,0.1
Liquorkaru,241,0.1
Rake,240,0.1
Orkaarys,239,0.1
Amangeldi Mukhamejan,232,0.09
Sazhlo,226,0.09
Eranz,224,0.09
Gulnar7,224,0.09
Ergalym,223,0.09
Магпар,221,0.09
Rasul kz91,219,0.09
Andrey 1002,218,0.09
KoishymanovaG,217,0.09
Ардак Нурмаханова,217,0.09
Belekov Syrym,216,0.09
Shymnis 7b dayana,210,0.09
ShadZ01,210,0.09
AkaMasteR,207,0.08
Dauylbai Aidar,205,0.08
Coffee86,203,0.08
Aimanber,199,0.08
Isslam,199,0.08
Баха,199,0.08
Jess from GS,198,0.08
Adiladil,196,0.08
Yessenbay,195,0.08
Sabinabekkulnis,194,0.08
Qozha,192,0.08
GaiJin,191,0.08
Yerlik,187,0.08
Нурия,187,0.08
Абдухамитова Асем,183,0.07
Alukaaika,182,0.07
Sultan bek,178,0.07
Syrymzhan,177,0.07
Qarakesek,176,0.07
Балнұр Сүгірәлиева,172,0.07
Айдос уики,169,0.07
Bakbergenov,167,0.07
Badyroff,165,0.07
Mista m,165,0.07
Ekontai,160,0.07
Giovani90,157,0.06
Оразгелді Гүлмира,157,0.06
Aibol dos,156,0.06
Daniyar,153,0.06
Аскар,153,0.06
Мұқтар Құндыз,151,0.06
Dinarakukenova,151,0.06
Ali.otkelbayev,150,0.06
Almat IS106R,148,0.06
Arystanbek,147,0.06
Еркін Мадина,147,0.06
Zhumabayeva Aiym,147,0.06
Tursinay,146,0.06
Akba.nis.13,144,0.06
Anvar1101,144,0.06
Тұран,143,0.06
Asslan best,142,0.06
Дауткулова Ақмарал,142,0.06
Nurgul-Ayapova,139,0.06
Almer,138,0.06
Majilis,138,0.06
Mukhin,138,0.06
Amangali,137,0.06
ASLANTORRET,137,0.06
Aidyn91,136,0.06
Lord kainon,136,0.06
Miras IITU,134,0.05
Nkipshak,134,0.05
EraAhmer,133,0.05
Nurs,132,0.05
Aitolkyn,131,0.05
Shynassylov,129,0.05
MegaKz,129,0.05
Бергалиев,128,0.05
Shim99,128,0.05
Алия Султанмуратова,127,0.05
Nursultan nur,126,0.05
Gauhar,126,0.05
Kuandyk97,126,0.05
Fariiiza KABYL,123,0.05
Калыбай Салтанат,122,0.05
Nurtenge,121,0.05
Сәуір 1,121,0.05
Kuatov Kanat,121,0.05
137.132.3.10,118,0.05
Umka,116,0.05
Tylerdurdenkz,114,0.05
Азамат Болатұлы,114,0.05
Nazik ktl,113,0.05
6ri11iant,113,0.05
Zhaniya92,112,0.05
ShymNIS 9BSunkarJR11,112,0.05
Shyngys***,112,0.05
I.torebekkyzy01,111,0.05
Sagitora,110,0.05
Armanayk,110,0.05
True useR,109,0.04
Mariyam,109,0.04
Mira01,108,0.04
Baizhanov nursultan,107,0.04
Adik,107,0.04
Yerkezhan Nis,107,0.04
Itwnik,107,0.04
Galjat1992,106,0.04
Абылай,106,0.04
Шайнүсіп,105,0.04
Bgalimzh,105,0.04
Талгат Ибраев,105,0.04
Baha99,105,0.04
Madina Kali,103,0.04
IL68,102,0.04
Kafarik,101,0.04
Қабиденов Сакен,101,0.04
Ulai,100,0.04
Aizhok,99,0.04
Arkow,99,0.04
Mma,99,0.04
Bakhytbek,98,0.04
Drift,98,0.04
Юсуф Худайберген,98,0.04
NIS Semey Moldir,98,0.04
NIS Zhuldyz,97,0.04
NIS Kelsingazin Yerassyl,96,0.04
Euphoria~kkwiki,96,0.04
IArhunI,96,0.04
Dana kushen,96,0.04
Araika11nis,96,0.04
Байдуллаев Абылайхан,95,0.04
Mariya,94,0.04
Niyarov Azamat,93,0.04
Zhanseit,92,0.04
Epoxa-HH,92,0.04
Amanek,92,0.04
Ali Rustamov,92,0.04
Ilyasseawave,92,0.04
Sanzhar s,91,0.04
Niyazbek,91,0.04
Aiganym Moldagulova,90,0.04
ShymNis 8cSAruzhan,90,0.04
Erka it,89,0.04
Қуан Жасұлан 8 е класс ниш,88,0.04
HBSH NIS 7B KASIET,88,0.04
Djduxhx,88,0.04
Legendary777,87,0.04
Eldar.mir,87,0.04
Nurlybay,87,0.04
ShymNis 8aNurlybanu,87,0.04
Almas Kenebay,87,0.04
Wiki PSP,87,0.04
Alima,86,0.04
Dxz3817,86,0.04
Аягөз Загиева,86,0.04
MuratbekErkebulan,86,0.04
Abulkhair,85,0.03
TemirlanSarsen,85,0.03
Eszhanov,85,0.03
Doors,84,0.03
Aiba-diamantik,84,0.03
Zhortabayev,83,0.03
Zamantay,83,0.03
Dina2013a,83,0.03
Ақбота Архабаева,83,0.03
Madi Dos,83,0.03
SemeyNIS AshimovaZhuldyz,82,0.03
Аружан Жамбулатова,82,0.03
Bauka,82,0.03
Жуланова Жанель,82,0.03
Adaulet,82,0.03
Aliba,82,0.03
Сейтхан Мұхамеджан,82,0.03
Жүнісов Дархан,81,0.03
SEMANUR,81,0.03
Әлинұр,81,0.03
Сейтжагыпарова Тогжан,81,0.03
Ainur,80,0.03
NErnur98,80,0.03
Dzhos,79,0.03
Kamilanisemey,79,0.03
Kiikbayeva Sholpan,79,0.03
Aishmano,79,0.03
Olzhas707,78,0.03
RaiymbekZh,78,0.03
ChinaRM,78,0.03
Bmyrzali,77,0.03
НИШ Гайсина Айсары,77,0.03
Aru Omarali,77,0.03
Кырмызов,76,0.03
Amiyeva,75,0.03
Kulzhabay.nm,75,0.03
Палуан,74,0.03
84.240.194.0,74,0.03
Ақбота,74,0.03
Khan,73,0.03
Sibom,73,0.03
Kasymov,73,0.03
Xialuahan,73,0.03
Шапырашты,73,0.03
Toganbay Nurtau,73,0.03
Zhaukhazyn01,72,0.03
Birzhan Bauyrzhan,70,0.03
Ықласова Аружан,70,0.03
Жунисова Балжан,70,0.03
Superkukuruza,69,0.03
Дәулеткерей,68,0.03
А.С.Кизиров,68,0.03
Kmoksy,67,0.03
Zhanna,67,0.03
Абат Диана,66,0.03
Абдрахманов Димаш,66,0.03
Yustinka,66,0.03
Nurbek Matzhani,65,0.03
A1k0wa,65,0.03
Madinabai,64,0.03
Ташметов шахрух,64,0.03
Adik Sagatov,64,0.03
BaskaIlyas,63,0.03
Beisen,63,0.03
Nura tk.nis,63,0.03
AlibekKS,62,0.03
Bakytgul,62,0.03
Kz Nomad,62,0.03
Kuralay Akhmetova,61,0.02
Ayake,59,0.02
Tansholpan,59,0.02
Бекжан Аронов,59,0.02
Мира Белль,59,0.02
ДаниярБөріханұлы,59,0.02
Жани,58,0.02
Magzhan,58,0.02
Aigerimamirgali,58,0.02
195.189.70.90,58,0.02
Dastan omirbek,58,0.02
Қабыле Қазбек,58,0.02
Soccerman,57,0.02
Aset Bukerov,57,0.02
Yamanzho,57,0.02
DariaUrinbasarova21nis,57,0.02
Zhansaya maubekova,56,0.02
Arruah,56,0.02
Indira,56,0.02
Раушана,55,0.02
Zhannur.nis,55,0.02
Amir~kkwiki,55,0.02
Iceooloo,55,0.02
Мереке Ақбердықызы,54,0.02
Zhumash.alibek,54,0.02
VirusMaster,54,0.02
Danissimo92,52,0.02
Nabi.kuanysh,52,0.02
Досжан,52,0.02
Даурен Шарипов,52,0.02
Айдынгали,52,0.02
Дорт-Гольц,51,0.02
Берик НИШ,50,0.02
Сағындық Нұрсұлтан,50,0.02
Alinur,49,0.02
Лейла Серикбаева,49,0.02
Алтай9898,49,0.02
Bekus,49,0.02
Рахман999,48,0.02
Kamila,48,0.02
213.171.34.240,48,0.02
178.88.209.37,48,0.02
Zhandos02,48,0.02
No.Mad,47,0.02
Zhanik ast,47,0.02
Alimas,47,0.02
Olzhas.Erevanov,47,0.02
92.47.219.50,46,0.02
Vyacheslav Nasretdinov,46,0.02
Stonesuite,46,0.02
84.240.207.80,46,0.02
Asset,46,0.02
Abay Izbassarov,46,0.02
Гулназлит,45,0.02
K sayan,45,0.02
Balaburgem,45,0.02
AsmirNIS,45,0.02
Serik09,45,0.02
Kairatulyzharas,44,0.02
Ablayev92,44,0.02
Aigerima,44,0.02
Mila 020702,44,0.02
AlibiKazken,43,0.02
Aren b,42,0.02
Елнур.001,42,0.02
Meryuert.tk.nis,42,0.02
Tarikh Dias,41,0.02
Noyan,41,0.02
Минура,41,0.02
Талапова Айша,41,0.02
АйнурНИШ,41,0.02
Anarzhaksylykova,41,0.02
137.132.3.9,40,0.02
Mkanatbekkyzy,40,0.02
Diamond~kkwiki,40,0.02
Dinara1711,40,0.02
Zhumalina,40,0.02
Mustafaalmas,40,0.02
Zaza007zaza,39,0.02
ShymNIS 9BZhansaya,39,0.02
Asan00,39,0.02
Dilo0003,39,0.02
Yessentaikyzy,39,0.02
Mheidegger,39,0.02
Syrlybek,38,0.02
Highklass,38,0.02
Bakytgul Salykhova,38,0.02
Mr.beket99,38,0.02
Арай нуруллаева,38,0.02
Kairzhan79,38,0.02
Aitan,37,0.02
92.47.203.104,37,0.02
Нуржанкызы,37,0.02
Almagul Ibragimova,37,0.02
46.36.134.170,37,0.02
Daniyal.aidarov5,37,0.02
Егор Шевченко,37,0.02
89.218.52.234,37,0.02
Aimanov kaisar,37,0.02
AbMariya1991,36,0.01
Нұрбай Темірлан Садықұлы,35,0.01
Ibraeva Moldir,35,0.01
178.88.215.3,35,0.01
Лёха Вырвиглаз,35,0.01
Әбдіхалық Нарғыз,35,0.01
Sandyraq,35,0.01
Маржан АК,35,0.01
Nuriyashkin,34,0.01
AblayIITU,34,0.01
AnelBakayeva NIS,34,0.01
Ақыл,34,0.01
Beibaris123,34,0.01
AshinaBot,33,0.01
92.46.211.202,33,0.01
Mustafinaskar,33,0.01
Лаура Аманкулова,33,0.01
Rash91,33,0.01
Alima01NIS,33,0.01
Аэлита Ануарқызы,32,0.01
Aidanka,32,0.01
Karina Nurtazina,32,0.01
Ғауғауррр,31,0.01
Olzhas.Karazhanov,31,0.01
Kraibekovc,31,0.01
Andir,31,0.01
Talghatuly,30,0.01
Aimbetova Diana,30,0.01
Багдат Б,30,0.01
Нурсауле Нурмагамбетова,30,0.01
Zhanna Mukash,30,0.01
Zhanarb,30,0.01
Olzhas7,29,0.01
Nurmuhan,29,0.01
Аслан Жукенов,29,0.01
T.karlyga,29,0.01
Bumin Kagan,28,0.01
Dimash Kenesbek,28,0.01
Abylaikhan NIS,28,0.01
Jannur66,28,0.01
Aigerim ayanovna,28,0.01
95.58.148.237,28,0.01
Света052,28,0.01
88.204.196.37,28,0.01
Lyazzat Kulmukanova,27,0.01
AdiyevaSaltanat,27,0.01
Тойшыбек,27,0.01
Бекзат Маратұлы,27,0.01
Шокай,27,0.01
217.196.25.26,27,0.01
Shaikhislamova z,26,0.01
Tursynbek Balausa,26,0.01
Оразәлі Диас,26,0.01
Utebayeva,26,0.01
Unc0,26,0.01
Rasulbek Adil,26,0.01
TINKO,26,0.01
Keutaeva Aigerim,26,0.01
Mirasamirkhanov,26,0.01
Болат Алтынай,26,0.01
Мекен ЖанеркеХБШ,26,0.01
D.dilnaz02,25,0.01
Qanattan,25,0.01
2.133.110.195,25,0.01
Мирамқызы Зарина,25,0.01
Asalimba,25,0.01
Saken kun,25,0.01
Айвентадор,25,0.01
Talipzhan,25,0.01
Talgin,25,0.01
Әбілмажинов Ерасыл,25,0.01
Истеный казах,24,0.01
Erg nis,24,0.01
Arystan~kkwiki,24,0.01
Нұртаева Қымбат Серікқызы,24,0.01
Loleeonepie.nis,24,0.01
Shymnis7bzhanar,24,0.01
Eldar zh96,23,0.01
Aiymka,23,0.01
MarzhanMay,23,0.01
Serik11024,23,0.01
Ni nelli,23,0.01
Erasylkz,23,0.01
95.56.75.233,23,0.01
Zhanbo,23,0.01
Ongalgan,22,0.01
LArhunl,22,0.01
Тілеш Шолпан,22,0.01
Murat12049,22,0.01
Turdibayeva Kazyna,22,0.01
Bakyt.tass,22,0.01
С.Жания,22,0.01
Unknown Alash,22,0.01
84.240.196.128,22,0.01
As-Saghdi,22,0.01
137.132.250.13,22,0.01
Elena Muratbayeva,22,0.01
707ztn,21,0.01
Nazhmedenova Lunara,21,0.01
Aleka BM,21,0.01
NIS AdletAskerov,21,0.01
Didar.Bayan21NS,20,0.01
Dostoevskykz,20,0.01
ShymNIS 7AAisha06,20,0.01
Zhansulu,20,0.01
AlibekovaD,20,0.01
Galym kosman,20,0.01
Ramaduke,20,0.01
Dana1992,20,0.01
Zhansaya Bekpeissova,20,0.01
Almas Sadyquly,20,0.01
Ниялова Гүлфайруз,20,0.01
Бейсекова Ботагөз,20,0.01
Carlos186,19,0.01
Mustazhap,19,0.01
J dias,19,0.01
Attila~kkwiki,19,0.01
Darhan2012,19,0.01
Әлнұр Қарабаев,19,0.01
Айғаным Аманжолқызы,19,0.01
95.56.28.53,19,0.01
Dosmedetova Sharizat,18,0.01
Шахадад,18,0.01
Dinash,18,0.01
Әшім Қазына,18,0.01
Бекханби Асанұлы,18,0.01
Qulqai,18,0.01
KaldarovNurymzhan,18,0.01
Parmanova.ulbolsyn,18,0.01
ErnatPointmakker,18,0.01
AliyaTulepova,18,0.01
Tuttiorchestra687,18,0.01
Назым Хасенова,18,0.01
ГульназК,18,0.01
Khamalitoo,18,0.01
Suleimen Koishybai,18,0.01
Bolat Temirov,18,0.01
Әбдіжәміл Алтынай,18,0.01
Martorellpedro,18,0.01
84.240.202.214,18,0.01
Маконяаа,18,0.01
Salta.zakir,18,0.01
Жанна Ж,18,0.01
Tulegenova1127,17,0.01
MaksutZhansaya1,17,0.01
178.88.221.240,17,0.01
Диас Тлекбай,17,0.01
Бекемгүл,17,0.01
Shymnis 7bmalika,17,0.01
Nazerke Turym,17,0.01
Adaykz,17,0.01
Hbsh nis Nurzhakyp 7a,16,0.01
Ziadinkyzy G,16,0.01
Енсебаева Мадина,16,0.01
Jarnamaqaz,16,0.01
Aubakirova Aisana,16,0.01
Аружан200,16,0.01
A shyryn,16,0.01
Mandarinka^^,16,0.01
Akylbekov alen,16,0.01
Medet,16,0.01
Abukhan,16,0.01
ShymNIS 7cErkebulan,16,0.01
Aruzhank NIS,16,0.01
Ербол Сармурзин,16,0.01
46.4.124.141,16,0.01
134.32.43.98,15,0.01
95.56.126.211,15,0.01
Жаннұр Қанат,15,0.01
92.46.208.105,15,0.01
Бейсенова,15,0.01
2.132.35.66,15,0.01
Smailhan Altinbek,15,0.01
Daniyar1,15,0.01
Darigabolatbayeva,15,0.01
Лаура НИШ,15,0.01
Aktoty25,15,0.01
Сейтхалиев Акжол,15,0.01
Kalimova,15,0.01
Esen48,15,0.01
Rauank,15,0.01
Zatillan,14,0.01
Galymmurat,14,0.01
Жанна 555,14,0.01
Kenesbai Ainur,14,0.01
2.135.222.162,14,0.01
Дамира Амиржановна,14,0.01
Қалдар Салта,14,0.01
Kittenfreezer,14,0.01
Nazerke fcr,14,0.01
Аяжан Сарсенбаева,14,0.01
Nnk2000,14,0.01
Vladimir tutykin,14,0.01
Ice201~kkwiki,14,0.01
Гүлбақ Мұсақызы,13,0.01
NIS Semey Kabdygalieva Aizhan,13,0.01
Yulia,13,0.01
Абдижамил Алтынай,13,0.01
Shaubaeva Akmaral,13,0.01
Касымов Н.,13,0.01
Kwatt,13,0.01
Sarahswan,13,0.01
Asset Qazaq,13,0.01
2.132.1.181,13,0.01
Кинаятова Мадина,13,0.01
Көбегенов Ғабит,13,0.01
Маржан торехановна,13,0.01
Aselhan,13,0.01
Khamitova nj NIS,13,0.01
Әділханова Альбина,13,0.01
88.204.169.42,12,0.0
СанияНИШ,12,0.0
Рысбаева Гульнара,12,0.0
Нургиса Пшенбаев,12,0.0
89.218.169.202,12,0.0
Bk-KLaS,12,0.0
ShymNIS 9BLaura,12,0.0
Aiym 02,12,0.0
Толғанай Жағыпар,12,0.0
Tamerlansagitov,12,0.0
Erbol4ik,12,0.0
Alan Sem,12,0.0
TrueNomadEditor,12,0.0
95.56.129.132,12,0.0
Рахматулла Нұрқанат,12,0.0
FrederickEvans,11,0.0
Балықшы,11,0.0
Bauyr03,11,0.0
Нұрбек Қасқырбаев,11,0.0
Бекасыл Бейбітұлы,11,0.0
Aydos Zhengissov,11,0.0
GALAXYFUN.NIS,11,0.0
Өстемірова Ұлдана,11,0.0
Abatova saltanat,11,0.0
Mr. Karsybekov,11,0.0
Саламат Алшын,11,0.0
178.88.218.41,11,0.0
Тазагүл Ермаханова,11,0.0
Бауыржанұлы А.А,10,0.0
22timur99,10,0.0
178.88.217.199,10,0.0
Ali.kz,10,0.0
Аршалы,10,0.0
Mahonty13,10,0.0
92.46.75.247,10,0.0
2.132.100.62,10,0.0
NIS Moldir Beken,10,0.0
Hevadee,10,0.0
93.185.69.179,10,0.0
Ainur.winner,10,0.0
Daur s,10,0.0
95.56.36.133,10,0.0
Ерасыл Жаныбеков,10,0.0
Айжан Мықтыбаева,10,0.0
Sultanuly,10,0.0
Akbota NIS,10,0.0
Aisana Aubakirova,9,0.0
178.90.118.233,9,0.0
Aldogarov,9,0.0
Сламқұл Данияр,9,0.0
Бедел,9,0.0
ShymNIS 7AMoldir,9,0.0
Akmaral.Erkul,9,0.0
Arman Tursynbek,9,0.0
Zhumabek,9,0.0
Happy little pill,9,0.0
Zhatybaeyva,9,0.0
92.46.212.254,9,0.0
NISAida,9,0.0
Хайролла Нарқыз,9,0.0
95.56.31.239,9,0.0
Aishabibi2000,9,0.0
Mrx.nis,9,0.0
Aidana Aibulatova,9,0.0
95.56.40.164,9,0.0
ZhHamit nis.tk,9,0.0
Erlan Ashirbayev,9,0.0
Esagasy,9,0.0
Almas Sadıqūlı Arın,9,0.0
Amanamanainur,9,0.0
Мақпал гидролог,9,0.0
Almust,9,0.0
Jhendin,9,0.0
Kazprose,9,0.0
Khamzin Nurzhan,9,0.0
Нұрғиса Ажиров,8,0.0
Shymnis7bzhanaris,8,0.0
Еркежан Сейтқазы,8,0.0
BotaRaiym,8,0.0
Incli,8,0.0
Aruzhan Bazhirova,8,0.0
Alpamys1997,8,0.0
Раматуллаев Олжас,8,0.0
178.88.60.249,8,0.0
92.46.8.97,8,0.0
178.88.24.182,8,0.0
Dambler,8,0.0
84.240.203.30,8,0.0
Kuralai Duisenova,8,0.0
Muslim Qazaq,8,0.0
Айдын Ерекин,8,0.0
Aleka1901,8,0.0
Don Raul,8,0.0
S.abenova.00,8,0.0
Aizhan Mussina,8,0.0
Куралай нурланова,8,0.0
Канат Алимбаев,8,0.0
Ерзатова Мөлдір,8,0.0
Михайлов Игорь,8,0.0
03ainura,8,0.0
Tomiris2001,8,0.0
Нұрымжан Аяпберген,8,0.0
AssanovaDana,8,0.0
95.56.186.238,8,0.0
Dianka Kamil,8,0.0
Zhumabay.Kerey,8,0.0
92.46.81.119,8,0.0
Ермон,8,0.0
Mattennut,8,0.0
212.154.231.78,8,0.0
Серикбай Аружан,8,0.0
Алия Тілеуберді,8,0.0
Толеубекова Адэль,8,0.0
Ibrahim Kabdeshov,7,0.0
AmanbekAyauly,7,0.0
Алима Сакенқызы,7,0.0
Бекнар Пармен,7,0.0
Akademix~kkwiki,7,0.0
Ермек Нәзерке Еркінқызы,7,0.0
178.91.229.243,7,0.0
61.248.143.2,7,0.0
Каипов Бекжан,7,0.0
178.89.28.164,7,0.0
Айнұр Ракишева,7,0.0
KUckhocjothkei3,7,0.0
Albergenius,7,0.0
Әсем Құдайбергенова,7,0.0
Siqyrcy,7,0.0
Aseke16,7,0.0
Диана НИШ,7,0.0
Bauyrzhan123,7,0.0
Jimmy&Friends 2,7,0.0
Айгерима Уалибек,7,0.0
Шаимова Жазира,7,0.0
Aizatonga,7,0.0
Auyelbekov,7,0.0
95.59.114.141,7,0.0
178.88.9.198,7,0.0
BlizxQ,7,0.0
Yesnazarova,7,0.0
Кенжехан,7,0.0
2.133.100.69,7,0.0
Aidos Adetbekov 777,7,0.0
Sekebai,7,0.0
JaSik,7,0.0
Samatuly Serikbolsyn,7,0.0
NurayPerneshbai21nis,7,0.0
212.19.159.34,7,0.0
92.47.239.3,7,0.0
Arailym.Turganbayevna,7,0.0
Bekeshov Dias,7,0.0
Barcatore92,7,0.0
Nazerke1540,7,0.0
Wixty,7,0.0
AzharbaevaAida,7,0.0
Әсем0000,7,0.0
Айжана Куанышова,7,0.0
202.65.245.7,7,0.0
Kazman322,7,0.0
RaihanZakarina,7,0.0
62.84.60.8,7,0.0
Aidana Bimyqova,7,0.0
Еркінов Сүлеймен,7,0.0
Mladshiy,7,0.0
Askar Alash,7,0.0
Yelubay Aidana,7,0.0
Bakytnur,7,0.0
Gulzada,6,0.0
Аида Куралбай,6,0.0
Saen,6,0.0
ABYLAI NIS,6,0.0
Ayandaribayev,6,0.0
DastanNIS,6,0.0
Arystanbek jr.,6,0.0
92.47.202.216,6,0.0
Barcelona 777,6,0.0
Balhanum,6,0.0
2.133.0.217,6,0.0
178.90.85.177,6,0.0
Амина Жанаковна,6,0.0
Садықова Ақгүл,6,0.0
92.46.182.141,6,0.0
95.59.110.140,6,0.0
Balkar Uzeyir,6,0.0
Bekarys-02,6,0.0
Asarseng,6,0.0
Choli,6,0.0
Shen Vyacheslav,6,0.0
Aizhan Sagu,6,0.0
178.88.17.168,6,0.0
Salimbayeva Nailya,6,0.0
178.88.239.27,6,0.0
Magnifon,6,0.0
NIS Semey Nuray,6,0.0
92.47.239.30,6,0.0
Дастан Қабай,6,0.0
Gugigug,6,0.0
AigerimNIS02,6,0.0
Ордабековна,6,0.0
Саурбаева Салтанат,6,0.0
95.56.109.37,6,0.0
U.maratkyzy,6,0.0
Kulyash1998,6,0.0
Санжар Толепберген,6,0.0
95.56.145.1,6,0.0
92.47.251.38,6,0.0
84.240.199.144,6,0.0
Hbsh Aiazhan 7b,6,0.0
Ayakzm,6,0.0
Нұрбақыт,6,0.0
Aitzhan Yerkenaz,6,0.0
Жасмина Миркаримова,6,0.0
NurpeiisYelnury,6,0.0
Алуа Бейімбет,6,0.0
Indira Alibekovna,6,0.0
Мади Мусабеков,6,0.0
KAigerim,6,0.0
Rustembekkyzy.kuralay,6,0.0
Baknur\amangeldi,6,0.0
МұхтарҚаз,6,0.0
Алтай2014,6,0.0
Аблайхан (ХБН),6,0.0
Bahtiar-erseit,6,0.0
Toktart,6,0.0
92.47.205.125,6,0.0
Жәнібек хан,6,0.0
Тұрғанов,6,0.0
Kristianmusic,6,0.0
Рахметоллаева Мейрамгүл,6,0.0
Bula 055,6,0.0
Amina Toganbaeva,6,0.0
Zhany,6,0.0
Chameleon shym,6,0.0
Cekli829,6,0.0
Karigul B,6,0.0
Булегенова Балнур,6,0.0
Есіркеп Диана,6,0.0
178.90.66.104,6,0.0
92.47.84.44,6,0.0
Қызылқайың,6,0.0
Torekhan Rysgul,6,0.0
Zhandos M,6,0.0
Zhanaiym1998,6,0.0
Oinar assem,6,0.0
Kamsster,6,0.0
Gaukhar1980,6,0.0
Алима Кудайберген,6,0.0
89.218.160.121,6,0.0
2.133.74.107,6,0.0
178.88.223.244,6,0.0
Ayazhan10,6,0.0
Daulet Xo,6,0.0
Tangense,6,0.0
212.154.155.115,6,0.0
Murat Karibay,5,0.0
Aidarzver,5,0.0
Shugilaakhmetova,5,0.0
95.59.214.45,5,0.0
Azamat1705,5,0.0
Kasiet.temirzakhkyzy,5,0.0
Калкабаева Маржан Маратовна,5,0.0
Mekenbayeva Madina,5,0.0
178.91.161.109,5,0.0
213.157.58.38,5,0.0
Talgat.tursynbekov,5,0.0
Marjan Kalkabaeva,5,0.0
Agent Bakdeki,5,0.0
Қоңырат,5,0.0
Тогжанааааа,5,0.0
Adelya2808,5,0.0
NIS Assanova,5,0.0
95.56.182.122,5,0.0
Aglamkhanm29,5,0.0
Айдосым,5,0.0
95.56.170.90,5,0.0
АлинА Сабитовна,5,0.0
Айжан Нурмагамбетова,5,0.0
95.56.183.215,5,0.0
Назгүл Қуантқан,5,0.0
Solaris91,5,0.0
Роман Дмитриевич,5,0.0
Wikinurs,5,0.0
Azaonelife,5,0.0
Neformal66,5,0.0
Py4ka,5,0.0
Арай Алимкул,5,0.0
Кеңесбек Гүлмарал,5,0.0
Usenov Aibar,5,0.0
Салават Нұрлан,5,0.0
Rustem987,5,0.0
Bekarys wk,5,0.0
Amir.Temur,5,0.0
KillGane,5,0.0
2.72.108.24,5,0.0
91.203.196.168,5,0.0
Batyrkhan.x,5,0.0
Dakes123,5,0.0
Semsk-Karaga,5,0.0
Улдана НИШ,5,0.0
Момын Мерей,5,0.0
ShymNIS 7AGulnaz,5,0.0
Makenzis,5,0.0
AyaulymNISD,5,0.0
AzamatEsenov,5,0.0
Билолбек,5,0.0
Aruzhan Sarsenbek,5,0.0
Maksatanarkulov,5,0.0
Nurliaim,5,0.0
AidanaK27,5,0.0
Yeldos Aben,5,0.0
Heyleyla,5,0.0
95.56.117.210,5,0.0
Deisingoi,5,0.0
Джантасова Малика,5,0.0
Amantay aruzhan,5,0.0
Omysheva.M,5,0.0
Жолдыбаев кайсар,5,0.0
95.56.49.30,5,0.0
95.59.224.232,5,0.0
Qazaquly,5,0.0
Wikuiser,5,0.0
Zhannur16.NIS,5,0.0
Нартай Сымбат,5,0.0
Dakusyan,5,0.0
Asan Bekkaliev,5,0.0
Baurdotnet,5,0.0
Dana NIS tk,5,0.0
Акмарал Т,5,0.0
92.46.30.96,5,0.0
Адиль Дуйсенбек,5,0.0
2.132.12.65,5,0.0
2.132.21.2,5,0.0
Oscuro,5,0.0
Silent hill Hunter,5,0.0
Luigi Salvatore Vadacchino,5,0.0
Тілдер әлемі,5,0.0
92.46.72.252,5,0.0
82.211.136.20,5,0.0
Айжан Жарылқасынқызы,4,0.0
Omarova. ayagul,4,0.0
Хулкар Абдимоминова,4,0.0
Көперхан Анаргүл,4,0.0
Talimbek,4,0.0
92.47.94.4,4,0.0
95.57.244.128,4,0.0
Ramazan Magzum,4,0.0
92.46.16.133,4,0.0
84.240.202.188,4,0.0
Серікбай Мынбай,4,0.0
KengessovaB,4,0.0
Зейнеп Молдаш,4,0.0
MonaLiz,4,0.0
8B HBALM,4,0.0
Yermeke,4,0.0
95.57.236.152,4,0.0
Shymnis7bmeruert,4,0.0
Narsha,4,0.0
178.90.69.153,4,0.0
88.204.208.130,4,0.0
Досжан301,4,0.0
Нұржан Хамзин,4,0.0
Aray yermekkyzy,4,0.0
Nurlyaid,4,0.0
92.46.10.75,4,0.0
Асель19,4,0.0
Almas~kkwiki,4,0.0
95.58.228.248,4,0.0
Timur-B,4,0.0
Ayazhana NIS,4,0.0
Aorynbekova,4,0.0
AmangeldiA,4,0.0
QarapayimQazaq,4,0.0
Saken KA,4,0.0
Amir NIS,4,0.0
Dilnaz NIS TK,4,0.0
95.56.68.181,4,0.0
178.88.1.111,4,0.0
92.47.2.66,4,0.0
Kotyatzhan,4,0.0
178.88.94.115,4,0.0
Диас Шымбай,4,0.0
Төребек Абдуррахман,4,0.0
Madizhol,4,0.0
ShymNIS 7AArailym,4,0.0
Refkaz,4,0.0
NISA IB,4,0.0
Baimaganbetova Aidana,4,0.0
Yelubai Aidana,4,0.0
Zhibekk2096,4,0.0
Адия Қуаныш қызы,4,0.0
Аркен Махмут,4,0.0
Ansagan Arman,4,0.0
Қазман Ратбек,4,0.0
GainiErb,4,0.0
Таласбай Кымбат,4,0.0
Тілеуберді Ғани,4,0.0
Дильруба Муратова,4,0.0
Каражан Нурдана,4,0.0
Мауленова Айнур,4,0.0
Spaceman2823,4,0.0
46.227.191.174,4,0.0
Арапбаева Дарига,4,0.0
K.Zhuldyz,4,0.0
Galym,4,0.0
Matvey02,4,0.0
Altynay Muftalova,4,0.0
Nursulu 777,4,0.0
Kvazimodo,4,0.0
Мұханов,4,0.0
Eclipse077,4,0.0
Mukashmk,4,0.0
Қуандыққызы Аружан1405,4,0.0
Досжан Серикбек,4,0.0
31.169.6.194,4,0.0
Nurali,4,0.0
Шамшутдин Лаура,4,0.0
Ибраим Салтанат,4,0.0
Перизат Шерахмет,4,0.0
Kenzhegaly g0108,4,0.0
Нургиса Райымбеков,4,0.0
Ali Tuiebay,4,0.0
Амангелді Нұрбол,4,0.0
HBSH NIS 7C ALIYA,4,0.0
Али-Асан,4,0.0
95.56.55.52,4,0.0
95.59.133.253,4,0.0
Akerke NIS,4,0.0
Begalykyzy Dilyara,4,0.0
Ilamxan,4,0.0
Sanzhar Kenzhekhan,4,0.0
92.47.225.240,4,0.0
95.58.123.99,4,0.0
92.46.212.239,4,0.0
Akzere,4,0.0
Даулет1278,4,0.0
92.47.242.196,4,0.0
Arman91,4,0.0
Аружан Абуталипова,4,0.0
Darios,4,0.0
Bauyrzhanova Aigerim,4,0.0
Bakhytzhan Daniyarbek,4,0.0
89.106.233.215,4,0.0
Manas Bimagambetov,4,0.0
2.132.15.195,4,0.0
SSE wmc,4,0.0
Buntarion,4,0.0
Дилдорбек,4,0.0
Амирова Нұрлы,4,0.0
Taketolymbek,4,0.0
Зәкір Балнұр,4,0.0
Janel99,4,0.0
Ahan Zere,4,0.0
95.58.145.243,4,0.0
Makoss11,4,0.0
95.59.138.218,4,0.0
95.59.212.190,4,0.0
95.59.144.138,4,0.0
Asaubota,4,0.0
Аябек-123,4,0.0
Керимкулов Батыр,3,0.0
95.59.111.105,3,0.0
19642206g,3,0.0
Digital Jetisu,3,0.0
Gulimaa,3,0.0
95.57.238.177,3,0.0
Aizhan Isk,3,0.0
178.91.250.153,3,0.0
178.88.28.12,3,0.0
2.133.121.51,3,0.0
95.59.108.55,3,0.0
BegayimBolat,3,0.0
95.59.112.107,3,0.0
Paizurakhman,3,0.0
Beket Berikuly,3,0.0
Alanbaltabay,3,0.0
Hazar,3,0.0
Yana1484,3,0.0
Гулжайна Усен,3,0.0
Russ~kkwiki,3,0.0
Мурзаханов Муратхан,3,0.0
217.76.69.70,3,0.0
92.46.3.65,3,0.0
178.90.73.13,3,0.0
Dilnazavr,3,0.0
RAIMBEKkz,3,0.0
Токтасынова Аида,3,0.0
Umarxon III,3,0.0
Alila Miramova,3,0.0
Мухаммедали Ару,3,0.0
Akhmetov Timur,3,0.0
Kaiyrzhan Primtay,3,0.0
SchoolBoy,3,0.0
92.47.233.210,3,0.0
95.56.111.69,3,0.0
2.72.143.133,3,0.0
Кенесары хан,3,0.0
J.J.Portman,3,0.0
95.56.56.83,3,0.0
Argynov Dinmukhammed,3,0.0
Talgatbek Akgul,3,0.0
Azizaibragim,3,0.0
Эри Чон,3,0.0
Aselya777,3,0.0
7enis24,3,0.0
Кеда Диана,3,0.0
92.46.5.245,3,0.0
S(uz)ak,3,0.0
NIS Nurbanu,3,0.0
Erkosh7,3,0.0
Azizhan,3,0.0
Айнур Кенес,3,0.0
Aizere,3,0.0
Альвина123456789,3,0.0
Stella-nutella,3,0.0
95.56.26.59,3,0.0
95.58.87.104,3,0.0
Тастан Бекханби,3,0.0
Жолаева Аружан,3,0.0
2.132.32.194,3,0.0
Ardak anvar,3,0.0
Nickispeaki,3,0.0
2.132.4.78,3,0.0
Ruslannnn,3,0.0
92.46.17.58,3,0.0
92.47.254.158,3,0.0
Tauken Aidyn,3,0.0
ШЫМ НЗМ 7А АСЕМ,3,0.0
Aizheke Nurmagambetova,3,0.0
91.185.19.114,3,0.0
Кадиша Сагиндыкова,3,0.0
Бексұлтан Алмас,3,0.0
Карипбек Кербез,3,0.0
Dmertesh,3,0.0
Nyshan,3,0.0
Амангелді Әмина,3,0.0
Турлыбекова Айнур,3,0.0
Edige Amir,3,0.0
Ниетқалиев Ернұр,3,0.0
Yelaman Sain,3,0.0
Eskeldi,3,0.0
Sudralum,3,0.0
Botagalymova,3,0.0
Жангарина Аружан,3,0.0
Аман Амина,3,0.0
Нұрлы,3,0.0
ShymNIS 8aSaltanat Nurjanova,3,0.0
ShymNis 8c shertay damira,3,0.0
Urimtal,3,0.0
Arkhat.ast,3,0.0
Rustem~kkwiki,3,0.0
Matheus-psj~kkwiki,3,0.0
Zhibek2003,3,0.0
Бексеитова Томирис,3,0.0
Erkalar86,3,0.0
Aruzhanml,3,0.0
Ақсәуле,3,0.0
Mytnoo,3,0.0
MadinaOtegali,3,0.0
95.56.26.151,3,0.0
Difod,3,0.0
134.32.43.78,3,0.0
Қуанышова Айжан,3,0.0
Бауыржан Жақсылық,3,0.0
82.200.153.114,3,0.0
Дильназ Тулегенова,3,0.0
NISSemey Yerassyl,3,0.0
ArailymAkylbekovna,3,0.0
82.200.168.35,3,0.0
95.56.10.142,3,0.0
Саулебекова Дана,3,0.0
Baketova Karina Nurlanovna,3,0.0
Menikure,3,0.0
92.46.0.178,3,0.0
Sabina NIS,3,0.0
Hearthstoner,3,0.0
Andy11314,3,0.0
ShymNis 8c damira shertay,3,0.0
ИОГЦ,3,0.0
Juldiz-2001,3,0.0
VitalIra,3,0.0
Жансая Назарова,3,0.0
Alina2111,3,0.0
Medeu Shanyrak,3,0.0
Ibrometeor,3,0.0
Ақмаржан Ержан,3,0.0
Алпамыс Әбу,3,0.0
92.47.229.55,3,0.0
Lala~kkwiki,3,0.0
Kazhikarim Aizat,3,0.0
Экспедиция НИШ,3,0.0
Ardak Tokzhan,3,0.0
Айдос Байтелиев,3,0.0
Aruzhan M,3,0.0
Батаева,3,0.0
Серик Щеглов,3,0.0
Altair~kkwiki,3,0.0
Assylaseka,3,0.0
Байгенжина Сымбат,3,0.0
Alua Zholgazy,3,0.0
89.218.196.114,3,0.0
Алмас Искендиров,3,0.0
Kausar,3,0.0
Зайткалиева Асем,3,0.0
Совет Шапағат,3,0.0
AlexKoval,3,0.0
Shertershi,3,0.0
Yestay79,3,0.0
Talasbekova Aiman,3,0.0
Aq.Sholpan,3,0.0
Менеджер по сроку годности,3,0.0
Tigerofkz,3,0.0
Saken Sukhanov,3,0.0
Adil.muratov,3,0.0
Zhansaya0,3,0.0
213.171.34.252,3,0.0
Алина Ғалымжанқызы,3,0.0
ReMuse,3,0.0
Анаржан,3,0.0
Aktau7292,3,0.0
Саида Мусаходжаева,3,0.0
Bakirov.ilyas,3,0.0
AZia7b,3,0.0
ShymNIS 9bBekzhan,3,0.0
Aknar01132005,3,0.0
Zhalel Kuat,3,0.0
Думан,3,0.0
Sair kun,3,0.0
Кайыр,3,0.0
Akmaral Adilzhanova,3,0.0
Batyrzhan.alikhanov,3,0.0
Балым Жасыбек,3,0.0
Ulan.ysmaiyl,3,0.0
Шәріп Айнұр,3,0.0
Шәріп Айгүл,3,0.0
Aset.kb,3,0.0
Gray eyes,3,0.0
Akbarskiy,3,0.0
213.171.34.250,3,0.0
Araika01,3,0.0
Aidyn93,3,0.0
Kopzhassar,3,0.0
Armakyzy,3,0.0
Maral Dairova,3,0.0
Timpul,3,0.0
Uzbekistan PFL,3,0.0
SaduakhasovaBayan,3,0.0
Оразалиева Айдана,3,0.0
Tolegen.meiramgul,3,0.0
Guisezim Duisenbay,3,0.0
Botash Ormanali,3,0.0
Nurbo,3,0.0
Нурпеисов Асет~kkwiki,3,0.0
Seiitkarimdanelya,3,0.0
ALIHAN0709,3,0.0
37.150.229.75,3,0.0
95.57.242.95,3,0.0
37.150.229.252,3,0.0
178.91.244.203,3,0.0
178.90.66.61,3,0.0
178.91.229.119,3,0.0
178.91.227.49,3,0.0
82.200.179.132,3,0.0
178.90.29.87,3,0.0
Құралай Мұратқызы,3,0.0
95.58.136.161,3,0.0
Yerkin Abdildin~kkwiki,3,0.0
95.59.106.174,3,0.0
95.59.121.12,3,0.0
95.56.49.111,2,0.0
Құсшы,2,0.0
YerzhanZhauymbay,2,0.0
Мадина Кульдеева,2,0.0
Амина Успанова,2,0.0
173.245.84.98,2,0.0
Perizvt,2,0.0
Alisher.suleimen,2,0.0
Yernur K.,2,0.0
Eersultan,2,0.0
Нұржанат Нұрымқызы,2,0.0
Дальми,2,0.0
Мадина Өмірсерік,2,0.0
Faalp,2,0.0
146.23.212.21,2,0.0
Тулепбергенова Динара,2,0.0
Bauka.95,2,0.0
Zhanatbek,2,0.0
Berenbayevdidar,2,0.0
СКК Мұражайы,2,0.0
Назерке Қайратқызы,2,0.0
Medina Rakhmedulla,2,0.0
Felipe08,2,0.0
NurzhanSeilkhan,2,0.0
Alikhan~kkwiki,2,0.0
2.74.116.194,2,0.0
46.227.184.110,2,0.0
46.227.191.172,2,0.0
88.204.194.60,2,0.0
Anel Kapasheva,2,0.0
Aruzhan abenova,2,0.0
178.88.3.226,2,0.0
2.72.143.254,2,0.0
Nurbanu,2,0.0
Gnagibova,2,0.0
Dosik00,2,0.0
95.56.78.47,2,0.0
95.56.51.253,2,0.0
Dormouse d,2,0.0
Жанұзақова Әдемі,2,0.0
2.74.40.129,2,0.0
LeanBorgie,2,0.0
Kuralay,2,0.0
Hare Umai,2,0.0
Arunia92,2,0.0
Shakhnadir Makhmutov,2,0.0
DulatAigerim,2,0.0
Нурланова Жантолқын,2,0.0
Eset.2001,2,0.0
Лаура Адамбекова,2,0.0
Umpalumpa.t,2,0.0
Ержан Байтула,2,0.0
Нұрлан Саят,2,0.0
Xxxalibekacion,2,0.0
Aligulova Amina,2,0.0
95.56.102.239,2,0.0
Japan Football,2,0.0
OnalbekovNurbolNIS,2,0.0
Barlykbayeva Alima,2,0.0
Жексенбек Нұрайым,2,0.0
Zhando 2000,2,0.0
Zhanerke Nyssanbaeva,2,0.0
Аян Қалмұрат,2,0.0
84.240.200.127,2,0.0
95.56.4.61,2,0.0
Fazylzhan Aslanbek,2,0.0
WrighterLafa,2,0.0
62.84.61.9,2,0.0
62.84.63.57,2,0.0
Bakhtiyarkyzy Zhanerke,2,0.0
ZhansayaSagadieva,2,0.0
Olzhas.Aktobe,2,0.0
ArhunKZ,2,0.0
Жигитова Сауле Маликовна,2,0.0
92.46.12.176,2,0.0
Yelkhanys,2,0.0
Bolatbekb,2,0.0
Zhumabek Asulzada,2,0.0
Anelya Topoleva,2,0.0
Riggititor,2,0.0
Sayatshy,2,0.0
195.47.255.3,2,0.0
Өтеген Қалданов,2,0.0
Амантаева Малика,2,0.0
Аяжан.С.Р,2,0.0
Шалбай Фариза,2,0.0
АЙДАР,2,0.0
178.91.254.2,2,0.0
Kurmangazy.Turumbet,2,0.0
Aliakhmet.kamilla,2,0.0
RobloxFan2022,2,0.0
Қарақат Фархатқызы,2,0.0
Guldariya04,2,0.0
Дидар93,2,0.0
Aida200101,2,0.0
Адель,2,0.0
Қанат Хасан,2,0.0
Ынтықбай Айбек,2,0.0
Onarakusai,2,0.0
НЗМ.Сүлеймен,2,0.0
Abylkasim,2,0.0
92.47.253.239,2,0.0
Данияр Жак,2,0.0
Altynaiakashayeva,2,0.0
Aisana.q.k,2,0.0
Акжан Шералиева,2,0.0
BissenM,2,0.0
Дарина Еркенова,2,0.0
Аружан Сатыбалдиева,2,0.0
Dina Nyrlankyzy,2,0.0
95.58.89.241,2,0.0
112.207.130.222,2,0.0
Шамшат Бекжан,2,0.0
Бауыржан Момышұлы,2,0.0
Зарина Нуртай,2,0.0
95.59.207.130,2,0.0
Meruyert Aitzhanova,2,0.0
Ханзада Бабахан,2,0.0
Alua.aliyeva,2,0.0
KostOUNB L.N. Tolstoy,2,0.0
Demezhan Serik,2,0.0
Айнур Сапарбекова,2,0.0
Bekzhan1,2,0.0
Diana Kaiyrbek,2,0.0
Байтула Ержан,2,0.0
Sashacurety cameras,2,0.0
Нургуль Тулепова2,2,0.0
Қуанышев Асылбек,2,0.0
Tynyshtikbay,2,0.0
Айдана Б,2,0.0
Айкун Куспанова,2,0.0
Хайруллина Айгерим,2,0.0
5.34.53.205,2,0.0
Aruzhan.Muratkazhy,2,0.0
Dianakaldybek,2,0.0
Zhanshar,2,0.0
Меруерт Рысқұлбек,2,0.0
2.72.159.213,2,0.0
Kimam609,2,0.0
Hbsh dana 9d,2,0.0
84.240.206.50,2,0.0
Nazgul kaz,2,0.0
7сан,2,0.0
AshimbekovaA,2,0.0
Амангельди Асель,2,0.0
178.88.26.191,2,0.0
Берикболсын,2,0.0
Inleco,2,0.0
Abdullin ilyas,2,0.0
178.90.94.229,2,0.0
Arman Almenbet,2,0.0
Жұмәділ Диана,2,0.0
Тоқсанбай Әбілқайыр,2,0.0
Айнур Кенес НИШ,2,0.0
Шілде,2,0.0
Мадина Тоқтарова,2,0.0
Абдихан Дархан,2,0.0
Avery Jensen,2,0.0
Калу Аяжан,2,0.0
Әмірәлі Нұргүл,2,0.0
Бәйдібек Ерғали,2,0.0
Sabina.baken,2,0.0
Beybaris Utel,2,0.0
Narka050113,2,0.0
Усенгазин Мухаммед,2,0.0
217.76.71.114,2,0.0
Сагадат окимбек,2,0.0
Бекешов Диас,2,0.0
AliyaZhagiparova,2,0.0
Сабыр Салтанат,2,0.0
Жәудір ағаділ,2,0.0
Сейтқазиева Ақжібек,2,0.0
Сатым Мерей,2,0.0
95.56.87.237,2,0.0
Alkhanov,2,0.0
Тамара,2,0.0
Akerke Madikhan,2,0.0
Omirbek Beksultan,2,0.0
Balausssssa,2,0.0
178.89.80.206,2,0.0
Bakayev d,2,0.0
Аида Сыздыкова,2,0.0
Асемай2001,2,0.0
Alimkulov abdulla,2,0.0
Liahim Nishpal,2,0.0
Aliyazhan,2,0.0
Omirzak a,2,0.0
178.90.82.72,2,0.0
Әлібек Зарубек,2,0.0
Maxen2,2,0.0
Алтынай Алтынбекқызы,2,0.0
Asem Amangeldi,2,0.0
Tomomoo,2,0.0
Идрисова Виктория,2,0.0
Abayconvict,2,0.0
Ашуров Альтаир,2,0.0
T.Aisulu,2,0.0
Anna Alexey,2,0.0
Берикбаева Аружан,2,0.0
A Ilyassov,2,0.0
Meiram81,2,0.0
ShyngysWiki,2,0.0
DinaraYer,2,0.0
Назар Уахитов,2,0.0
Chingo0899,2,0.0
Арипханова Луиза,2,0.0
Жакенов Олжасбек,2,0.0
MoldirBb,2,0.0
Kubeenov,2,0.0
Nisbala,2,0.0
Ерболқызы Аяна,2,0.0
Alex281196,2,0.0
Нұрхан Мұхтаров,2,0.0
212.19.143.167,2,0.0
Рахымжан Оразгали,2,0.0
Сүгірәлиева Балнұр,2,0.0
92.46.134.204,2,0.0
92.46.51.194,2,0.0
Abeka,2,0.0
92.46.9.184,2,0.0
95.56.5.177,2,0.0
QazaqUly,2,0.0
Alik20000403,2,0.0
Алия Сапарбай,2,0.0
Ербол Ермахан,2,0.0
95.57.230.128,2,0.0
212.76.23.39,2,0.0
Eccyac,2,0.0
Молдабекова Мадина,2,0.0
95.56.122.32,2,0.0
Ужасный пират Робертс,2,0.0
E.Azamat,2,0.0
Also.99,2,0.0
Madina Arystanova,2,0.0
NurayAmze,2,0.0
Жаслан Нурахметов,2,0.0
Әбуғали Дарын,2,0.0
Bakbaeva,2,0.0
Меруерт Едигеева,2,0.0
Jussupova,2,0.0
Ulsapar,2,0.0
Samalberikbay,2,0.0
Нигымадилова Перизат,2,0.0
95.58.250.3,2,0.0
Ұлпатай,2,0.0
Ұлмахан Айжан,2,0.0
Ibrayevan,2,0.0
95.58.101.79,2,0.0
Erma1501,2,0.0
Рустем Темірлан,2,0.0
Толенбекова Жанат,2,0.0
95.58.119.178,2,0.0
Рахман3,2,0.0
Karlygash27,2,0.0
Alisher420,2,0.0
Самадулла Анель,2,0.0
Qisybay Alibek,2,0.0
Platon Greece,2,0.0
Жанузак Асыл,2,0.0
Жанерке Жаксибекқызы,2,0.0
Kakimova060501,2,0.0
Егемберді Назерке,2,0.0
MeruertRyskulbek,2,0.0
Назерке Толеубековна,2,0.0
Amangeldy.assem,2,0.0
Dias Durysbek,2,0.0
89.106.237.97,2,0.0
MereyToken,2,0.0
NIS Semey Enlik,2,0.0
Gulsezimd,2,0.0
Tazhibaev Nurbek,2,0.0
Жасулан Амангельды,2,0.0
Жанна Қайрлина,2,0.0
Sukhrob king,2,0.0
Jaukazyn,2,0.0
ZZarkymova,2,0.0
Кабдуалиев Алишер,2,0.0
Батырхан Балнур,2,0.0
Бұрхан Мирас 9С,2,0.0
Егембердиев Раймбек,2,0.0
Zhasulan Balgozha,2,0.0
89.218.248.158,2,0.0
178.90.78.6,2,0.0
178.90.123.254,2,0.0
92.46.86.43,2,0.0
BotagozBeisekova,2,0.0
Almasadam,2,0.0
Борамбаева Гульназ,2,0.0
Aseltengebaeva21nis,2,0.0
Kshetunsky,2,0.0
Shukenai Gulim,2,0.0
Sphaeral,2,0.0
Shymnis7Baiaulim,2,0.0
Иманмурат Нурсая,2,0.0
Ердимурат Анель,2,0.0
Gulnara7777,2,0.0
Nurbolat91,2,0.0
Qudaibergen,2,0.0
92.47.93.87,2,0.0
Адилкадыр,2,0.0
Askar Ibrayev,2,0.0
Alikhantanirbergennurlanuly,2,0.0
Eldoskaz,2,0.0
Zheksekeeva.k.s,2,0.0
Дарига Арапбаева,2,0.0
95.59.133.146,2,0.0
Lordegraf,2,0.0
2.133.123.175,2,0.0
Шәкәрім Солтанаев,2,0.0
95.59.116.242,2,0.0
88.204.225.137,2,0.0
178.91.253.11,2,0.0
89.218.167.51,2,0.0
178.82.176.221,2,0.0
95.59.101.229,2,0.0
24.168.39.49,2,0.0
89.218.165.111,2,0.0
Musab84,2,0.0
Зиедбек,2,0.0
89.218.160.180,2,0.0
95.59.176.47,2,0.0
Иса Інжу НЗМ,2,0.0
Viplux,2,0.0
JakoOGLANBEKOV,2,0.0
Aisford,2,0.0
95.59.217.21,2,0.0
Zhanakhmetova Akbota,2,0.0
Жаңадан Б,2,0.0
Himmleq88,2,0.0
92.46.89.255,2,0.0
LiluOscura,2,0.0
212.154.214.144,2,0.0
Sursh,2,0.0
82.211.152.12,2,0.0
Orbwiki107,2,0.0
ШХБ Нурлан Есентаев,2,0.0
178.89.25.173,2,0.0
Selina.nis.tk,2,0.0
Abylai23.NIS,2,0.0
46.227.184.141,2,0.0
AbdanbaevaAkkogershin,2,0.0
Takibaysultan,2,0.0
Губин Михаил,2,0.0
Юлдашев Ринат,2,0.0
178.91.230.27,2,0.0
178.91.229.87,2,0.0
Eskendirovaa Raushan,2,0.0
SQroma,2,0.0
Hu67et,2,0.0
Шешен Исмаил,2,0.0
Astraxandyq,2,0.0
Alpasli,2,0.0
Msherimbek,2,0.0
113.169.148.254,2,0.0
Shymnis9cAidanaUzbekbai,2,0.0
84.240.197.10,2,0.0
Salibrr,2,0.0
Sapargazin,2,0.0
Duman1,2,0.0
Сладкая Роза,2,0.0
Тоганбаева Амина,2,0.0
Beisen1,2,0.0
Shokan KU,2,0.0
95.57.233.65,2,0.0
Алибабаев,2,0.0
Абуов Алау,2,0.0
Wname1,2,0.0
82.200.203.182,2,0.0
95.57.246.44,2,0.0
Алдияр Какимжан,2,0.0
Aralim,2,0.0
Илья Драконов,2,0.0
Ұлмекен кайбалдиева,2,0.0
Kuralayrustembekkyzy,2,0.0
Тохтарқызы,2,0.0
Қарағанды обл. тіл басқармасы,2,0.0
92.47.96.140,2,0.0
Muhamet,2,0.0
Janugyl,2,0.0
Тайжанова Асия,2,0.0
Moldabek.b,2,0.0
89.218.166.68,2,0.0
81.88.159.56,2,0.0
89.218.166.179,2,0.0
95.59.108.48,2,0.0
Marzhanjangildinova,2,0.0
Abay11,2,0.0
Meirzhan Yerzhanov,2,0.0
Азамат 92,2,0.0
Шерзод Раманкулов,2,0.0
95.56.19.62,2,0.0
Uzsport,2,0.0
Қуанышқызы Назерке,2,0.0
Әбіләшімова Диана,2,0.0
92.46.80.37,2,0.0
Loderuner,2,0.0
Бақтиярқызы Аяулым,2,0.0
K zhalgasova,2,0.0
89.218.167.159,2,0.0
220.69.180.182,2,0.0
Айша бибі шаңырағы,2,0.0
92.46.90.143,2,0.0
Aidanasaduakas,2,0.0
Aikerim.b,2,0.0
95.56.224.192,2,0.0
Altynsoft,2,0.0
Сагыныш Байтурсинов,2,0.0
Sabyrzhan.makhambetzhan,2,0.0
Sky Walker,2,0.0
Жомарт Ж,2,0.0
Nazym Musa shymnis,2,0.0
Dota kst,2,0.0
Danabek Abildayev,2,0.0
92.46.158.126,2,0.0
95.56.47.246,2,0.0
Серік Мейірбеков,2,0.0
Shymnis7bsymbat,2,0.0
92.46.79.27,2,0.0
Солтангазина Айнұр,2,0.0
92.46.106.200,2,0.0
Hbsh Kambarbek Aidana,2,0.0
Ayaulym B,2,0.0
Жұмаділдаева Самал,2,0.0
Қамбар,2,0.0
113.169.146.234,2,0.0
Азан Есбол Ерғалиұлы,2,0.0
Жолмағанбет Д,1,0.0
Teluadre,1,0.0
Аружан Мәрдісадық,1,0.0
Жибек и Саида,1,0.0
Nurzat Nazarbekova,1,0.0
Aruzhanaruzhan,1,0.0
95.58.80.12,1,0.0
Алтыбай Дастан,1,0.0
Караматдинова Жұлдыз,1,0.0
Konilkosh,1,0.0
Alila Miramova.19,1,0.0
Malika sf,1,0.0
МайлановАдильбек,1,0.0
Samogitia,1,0.0
Tamilana,1,0.0
Moldirkhamitova,1,0.0
Mad bako,1,0.0
AndyKaz,1,0.0
Gulnaz63,1,0.0
Макбек,1,0.0
Franjo123,1,0.0
Алиаскарова Айдана,1,0.0
Ansar303,1,0.0
178.91.167.142,1,0.0
95.59.67.142,1,0.0
Zhuldyz.sadykbek,1,0.0
95.58.77.157,1,0.0
Alimbek145,1,0.0
S.a.j.d.13,1,0.0
95.59.8.229,1,0.0
88.9.198.48,1,0.0
Сейітқасым Сымбат,1,0.0
92.46.165.141,1,0.0
95.57.38.6,1,0.0
Акбота Ашим,1,0.0
Діни басқарма,1,0.0
95.58.89.138,1,0.0
213.211.94.19,1,0.0
Maya Zhakypbekova2004,1,0.0
95.57.18.122,1,0.0
95.58.146.229,1,0.0
Aigerim Zharmagambetova,1,0.0
Dilnaz Sagit,1,0.0
Oryngyl Tanatarova,1,0.0
89.218.216.61,1,0.0
Kametov Makhambet,1,0.0
Saltanat.urazalieva,1,0.0
78.161.3.183,1,0.0
92.46.132.109,1,0.0
Bibarys21,1,0.0
Serzha,1,0.0
Жанель Айтина,1,0.0
Aiiya S,1,0.0
Zhandos2002,1,0.0
РИНАТ,1,0.0
Nisalmcbddormitory,1,0.0
95.59.13.41,1,0.0
92.46.236.169,1,0.0
92.47.2.242,1,0.0
Динара Тілегенова,1,0.0
Қосақ,1,0.0
AlmasNur,1,0.0
Әлімхан Баржақсы,1,0.0
Kossalbayev,1,0.0
95.58.79.39,1,0.0
95.58.1.97,1,0.0
99.233.10.160,1,0.0
95.141.137.46,1,0.0
198.96.38.221,1,0.0
88.204.157.61,1,0.0
Qermo,1,0.0
Аманджон,1,0.0
Tarspi,1,0.0
92.47.6.0,1,0.0
Хамзин Нұржан Әлімжанұлы,1,0.0
NoorBall,1,0.0
Charismaniac,1,0.0
Maira1124,1,0.0
Seminarian Sergey,1,0.0
K.s.kairbekkyzy,1,0.0
Shym NIS9BBisenbaiaru,1,0.0
Назгүл Қожабекова,1,0.0
A.Khamidullin,1,0.0
Beisenova A,1,0.0
НурайАбдуллаева,1,0.0
Abkv 14,1,0.0
Ақбота Тұрсынхан,1,0.0
Ақбота Аманжол,1,0.0
Нурбек2001,1,0.0
Kymbat06,1,0.0
YtoSu,1,0.0
Nazym Kurmankulova,1,0.0
Aliya Absemet,1,0.0
Mussin Dias,1,0.0
Актоты Жанабай,1,0.0
75.111.54.237,1,0.0
Gabriel3,1,0.0
Жалбаева Аружан,1,0.0
Bekezhan,1,0.0
95.58.108.122,1,0.0
Goldensoni03,1,0.0
Уваров Данила,1,0.0
Bikurmanova,1,0.0
Guljan kg,1,0.0
Ykylas Arun,1,0.0
Bkolubenka,1,0.0
PetrGruko,1,0.0
Basutarudo,1,0.0
Нурлан Хамзин,1,0.0
Абылай хан1,1,0.0
Diara 2005,1,0.0
Nigaraheheh,1,0.0
Aquarium1323,1,0.0
Danabaywiki,1,0.0
Gulzhan.kanai,1,0.0
Зинадинова Нури,1,0.0
Eurohunter,1,0.0
Jako love 96,1,0.0
Nyammm,1,0.0
Aidana,1,0.0
Kbtg,1,0.0
Quapaq,1,0.0
87.247.14.50,1,0.0
Saltanat Abdrasilova,1,0.0
AishaNurbolat,1,0.0
Aruzhan Ualikhanova,1,0.0
Исламбек Манап,1,0.0
Beka 2904,1,0.0
Лау,1,0.0
Lologog,1,0.0
Tussupova,1,0.0
Тореханова Н,1,0.0
Dinara9B.hbsh.nis,1,0.0
Merey Esengaliyeva,1,0.0
Agente Rolf,1,0.0
Дильнаааааз,1,0.0
Oezbek,1,0.0
Kazybek7kz,1,0.0
Nurs02,1,0.0
Арайлым Бахытқызы,1,0.0
Абай Ақпанов,1,0.0
Гулнар умирбек,1,0.0
Kengesbek,1,0.0
89.40.194.120,1,0.0
Назарбаева А,1,0.0
Kanabeke,1,0.0
Zhualy,1,0.0
Fênix321,1,0.0
Сакенова Айгерим,1,0.0
Sahmi Sairan,1,0.0
Зарина Мукушева,1,0.0
Tar-ba-gan,1,0.0
Сергазина Томирис,1,0.0
93.185.69.178,1,0.0
Сағынғали Айбар,1,0.0
Abilay 2005,1,0.0
Абылай Боранбай,1,0.0
KairbaevSabir,1,0.0
Zharasbay n,1,0.0
89.218.82.40,1,0.0
Kprwiki,1,0.0
193.255.190.14,1,0.0
85.104.211.165,1,0.0
212.15.171.212,1,0.0
92.46.51.19,1,0.0
Albina Aitzhanova,1,0.0
Сагинбаев Галымжан,1,0.0
Coburlix,1,0.0
178.91.39.64,1,0.0
Rakhimova.m,1,0.0
Makhmut Daniyal,1,0.0
Szekelyzsolt,1,0.0
DanchikAmangeldy,1,0.0
Dimash-93,1,0.0
YerbolIslambek,1,0.0
Ару Әлмұратова,1,0.0
95.56.51.84,1,0.0
Сабыржан НЗМ АТР Шаттықтың мекені,1,0.0
EIsaev,1,0.0
95.59.116.126,1,0.0
95.58.49.87,1,0.0
95.58.42.240,1,0.0
Ayaulym Aktayeva,1,0.0
95.58.79.2,1,0.0
Muktybek,1,0.0
Makulbekov Dulat,1,0.0
Бермиштай Жулдызай,1,0.0
Жібек2,1,0.0
Ерасыл Мухамедияр,1,0.0
Tema691,1,0.0
Aydarkhan71,1,0.0
Айзада00,1,0.0
Бота-Әсем,1,0.0
NurzhanZH,1,0.0
Ақтолқын,1,0.0
Yahadzija,1,0.0
Ilyas.bakirov,1,0.0
Korshibek,1,0.0
Дайранова Қамарсұлу,1,0.0
Zhuban aigerim,1,0.0
95.58.228.65,1,0.0
Chondukhvan,1,0.0
Berkim20,1,0.0
Tomiris Kuandyk,1,0.0
Sayahonko,1,0.0
Aslan.Erb,1,0.0
Бактиярова Амина,1,0.0
Comp1089,1,0.0
Jorta,1,0.0
Amirsultan2002,1,0.0
Towa11,1,0.0
Madi k,1,0.0
Akzhan Talgat,1,0.0
Azamat11,1,0.0
NY OFFICIAL02,1,0.0
RadleY,1,0.0
95.58.88.112,1,0.0
Kwokkkk,1,0.0
Akhmetbolat,1,0.0
Oddie15,1,0.0
Мерей Рамазанова,1,0.0
Zake02,1,0.0
92.46.43.34,1,0.0
212.154.249.2,1,0.0
Toktarkhans,1,0.0
92.47.21.25,1,0.0
95.59.188.53,1,0.0
95.58.35.166,1,0.0
Таукенова Гульнур,1,0.0
84.237.99.16,1,0.0
Aidar2002,1,0.0
Михайленко Дарья,1,0.0
Ерасыл 00,1,0.0
Кеңшілік Аружан,1,0.0
Bilge Qagan,1,0.0
Adilbekkazykhanov,1,0.0
Aisana Turish,1,0.0
Jakon11,1,0.0
Бишекенова Аружан,1,0.0
Ai koshanova,1,0.0
Балбөбек,1,0.0
Caucasianium,1,0.0
Max Raus,1,0.0
Kamara95,1,0.0
Tolbassy Aigerim,1,0.0
Ynamreg,1,0.0
Suleimenkyzy Umit,1,0.0
Aiboonation,1,0.0
DobryBrat,1,0.0
95.58.93.122,1,0.0
213.171.34.243,1,0.0
95.58.35.52,1,0.0
178.91.160.74,1,0.0
Қуаныш026,1,0.0
134.32.43.60,1,0.0
89.218.148.110,1,0.0
95.58.161.250,1,0.0
Gulzat,1,0.0
212.154.249.202,1,0.0
95.59.13.12,1,0.0
Shugla Amangeldy,1,0.0
Жандос Манай,1,0.0
Аркабеков Елжан,1,0.0
92.47.5.176,1,0.0
Atuleubayev,1,0.0
AyaulymSeitkamzina,1,0.0
Vitaly Milov,1,0.0
Абдукаримова Анар,1,0.0
Калиева Айнур,1,0.0
Жайшылық Әсем,1,0.0
Сағындықова Дария,1,0.0
Kaldar~kkwiki,1,0.0
Enver62,1,0.0
Aiym Seitmagambetova,1,0.0
Adille97,1,0.0
Nurgali Nurtay,1,0.0
Несібелі Елтай,1,0.0
Шинбаева Аружан,1,0.0
Kharaotgel,1,0.0
Бекжігіт Абдуалиев,1,0.0
Шарапи Дидар,1,0.0
ObiVatnyeNogi,1,0.0
GainiiMukhtarkyzy,1,0.0
Meruyert09,1,0.0
Zhansaya n,1,0.0
Nurzat Serikkizi,1,0.0
Мырза-Ахмет,1,0.0
Aman228,1,0.0
Кабдоллаева Мадина,1,0.0
Жанибек А,1,0.0
Fhefq,1,0.0
KARAKATTYNYSHTYKBAI,1,0.0
Мүсіркеп Сұлтан,1,0.0
Әділ.Дина,1,0.0
A Nagimash,1,0.0
HBSH 7C ALIYA,1,0.0
Nazym Tuan,1,0.0
Ayazhan Zhansultanova,1,0.0
Dszhaksylyk02,1,0.0
Орынбаев Бағлан,1,0.0
Тойгабылова Айжан,1,0.0
UlugbekKhasanov,1,0.0
Аруна Рахимжанова,1,0.0
Уля Тотанова,1,0.0
Әнәпия Абылайхан,1,0.0
Akhanamina,1,0.0
Myrzamuratov.a,1,0.0
92.46.231.149,1,0.0
Аружан2003,1,0.0
212.154.254.175,1,0.0
95.57.30.25,1,0.0
Адилева Айша,1,0.0
Kaisa11,1,0.0
Aibek1720,1,0.0
Yerbolat453,1,0.0
Assel~kkwiki,1,0.0
Әмина Амангелді,1,0.0
95.57.167.106,1,0.0
Yel-Mukhtar,1,0.0
Ae.as2002,1,0.0
MarTIan,1,0.0
Bauka K,1,0.0
Исин Рамазан 7 А,1,0.0
Myrzakhanov,1,0.0
Алипова Айнур,1,0.0
Hazormen,1,0.0
Ажарбаева Аида,1,0.0
Сая Курманалина,1,0.0
Elzhan.11,1,0.0
KaztaevBekzat,1,0.0
Baidildaeva Aizada,1,0.0
Moldashev2017,1,0.0
Томирис02,1,0.0
Azhara Krause01,1,0.0
Шынар Қапантайқызы,1,0.0
Mkhrdnkz21,1,0.0
Kanieva Adelina,1,0.0
Madi Keshilbayev,1,0.0
Tobzhanov Aziz,1,0.0
Тилектес Бакытжан,1,0.0
Aidana Bimykova,1,0.0
Sabira Kazkenova,1,0.0
Temirhan Zhanabilev,1,0.0
Serzhan Bekniyazov,1,0.0
2Мадияр,1,0.0
Zami0102,1,0.0
KazbekNIS.9B,1,0.0
Нурмуханбетов Санжар,1,0.0
Шахмарал Інжумаржан Омарқызы,1,0.0
Saulkz,1,0.0
Жумагазина Мико,1,0.0
Anuar nis tk,1,0.0
Inakynova,1,0.0
Dr.Aitbekov,1,0.0
САИДАДАНАМАДИНА,1,0.0
Қымбат М,1,0.0
Yerkebulan Zhaksylykov,1,0.0
SSERKEBULAN,1,0.0
Jasik Uzakbai,1,0.0
Aset04,1,0.0
Dilnazserikova13,1,0.0
95.59.82.130,1,0.0
Qanat Alimbaev,1,0.0
Arris17,1,0.0
Аида Кумар,1,0.0
Жанагуль Тынысбек,1,0.0
Maratviki,1,0.0
DanaGal,1,0.0
Ернұр2004,1,0.0
ZZhazira,1,0.0
Yerchooo,1,0.0
СерикбайБисекеев,1,0.0
Әділжан Құрманғали,1,0.0
Saparuli A,1,0.0
Мухтар2004,1,0.0
Rapizhanova,1,0.0
Tobzhanov,1,0.0
Nurzhik93,1,0.0
95.59.83.248,1,0.0
95.56.104.188,1,0.0
Rrinatov13,1,0.0
92.47.252.40,1,0.0
95.58.228.168,1,0.0
HBSH NIS 7C ASEL,1,0.0
Yerbolkyzy,1,0.0
Towa123,1,0.0
Aisana93,1,0.0
Maxim Makukov,1,0.0
Kaldarbekovaaigerim,1,0.0
A.djan,1,0.0
Essenaly Arina,1,0.0
Irina Falezhinskaya,1,0.0
E-nrx-571,1,0.0
Ernar 02,1,0.0
Wolfgang1212,1,0.0
Asdggwp,1,0.0
Ділдәимов Ерасыл,1,0.0
KRIC,1,0.0
Zaikazarinok,1,0.0
Khvan s15,1,0.0
Сәуір,1,0.0
Animeshnick.khan,1,0.0
Oralgazieva Elzhana,1,0.0
Akku Shaikhybek,1,0.0
Assem Mukhametkalieva,1,0.0
Kimur,1,0.0
ChanisCaucasi,1,0.0
Sabyrzhan07,1,0.0
BirJarq,1,0.0
177.73.98.80,1,0.0
Qavebo,1,0.0
АйбынНатгео,1,0.0
Moldakhul Syrymm,1,0.0
SteppeHanym,1,0.0
Мырзабаева Сабина,1,0.0
Алтынбек Айнұр,1,0.0
Ерполат Бекдәулет,1,0.0
Медет Нұрбек,1,0.0
Асқар Еркежан Ержанқызы,1,0.0
Дінмұхаммед Аманжол,1,0.0
Technoperi,1,0.0
Azhar Agataykyzy,1,0.0
Балтабай Әділет,1,0.0
95.57.4.186,1,0.0
92.46.165.142,1,0.0
89.218.100.209,1,0.0
Riteris,1,0.0
87.247.18.72,1,0.0
Бахтияр Еркебулан,1,0.0
Дарибай Мағжан,1,0.0
Ескербек Заңғар,1,0.0
Ғабдул-Ғани Әль-Мұстафин,1,0.0
Nurislam Issakul,1,0.0
Sergek 20823,1,0.0
Rysbek R1019,1,0.0
Айжан Темиртасова,1,0.0
Battakova Aizara,1,0.0
Galimbaibatirov,1,0.0
"Roman, Alexej and Vładimir",1,0.0
Жанайдар Мадиар,1,0.0
AnuarKalikhanForVideo1,1,0.0
Zhanerke Kudaibergenova,1,0.0
Mukhamedali Emelkan,1,0.0
(G)jabz,1,0.0
SSHTALBI,1,0.0
СеніңШешең,1,0.0
Оттағы қыздар,1,0.0
92.46.212.20,1,0.0
Zein AWORT,1,0.0
89.218.166.55,1,0.0
92.46.212.81,1,0.0
88.204.190.248,1,0.0
89.218.162.127,1,0.0
89.218.163.148,1,0.0
Arnold1506g,1,0.0
Nurkeldiuly Yeldana,1,0.0
Aqpan,1,0.0
89.218.166.42,1,0.0
177.73.98.211,1,0.0
89.218.6.190,1,0.0
58.121.4.89,1,0.0
Love Louvre,1,0.0
89.218.169.13,1,0.0
88.204.156.102,1,0.0
92.46.212.128,1,0.0
89.218.166.214,1,0.0
Nurayyk,1,0.0
Amangeldy Beksultan 2.0,1,0.0
Базархан Имангалиева,1,0.0
Абай Кенжетай,1,0.0
Aiganymil1,1,0.0
Kanava t,1,0.0
Aidos.taibekuly,1,0.0
Maqa001,1,0.0
Zhandaulet.0.,1,0.0
92.46.208.109,1,0.0
Renataserikovna 17,1,0.0
Аружан Лесқали,1,0.0
Yelizada,1,0.0
Aitbay Alikhan,1,0.0
Akbota Uzbekbay,1,0.0
Ansar sdu,1,0.0
Бекет Жангали,1,0.0
92.46.159.188,1,0.0
Dastanbek Urazaliyev,1,0.0
Almaz Yessenyazov,1,0.0
Inkar Maksat,1,0.0
Aigerim.bekzat,1,0.0
Mukhambetzhanova.laila,1,0.0
ДинаЖанысбай,1,0.0
Balnurtalas,1,0.0
Ainura Alibai,1,0.0
Renataserikovna,1,0.0
92.47.186.219,1,0.0
213.157.32.170,1,0.0
Baurzhan.m,1,0.0
Akzhayk kizi,1,0.0
79.140.228.203,1,0.0
89.218.249.248,1,0.0
Xiedlie,1,0.0
Azatov.Nurakhmet,1,0.0
Kulmukhanova Altynai,1,0.0
S. Abraev,1,0.0
Айтолқын Шалабаева,1,0.0
Ақдидар Әбдімаулен,1,0.0
Kristina Did,1,0.0
Conkis1,1,0.0
Bakhytzhan Berdiyeva,1,0.0
Aigerim Kayupova,1,0.0
Abdulla sayat,1,0.0
Freedomkaz,1,0.0
Zhan Taufik,1,0.0
Daiana Albayeva,1,0.0
KNurbol,1,0.0
Амантай Құралай,1,0.0
Алтай Дильназ,1,0.0
Aruzhan Amanzhol,1,0.0
Рахметова Ясмин,1,0.0
Adiya Aitbai,1,0.0
Aidaabilmazhinova05,1,0.0
Асылхан Турдыхан,1,0.0
Арныр Тілдерин,1,0.0
Nicola Mitchell,1,0.0
92.46.224.174,1,0.0
88.204.207.123,1,0.0
92.46.208.246,1,0.0
92.46.160.228,1,0.0
92.46.217.178,1,0.0
Don-Doka,1,0.0
Gulnaz Sakenkyzy,1,0.0
Albina0523,1,0.0
Lariyaa,1,0.0
Redarrow8,1,0.0
Нұран Әділжан,1,0.0
Sevda Mustafaeva,1,0.0
Kabdollayeva Dilnaz,1,0.0
Жансая Оразбай,1,0.0
Каиркенова Дильназ 02,1,0.0
Aaitayev23,1,0.0
Куралбай Акиис,1,0.0
Iliyas05,1,0.0
Айым Кайрат,1,0.0
Aaqsana,1,0.0
Sergey Ganshin,1,0.0
62.84.50.202,1,0.0
Tukhfatov,1,0.0
Шернияз Жакенов,1,0.0
Машъал,1,0.0
KodRuhu,1,0.0
Vistulax,1,0.0
Zhiyenbekova A,1,0.0
Абдираимова Эльмира Кайрлиевна,1,0.0
KazAccHistory,1,0.0
Zhalgas Askarov,1,0.0
Nouiop-i-i,1,0.0
~2025-36166-18,1,0.0
AlayaAlaya100,1,0.0
Ruslanruslan,1,0.0
212.154.141.69,1,0.0
212.154.160.157,1,0.0
Mehrdad~kkwiki,1,0.0
Myxatai,1,0.0
Pietras1988,1,0.0
Мариям Сырова,1,0.0
Қалдыгүл,1,0.0
89.218.15.179,1,0.0
Русланқызы Жібек,1,0.0
Nurtasbb,1,0.0
Yeni Lin,1,0.0
HaNsadu,1,0.0
Myrza~kkwiki,1,0.0
195.82.12.122,1,0.0
Darkhanubayda2006,1,0.0
210.107.250.75,1,0.0
Astron~kkwiki,1,0.0
Altynai12,1,0.0
Buller Andreas,1,0.0
BaubekGumarov,1,0.0
Насах,1,0.0
AibekAR,1,0.0
Programman,1,0.0
Tomiris~kkwiki,1,0.0
QazPaluan,1,0.0
Қуаныш Гүлайым,1,0.0
Андрианова Анастасия Антоновна,1,0.0
24.26.178.224,1,0.0
134.95.91.107,1,0.0
Қарағанды обл.Ресурстық тіл орталығы,1,0.0
Мейрамгүл Қонысбайқызы Жұманбетова,1,0.0
88.240.159.217,1,0.0
193.193.251.10,1,0.0
Мади Перизат,1,0.0
Тоғжан Урумова,1,0.0
Рысмаханов Курманбек,1,0.0
Эльмира 76,1,0.0
Tecumseh*1301,1,0.0
Смағзам Жансұлу,1,0.0
84.138.123.64,1,0.0
Kazakhkingofprince,1,0.0
Asel,1,0.0
193.255.106.245,1,0.0
88.204.138.115,1,0.0
Anikee,1,0.0
82.200.186.90,1,0.0
201.35.255.29,1,0.0
Adenov~kkwiki,1,0.0
Ұлан Тұрсынбек,1,0.0
Aigul ao,1,0.0
KerAmoon,1,0.0
217.187.81.176,1,0.0
213.211.73.46,1,0.0
212.154.233.143,1,0.0
F.Mehmet~kkwiki,1,0.0
209.158.162.132,1,0.0
213.215.86.78,1,0.0
88.224.91.212,1,0.0
Munia3190,1,0.0
Gen~kkwiki,1,0.0
Intelfan,1,0.0
Krendelyator,1,0.0
Stybbb,1,0.0
Rahimzhan Toktarkhanov,1,0.0
Balgymbek Has Been,1,0.0
Nafpeg,1,0.0
Kei,1,0.0
Victoria75p,1,0.0
Тұрғанбай Дамир,1,0.0
Meruyert Razbekova,1,0.0
Armanaiym,1,0.0
Kiklasova,1,0.0
Gulnaz Borambaeva,1,0.0
Zzremin,1,0.0
ЯБудуПисатьСтатьи,1,0.0
Erzhanatslam,1,0.0
Bulatorman,1,0.0
Жақсылыққызы Баура,1,0.0
79.143.21.225,1,0.0
Abaylaa,1,0.0
B8390,1,0.0
Zhanibek Mirakbarov,1,0.0
Aisanna,1,0.0
Zolgoyo,1,0.0
69.22.206.26,1,0.0
82.200.172.107,1,0.0
Nl 20praizer30,1,0.0
134.32.223.212,1,0.0
89.218.161.62,1,0.0
AdayKAZ~kkwiki,1,0.0
89.218.7.215,1,0.0
89.218.31.191,1,0.0
92.46.3.77,1,0.0
89.218.162.217,1,0.0
82.200.227.187,1,0.0
89.218.225.26,1,0.0
89.218.225.193,1,0.0
82.200.227.119,1,0.0
207.226.47.244,1,0.0
88.204.132.140,1,0.0
Zermarden,1,0.0
58.13.255.194,1,0.0
194.154.64.5,1,0.0
Лала~kkwiki,1,0.0
212.116.244.70,1,0.0
134.32.43.74,1,0.0
212.116.244.72,1,0.0
82.200.185.248,1,0.0
212.154.184.62,1,0.0
213.145.133.191,1,0.0
82.200.213.35,1,0.0
88.243.82.13,1,0.0
89.218.65.242,1,0.0
89.218.69.133,1,0.0
Bogenbay Yerzhanov,1,0.0
Akkira 23,1,0.0
Бейсенбинова Салта,1,0.0
QarSolutions,1,0.0
Қайсар Қылышбек,1,0.0
Flyingtyop8,1,0.0
89.218.226.40,1,0.0
Ғұмарқызы Асия,1,0.0
Almatoswiki,1,0.0
NurzhanZhukesh,1,0.0
Akerkew,1,0.0
Ziyarat Kambatyr,1,0.0
Кусманов Альтаир,1,0.0
Qorgasyn,1,0.0
89.218.226.21,1,0.0
Akaan327,1,0.0
Larabulatova1,1,0.0
Fontan 030,1,0.0
Saya.02,1,0.0
Jazuwi,1,0.0
Anuarkalikhan,1,0.0
Toma2255,1,0.0
178.88.47.126,1,0.0
92.46.81.19,1,0.0
Barguzin1997,1,0.0
Сугралиева Балжан,1,0.0
Acategory,1,0.0
Бурибаева Майнура,1,0.0
Eric abiog,1,0.0
Konstantin1255563,1,0.0
Аргынов Альжан,1,0.0
Шугыла Мамыр,1,0.0
Nur1k190307,1,0.0
قیومونٹ,1,0.0
Мухаметкали Ди,1,0.0
Mina's Soul,1,0.0
Айша Нурболат,1,0.0
Бейсен Ахметұлы,1,0.0
Aikoskin,1,0.0
Dianaiu1472589,1,0.0
Shoorick,1,0.0
92.46.81.26,1,0.0
Kuat777,1,0.0
194.106.199.209,1,0.0
80.222.48.228,1,0.0
92.47.119.107,1,0.0
92.46.98.222,1,0.0
92.47.240.214,1,0.0
М.Құралай,1,0.0
95.58.6.185,1,0.0
Meruyert Tilegen,1,0.0
95.57.146.127,1,0.0
89.218.138.5,1,0.0
82.200.200.58,1,0.0
Hiddlestonerr,1,0.0
Ажар Амангедіқызы,1,0.0
Петр Жұмабай,1,0.0
Nessibeli.kapparova,1,0.0
Bolatkyzy Akmaral,1,0.0
Jansaya Orazbay,1,0.0
Sapa.e,1,0.0
Meirmanova Adina,1,0.0
Hbsh nis Nurai 7a,1,0.0
Omarov Nursultan,1,0.0
Nurzhol,1,0.0
ДиркСтруан,1,0.0
Adelyyya,1,0.0
Hbsh nis Nurbergen 7a,1,0.0
Wisebahaaa,1,0.0
MadiTemirtas,1,0.0
Aigul.azimbaeva,1,0.0
Георгий Долгопский,1,0.0
Кожаханова Жанат,1,0.0
Bare thorn,1,0.0
Aidanazheniskhan,1,0.0
Балкен Мағжан,1,0.0
Здік,1,0.0
88.204.224.142,1,0.0
91.147.72.135,1,0.0
Askar Bazarbay,1,0.0
133.41.93.77,1,0.0
Alberthepooh,1,0.0
95.58.99.129,1,0.0
Armanbaykazakh,1,0.0
99.155.93.163,1,0.0
Qwertyuiopasdfghjklzxcvbnmtahmina,1,0.0
Wrong DOOR Asik,1,0.0
Айым56,1,0.0
Asilerke,1,0.0
Rakhat.kakenov,1,0.0
Aitkaliyev,1,0.0
Anonim356,1,0.0
АрманБекболатулы,1,0.0
Olivia de la Sanzi,1,0.0
Бакытжан Сапаргалиевич,1,0.0
Fortyfox11,1,0.0
Adik777 777 777,1,0.0
Samuryq.tk.nis,1,0.0
Nurken Kadirov,1,0.0
Панн,1,0.0
Adilbek Qasymhan,1,0.0
Айгерим 00,1,0.0
Nurlykhan T.,1,0.0
Aidana Zhaksygeldi,1,0.0
Flavius1,1,0.0
Ерсултан Шаңбаев,1,0.0
Kucherbaevazh,1,0.0
Kelsingazina Adeliya,1,0.0
Darhanzzz,1,0.0
Miss MMA,1,0.0
Khamitovaaaaaa,1,0.0
AyaNut,1,0.0
Vanished user 780445247ed64947ce85f691ef707e79,1,0.0
Philippe49730,1,0.0
Zhansay.2110,1,0.0
Kazakhstan Ramazan Zinatdin,1,0.0
Zhankozha2019,1,0.0
BibigulArystanova,1,0.0
Madiyarberkinbaj,1,0.0
Konysbaev N,1,0.0
Аяужан Жан,1,0.0
Nazhmidenova,1,0.0
Сарсенгалиева Джэм,1,0.0
Ngulu123,1,0.0
Садыков Алихан,1,0.0
Abylai 727,1,0.0
Rum man,1,0.0
Nis7c,1,0.0
95.57.17.100,1,0.0
Әкежан Бозқуланұлы,1,0.0
89.218.170.129,1,0.0
92.47.122.165,1,0.0
Bota Kabiyeva,1,0.0
Kairat Zh,1,0.0
Mukanova Assel,1,0.0
Никибаева Альбина Сейтжановна,1,0.0
Saya Orazbay,1,0.0
Даянаааа,1,0.0
92.46.20.123,1,0.0
Биболсын,1,0.0
Алмасит,1,0.0
Aishabibi kazhymurat,1,0.0
Уайхан Еңлік,1,0.0
Rinatadam,1,0.0
As3057,1,0.0
Kogilovk,1,0.0
Төрегелді Назым,1,0.0
Kassiyenova 0705,1,0.0
Muratbeksultan,1,0.0
Zakzen98,1,0.0
Aika.krutaya.4ika,1,0.0
Тлепов Даниал,1,0.0
Naz-hbsh,1,0.0
Қаратай Жанболат,1,0.0
Берикбаева А,1,0.0
Жулдызай Шакенова,1,0.0
Исмурат Мадина 9В,1,0.0
Анарбаева Инесса,1,0.0
Асылжан Кагиров,1,0.0
Аделя Баяхметова,1,0.0
Darina Batenova,1,0.0
Nurkanov8787,1,0.0
Сәлім Тілек,1,0.0
Detroit8194,1,0.0
Silavysoty,1,0.0
Soltanbekova Gulsezim,1,0.0
Шұғайып Сезімхан,1,0.0
Zhamilya Medetkyzy,1,0.0
Zhans0215,1,0.0
RuslanSarbalin,1,0.0
Сағит Ділназ,1,0.0
Тима Миха,1,0.0
Sandesh9822,1,0.0
Zharasbay,1,0.0
Traisov,1,0.0
Altin092,1,0.0
Arsik,1,0.0
92.47.168.65,1,0.0
95.58.2.221,1,0.0
89.218.134.47,1,0.0
92.47.18.77,1,0.0
Zebra848,1,0.0
Өмірхан,1,0.0
89.250.87.66,1,0.0
92.47.25.43,1,0.0
Балхия,1,0.0
82.200.171.65,1,0.0
92.47.87.101,1,0.0
Damiraaaaaa,1,0.0
Moonloverses,1,0.0
KabylbekNazerke,1,0.0
Karakesek,1,0.0
Ильяс Досмуханұлы,1,0.0
Akkniyet.k,1,0.0
Nurzhan Ospan,1,0.0
89.218.71.205,1,0.0
92.46.38.131,1,0.0
Azamat 92,1,0.0
64.208.49.21,1,0.0
Anara Zhang,1,0.0
217.43.41.9,1,0.0
92.46.91.73,1,0.0
Maratkhan,1,0.0
213.171.34.224,1,0.0
89.218.100.17,1,0.0
Danaoskenbay,1,0.0
Alim~kkwiki,1,0.0
82.200.236.34,1,0.0
Ziolek83,1,0.0
Жақсыбаев Ерали,1,0.0
RlnRlv,1,0.0
Bakhytjan,1,0.0
Friction27,1,0.0
Kurmanbek,1,0.0
TamirlanMeiram,1,0.0
Impro,1,0.0
89.218.115.6,1,0.0
Marzhan Zhanibek,1,0.0
Zkaragoyshin1,1,0.0
RulanovaDiana,1,0.0
Ademakuanysh,1,0.0
Bugz notbunny,1,0.0
Жанқалқам,1,0.0
Даулет Токмуханбет,1,0.0
Orazbek Abylaikhan,1,0.0
04fara,1,0.0
95.57.7.15,1,0.0
Нағима Ибадуллаева,1,0.0
Абдивалиева Мохинур Назимбековна,1,0.0
Оскенбай Балжан,1,0.0
Sayan Abraev,1,0.0
92.47.64.170,1,0.0
Nuritos,1,0.0
87.187.150.2,1,0.0
DaniraKumisbay,1,0.0
89.218.189.51,1,0.0
88.204.219.89,1,0.0
92.47.129.222,1,0.0
88.204.168.182,1,0.0
147.251.55.47,1,0.0
ZHangulim,1,0.0
Алтынсоул,1,0.0
Shekerbek Nazerke,1,0.0
92.46.16.138,1,0.0
Долдашова Гулим,1,0.0
Шуканов Дастан,1,0.0
89.218.1.135,1,0.0
Djaannns,1,0.0
Шыңғыс Қайратұлы,1,0.0
НұрАй Майданқызы,1,0.0
Gulnaz Melis,1,0.0
Wikinursultan,1,0.0
SERIKBAIAIGERIM,1,0.0
Dahaboh,1,0.0
Н.Райымбек,1,0.0
Hbsh nis Kausar 7d,1,0.0
Шахмұрат Ғани,1,0.0
Nuraiiii,1,0.0
Жанас Мейір,1,0.0
Sarsakanova.akerke,1,0.0
Айдощ,1,0.0
Rahimzhanova Gauhar,1,0.0
Sayaaa36,1,0.0
Zhansaya.batyr,1,0.0
Ақжайық Мұратқызы,1,0.0
Nurılaaa,1,0.0
Макотай,1,0.0
Aizhan.orynbayeva,1,0.0
92.46.215.43,1,0.0
Акбар Аскарулы,1,0.0
Анель Хамза,1,0.0
Zhakenov Sherniyaz,1,0.0
Moldir.trznisedukz,1,0.0
Маман Ертай,1,0.0
Zhakenov Olzhasbek,1,0.0
DosanSaiyn,1,0.0
Zhaksylyk.zh,1,0.0
Ersultan001,1,0.0
Шаржау Айдана,1,0.0
АрсенЕлубаев,1,0.0
Мирам Зарина,1,0.0
Begim Aigerim,1,0.0
M nuray,1,0.0
NurAy,1,0.0
Amvnbek,1,0.0
Uzakbai Marzhan,1,0.0
Абишева Еркежан Бауржановна,1,0.0
Madina Aibolovna,1,0.0
Қалжан,1,0.0
Hbsh nis Sabina 7d,1,0.0
Қуандық Арайлым,1,0.0
Aruzhan Dyussenova,1,0.0
Olzhas92,1,0.0
Insar Tungushbayev,1,0.0
Али Қалабайұлы,1,0.0
Малика Болат,1,0.0
Eralykyzy,1,0.0
Yestore.aruzhan,1,0.0
Syrka,1,0.0
178.88.93.167,1,0.0
Aidos Altynbek,1,0.0
178.88.250.126,1,0.0
178.88.82.29,1,0.0
Era91,1,0.0
Kazlotto,1,0.0
95.58.245.48,1,0.0
Diana Kozhakhmetova,1,0.0
178.90.190.89,1,0.0
178.89.60.199,1,0.0
95.58.39.202,1,0.0
Bek.duisen,1,0.0
Abdirash Muratkhan,1,0.0
Әшір Қажымұрат,1,0.0
Муслима Искакова,1,0.0
Gulsamal,1,0.0
121.164.182.7,1,0.0
95.58.99.174,1,0.0
95.59.149.56,1,0.0
115.165.22.51,1,0.0
Ellenurka,1,0.0
92.46.193.13,1,0.0
Adil Kucherbayev,1,0.0
Жанат Елшібек,1,0.0
Тукенов,1,0.0
178.88.254.87,1,0.0
Aktore,1,0.0
2.133.111.239,1,0.0
Кайсар Сарсенбаев,1,0.0
178.88.19.211,1,0.0
62.84.42.148,1,0.0
Zhakypzhan,1,0.0
Satkimbaeva a,1,0.0
Zhsuleimen,1,0.0
Rei Momo,1,0.0
Kazhibek Zere,1,0.0
2.134.222.225,1,0.0
Фатима Абдуллаева,1,0.0
Kudratbey,1,0.0
Fariyeld,1,0.0
Dinara Togissova,1,0.0
Таукеева Дана,1,0.0
Daniyar uraztayev,1,0.0
Акарбеккызы Аружан,1,0.0
Sorenhk,1,0.0
Starlet girl,1,0.0
Kairat 63,1,0.0
Тоғжан Ерланқызы,1,0.0
Айгүл Қожантаева,1,0.0
Sultanbayeva Gulmyra,1,0.0
IlyasSharipzhan,1,0.0
Gauhar musa,1,0.0
Marzhan omirzakova,1,0.0
Adenov Gani Ashiralievich,1,0.0
5.76.223.114,1,0.0
살타낟,1,0.0
37.17.182.243,1,0.0
BiBS,1,0.0
Aidana-edu,1,0.0
Sambet Mayra,1,0.0
Абай атындағы кітапхана,1,0.0
176.222.169.5,1,0.0
92.47.215.1,1,0.0
Balkhashlib.kz,1,0.0
Elmira satpaev,1,0.0
Karaganda CBS,1,0.0
Асем Батжанова,1,0.0
Gulmira Kassenova,1,0.0
2.133.129.254,1,0.0
Inkara Matzhanova,1,0.0
Gabitova,1,0.0
Бек Қараша,1,0.0
Nklib,1,0.0
95.58.41.194,1,0.0
95.56.27.207,1,0.0
Нурай Есенкызы,1,0.0
T Naserke,1,0.0
77.223.72.39,1,0.0
Baigalym Zhannur,1,0.0
92.46.100.147,1,0.0
92.46.80.105,1,0.0
Жардемов Ильяс,1,0.0
Шабдиров Алмас,1,0.0
Фариза Тажибай,1,0.0
Bibkr,1,0.0
Roza sweet,1,0.0
95.58.78.195,1,0.0
137.132.250.11,1,0.0
83.220.236.95,1,0.0
Abuova98,1,0.0
Kunakbayeva,1,0.0
Iztleu anar,1,0.0
Қуанышбекова Ақбота,1,0.0
Aktilekzhalgasova,1,0.0
Asylkhan Nurzhanov,1,0.0
217.76.79.119,1,0.0
Амони,1,0.0
Калиева Арайлым,1,0.0
5.34.114.57,1,0.0
Zhukerua,1,0.0
Dovolnov,1,0.0
164.0.78.249,1,0.0
95.58.55.159,1,0.0
Togzhan halel 98,1,0.0
Ибрагим Молдиманов,1,0.0
95.58.249.208,1,0.0
93.185.73.117,1,0.0
Zhaukazyn,1,0.0
82.200.254.130,1,0.0
Momo Ynos,1,0.0
87.247.34.153,1,0.0
Svetlana pryganova,1,0.0
Adoka,1,0.0
Мерлан,1,0.0
178.89.57.164,1,0.0
Bekzat ai,1,0.0
88.204.180.94,1,0.0
79.142.59.58,1,0.0
2.134.241.206,1,0.0
Olegzima,1,0.0
Indi~kkwiki,1,0.0
Youxiukz,1,0.0
46.227.191.204,1,0.0
92.46.147.67,1,0.0
Danabek,1,0.0
Kaytpas,1,0.0
178.90.86.9,1,0.0
182.55.249.120,1,0.0
Nurlanulydoszhan,1,0.0
GulnuraNIS,1,0.0
62.84.35.89,1,0.0
Todoshi,1,0.0
FarkhatK,1,0.0
Қуантаева Ақмарал,1,0.0
Марат Қаниев,1,0.0
Mayra0123,1,0.0
89.218.0.210,1,0.0
83.149.8.182,1,0.0
178.88.88.158,1,0.0
Daria-lala,1,0.0
Zh1979731wk,1,0.0
Н.В. Гоголь атындағы ОӘҒК,1,0.0
AyauzhanK,1,0.0
Bilbo Baggins~kkwiki,1,0.0
212.96.64.2,1,0.0
2.134.167.83,1,0.0
Aiajan Kalu,1,0.0
Edil Toleubekov,1,0.0
Ulyqpan.Aibol,1,0.0
92.46.19.135,1,0.0
Nurlan95,1,0.0
Алпысбаев Мардан,1,0.0
178.90.78.58,1,0.0
Fuzze123,1,0.0
95.56.144.29,1,0.0
AitbayevaGulsim,1,0.0
Abai-kz,1,0.0
2.76.44.6,1,0.0
81.88.157.218,1,0.0
Айнұр Бекболат,1,0.0
Bestsliip,1,0.0
LeshaTshay,1,0.0
92.47.185.0,1,0.0
ZharasDarxan,1,0.0
2.73.246.172,1,0.0
178.91.88.61,1,0.0
92.47.241.233,1,0.0
2.135.54.206,1,0.0
2.133.201.129,1,0.0
Aisel Usmanova,1,0.0
2.133.20.125,1,0.0
Abylay Seilbek,1,0.0
Аружан Медетбек,1,0.0
Diana Zhanseit,1,0.0
Ердаулеткаппар,1,0.0
Zhaksylyk Aruzhan,1,0.0
Nurasyl Pirimkhan,1,0.0
Accountnameone,1,0.0
Minato~kkwiki,1,0.0
Жансерік,1,0.0
Тұрмахан Диана,1,0.0
5.251.23.233,1,0.0
Турлыбекова Айдана,1,0.0
Акмарал Шынтай,1,0.0
Zarina Egenalieva,1,0.0
A.Kuralbek,1,0.0
Дәулетғали,1,0.0
Кеңесбек Болат Нұрланұлы,1,0.0
Mariya Askarova,1,0.0
Минура Қыпшақбаева,1,0.0
Alibek456,1,0.0
Умбеталиевич,1,0.0
Лесов,1,0.0
Арайлым Усеновна,1,0.0
Нургалиулы Темирлан,1,0.0
AssetTorturer,1,0.0
Auelova Alken,1,0.0
ТемирБалжан99,1,0.0
Yerdaulet Tastanbek,1,0.0
Қуанышбай Бекзат,1,0.0
Алия Ибраимова,1,0.0
Қалман Жанель,1,0.0
Jasanov,1,0.0
Yernur Akzhol,1,0.0
Azamatnis,1,0.0
Батырбекова Динара,1,0.0
Нұргүл Сарсембекова,1,0.0
Araylym nis 99,1,0.0
Айдана Тоғманова,1,0.0
Zhibek Yedilkyzy,1,0.0
Аяз Жалғасбек,1,0.0
Kasym2174,1,0.0
Aruzhan Batyrkhankyzy,1,0.0
Amirova Aruzhan,1,0.0
Жания Тойшыбекова,1,0.0
Алиева Ақмарал,1,0.0
Renamed user 73c2462b6e9a73bbdaa6904c88cf8540,1,0.0
Teriskakpay,1,0.0
Жарасбек Спабеков,1,0.0
Ashim.totty,1,0.0
178.91.83.34,1,0.0
Kopbayeva meruert,1,0.0
212.96.64.45,1,0.0
Medetbek Aruzhan,1,0.0
Асель Сапаровна,1,0.0
Сәуірбаева Әшекей,1,0.0
Жұманов Рамазан,1,0.0
92.47.237.202,1,0.0
2.132.176.87,1,0.0
178.90.99.33,1,0.0
Канат Рыскалиев,1,0.0
Индира93,1,0.0
2.135.168.136,1,0.0
Gulbanu Baktiar,1,0.0
2.134.169.10,1,0.0
Karkara,1,0.0
2.135.143.41,1,0.0
Follow your dream fff,1,0.0
Artpopist98,1,0.0
95.57.199.6,1,0.0
Jambas~kkwiki,1,0.0
Aida.saparbek,1,0.0
2.132.17.121,1,0.0
Tijmuraz,1,0.0
Асылша,1,0.0
95.56.120.157,1,0.0
Karash,1,0.0
95.59.4.175,1,0.0
Ақсұлу,1,0.0
31.169.5.120,1,0.0
Abaidilov,1,0.0
178.90.85.49,1,0.0
Saken11,1,0.0
Абылқаирова Нұрай,1,0.0
Дархан Өмірбек,1,0.0
147.30.254.147,1,0.0
89.218.45.102,1,0.0
178.88.46.107,1,0.0
OIArhunIO,1,0.0
Айзада Саинова,1,0.0
178.88.14.56,1,0.0
178.88.5.172,1,0.0
95.56.144.110,1,0.0
85.29.180.39,1,0.0
217.76.78.180,1,0.0
Kaiyrzhan,1,0.0
Зарыпқанов мейрам,1,0.0
147.30.222.127,1,0.0
2.134.64.25,1,0.0
Шынар Ериккызы,1,0.0
Есенбаева,1,0.0
Nazken95,1,0.0
Барыс777,1,0.0
147.30.98.38,1,0.0
Faidy1,1,0.0
Madina Bolatkhankyzy,1,0.0
Қайнарбек,1,0.0
Askar Aituov,1,0.0
2.72.138.199,1,0.0
LRahmetova,1,0.0
Zhanargul,1,0.0
178.90.205.101,1,0.0
Lolakzkz,1,0.0
Shamshat,1,0.0
84.240.198.128,1,0.0
Kazich kz,1,0.0
178.90.10.254,1,0.0
178.90.215.130,1,0.0
Azat omir,1,0.0
178.89.27.251,1,0.0
178.91.239.174,1,0.0
178.91.235.179,1,0.0
92.46.93.227,1,0.0
92.46.67.17,1,0.0
95.59.105.31,1,0.0
46.227.191.147,1,0.0
Amina128,1,0.0
2.133.26.214,1,0.0
Едіге,1,0.0
2.133.19.117,1,0.0
95.56.179.220,1,0.0
Seit,1,0.0
AlexCRAZY74,1,0.0
2.133.31.114,1,0.0
92.46.39.22,1,0.0
Бауыржан Мамайдан,1,0.0
178.91.231.68,1,0.0
95.59.121.249,1,0.0
31.169.0.241,1,0.0
Қайратұлы Берік,1,0.0
178.88.206.83,1,0.0
95.56.19.134,1,0.0
92.46.94.134,1,0.0
95.59.110.118,1,0.0
178.88.41.101,1,0.0
2.133.110.215,1,0.0
LifeKaz,1,0.0
178.90.87.116,1,0.0
95.59.212.149,1,0.0
92.47.191.213,1,0.0
178.90.86.62,1,0.0
Picasa~kkwiki,1,0.0
92.46.95.100,1,0.0
Amanat Iskakov,1,0.0
95.57.62.99,1,0.0
Ilm.uz,1,0.0
Қалдарбек Орынбасар,1,0.0
SophistKz,1,0.0
46.227.184.173,1,0.0
92.47.118.20,1,0.0
84.240.197.2,1,0.0
178.90.181.20,1,0.0
92.47.204.3,1,0.0
46.227.184.146,1,0.0
93.72.76.168,1,0.0
46.227.184.151,1,0.0
Jose77,1,0.0
Galeke,1,0.0
Mr glist,1,0.0
46.227.184.137,1,0.0
Believeone,1,0.0
Chorobek,1,0.0
178.90.21.107,1,0.0
84.240.197.12,1,0.0
Nurman Ernur,1,0.0
46.227.184.150,1,0.0
95.59.115.125,1,0.0
Nussup.dina,1,0.0
Ахат,1,0.0
2.73.92.151,1,0.0
Maxatp,1,0.0
2.133.72.232,1,0.0
Айдос96,1,0.0
112.210.46.165,1,0.0
2.133.123.198,1,0.0
2.133.19.36,1,0.0
Ferdinando Castaldo,1,0.0
Ақтоты Байменова,1,0.0
Zhanara Tajiyakova,1,0.0
92.47.88.102,1,0.0
132.181.7.1,1,0.0
Firespeaker,1,0.0
Sandibek aktau,1,0.0
178.91.54.148,1,0.0
2.134.74.101,1,0.0
95.59.135.176,1,0.0
178.88.253.249,1,0.0
178.90.26.194,1,0.0
178.89.24.43,1,0.0
178.90.234.125,1,0.0
Alexander Mikhalenko,1,0.0
93.75.44.49,1,0.0
178.91.229.204,1,0.0
178.91.249.42,1,0.0
Hakimzhan,1,0.0
Zhanivek,1,0.0
178.91.195.252,1,0.0
Sultan~kkwiki,1,0.0
Bakhytgul,1,0.0
KazUser,1,0.0
Қылышбек,1,0.0
Chavash,1,0.0
212.13.187.20,1,0.0
193.140.36.253,1,0.0
Marksscheider,1,0.0
Rogalsky~kkwiki,1,0.0
Nejron~kkwiki,1,0.0
Aidar Ruslanovv,1,0.0
Айтуған Жеткбаев,1,0.0
Мүсірманқұлқызы Қаракөз,1,0.0
NaziraBimakova,1,0.0
Baobaba1984,1,0.0
Әйгерім Дәуітбекқызы,1,0.0
MarciWisp,1,0.0
Alexey83g,1,0.0
82.200.219.134,1,0.0
178.91.249.48,1,0.0
178.91.249.245,1,0.0
Yerassyl,1,0.0
Азамат Қолғанатұлы,1,0.0
2.132.96.62,1,0.0
178.91.227.61,1,0.0
Aisana Musabekova,1,0.0
92.46.70.206,1,0.0
95.59.227.195,1,0.0
2.133.19.97,1,0.0
92.46.71.115,1,0.0
189.26.36.188,1,0.0
92.46.219.183,1,0.0
178.91.228.16,1,0.0
Kalenov nurken,1,0.0
92.46.88.226,1,0.0
95.59.134.28,1,0.0
Getteg,1,0.0
92.46.93.232,1,0.0
2.73.50.121,1,0.0
95.59.113.151,1,0.0
178.91.107.144,1,0.0
95.59.117.69,1,0.0
2.134.206.230,1,0.0
Nyar94,1,0.0
178.89.29.85,1,0.0
KOven,1,0.0
Yerkebulan12.12.1980,1,0.0
2.133.16.167,1,0.0
Talitabueno,1,0.0
Samalek,1,0.0
95.59.111.109,1,0.0
95.59.115.211,1,0.0
95.56.192.232,1,0.0
178.91.67.76,1,0.0
Antilong,1,0.0
Korla,1,0.0
217.76.79.55,1,0.0
Akan 93,1,0.0
217.76.79.86,1,0.0
Zharasm,1,0.0
Байтлесов Руслан,1,0.0
Aknur.kozhagapar,1,0.0
Ahsunhar,1,0.0
Baurful,1,0.0
Zhanna Kenzhebekova,1,0.0
Daulet Turganov,1,0.0
92.47.247.96,1,0.0
Толеубеков Ескендір,1,0.0
Aibek kaiyrbekov,1,0.0
Kucherbayev Adil 98,1,0.0
92.47.250.87,1,0.0
JUST GENIAL,1,0.0
Adiya Arsakayeva,1,0.0
Ainur 2210,1,0.0
Wingsoflight,1,0.0
Sayat bektenbay,1,0.0
Ernar karlygash,1,0.0
Serikkazy,1,0.0
Алтынай Тамдыбекқызы,1,0.0
Seitzhan Zhanar,1,0.0
2.77.162.165,1,0.0
Sabina~kkwiki,1,0.0
Ansat~kkwiki,1,0.0
Yerassyl.diyas,1,0.0
Akello,1,0.0
95.56.68.36,1,0.0
46.227.191.202,1,0.0
Айнұр Ерланқызы,1,0.0
217.76.79.36,1,0.0
Серіков,1,0.0
YerkebulanYerbolatov,1,0.0
Saya nis,1,0.0
Kusainova karlygash,1,0.0
Tnaliyev Shymbolat,1,0.0
Arhangelius07,1,0.0
GariGenius,1,0.0
178.88.86.231,1,0.0
Жанбекова Алтынай,1,0.0
Айдина,1,0.0
46.227.184.111,1,0.0
Асылжан Нурахметова,1,0.0
Dake Nursadyk,1,0.0
2.134.23.123,1,0.0
202.202.244.163,1,0.0
Baghdat,1,0.0
GrishaNIS,1,0.0
2.133.96.58,1,0.0
Z.lepessova,1,0.0
Бахыт Амалбекова,1,0.0
Alibek Akhmetov,1,0.0
Назарбаев орталығы,1,0.0
95.59.99.217,1,0.0
92.47.224.109,1,0.0
217.76.68.143,1,0.0
Altynbek07,1,0.0
Ailina.97,1,0.0
Adenova Sara,1,0.0
Nazerke.naz,1,0.0
Nurzhan98,1,0.0
Кайрат Сексембаев,1,0.0
176.222.158.208,1,0.0
Tolebi91,1,0.0
89.106.233.169,1,0.0
Arailym17,1,0.0
Q1645,1,0.0
Turar 02,1,0.0
Бахарук,1,0.0
2.79.16.135,1,0.0
Daniyar Bexultan,1,0.0
178.90.82.44,1,0.0
Олжас96,1,0.0
Мақташ,1,0.0
Russavia,1,0.0
Есимкулова Фариза,1,0.0
178.90.117.23,1,0.0
AizhanToregeldi,1,0.0
95.58.127.17,1,0.0
Мултимедия,1,0.0
2.134.31.173,1,0.0
Hinnibilis~kkwiki,1,0.0
2.73.112.187,1,0.0
Hablamos espanol,1,0.0
2.72.69.70,1,0.0
2.75.209.19,1,0.0
95.59.176.87,1,0.0
46.227.184.128,1,0.0
Serik Zholdas,1,0.0
88.204.242.26,1,0.0
202.156.11.11,1,0.0
84.240.194.12,1,0.0
2.133.126.112,1,0.0
95.59.215.63,1,0.0
178.90.126.251,1,0.0
92.47.93.17,1,0.0
178.90.65.231,1,0.0
2.135.147.171,1,0.0
2.74.102.223,1,0.0
Baimirza,1,0.0
Medet-ark,1,0.0
95.56.63.72,1,0.0
95.56.46.136,1,0.0
188.134.45.0,1,0.0
Mamirkazan,1,0.0
Yereke~kkwiki,1,0.0
Сагыныш Байтурсивно,1,0.0
Danat777,1,0.0
BiggyBaron,1,0.0
217.76.79.106,1,0.0
Нұрбала Нұрислам,1,0.0
217.76.79.146,1,0.0
Temirlan Zharkynbek,1,0.0
Гулнур жаным,1,0.0
178.90.116.159,1,0.0
Gulbaira,1,0.0
Arailym 03.08,1,0.0
178.90.73.153,1,0.0
Ерасыл Ешпанов,1,0.0
Zhanar.Zhakypova,1,0.0
Kumold,1,0.0
Kainar92,1,0.0
Ramazanadb,1,0.0
Akzharkyn29,1,0.0
2.135.90.215,1,0.0
Arakhymbay,1,0.0
EPbI4,1,0.0
Асфендияр,1,0.0
Madina tuyak,1,0.0
Sultan11,1,0.0
95.59.66.230,1,0.0
217.76.68.159,1,0.0
178.88.57.84,1,0.0
89.106.236.153,1,0.0
TurY,1,0.0
LiverpoolTarazi,1,0.0
Zere99,1,0.0
217.76.79.133,1,0.0
Tasubaeva,1,0.0
Garos777,1,0.0
217.76.79.90,1,0.0
Heredotos,1,0.0
NISsemey AidanaKaliakhmetova,1,0.0
Guldana.zhamalbekova,1,0.0
Амир.б,1,0.0
Sheraliberdiev,1,0.0
AinurIs,1,0.0
95.59.65.124,1,0.0
Zheniskaz,1,0.0
92.46.228.25,1,0.0
Asylbek Zhailaubaev,1,0.0
95.57.124.28,1,0.0
92.46.11.72,1,0.0
95.58.152.19,1,0.0
178.89.14.217,1,0.0
95.165.98.250,1,0.0
2.76.30.170,1,0.0
Ablai 8,1,0.0
74.96.46.54,1,0.0
Fazylbek,1,0.0
Користувач2015,1,0.0
Er-bt-l,1,0.0
G.kenzhe,1,0.0
Қанат Балабеков,1,0.0
АсқарАлаш,1,0.0
Kazuoka,1,0.0
75.57.173.17,1,0.0
Абатов Ануарбек,1,0.0
Marie ou,1,0.0
Эльвира Игламова,1,0.0
Sabirovam,1,0.0
Ualibek Aigerim,1,0.0
145.255.176.90,1,0.0
Нұрмұхамбет,1,0.0
Balnur medetbek,1,0.0
Ерғали Ермұрат,1,0.0
Балғабай Нұрасыл,1,0.0
Erasil.Malik,1,0.0
Құспан Алмас,1,0.0
Бакыт Кайратовна,1,0.0
Kkausara,1,0.0
Кука132,1,0.0
95.57.196.252,1,0.0
178.91.185.181,1,0.0
178.90.223.69,1,0.0
178.88.15.38,1,0.0
89.106.237.196,1,0.0
Gabit Karabay,1,0.0
X4v13r3sh,1,0.0
92.46.179.225,1,0.0
Ramax 89,1,0.0
Khatschaturjan,1,0.0
Aidos Makhambet,1,0.0
Russian.talent2015,1,0.0
Бекзат Әділжан,1,0.0
92.47.164.182,1,0.0
95.56.61.188,1,0.0
76.202.218.67,1,0.0
95.56.111.146,1,0.0
95.59.101.79,1,0.0
Yevrowl,1,0.0
2.89.6.243,1,0.0
Magauina,1,0.0
Anna Verest,1,0.0
Nurzhanuly,1,0.0
Асылан Мұхамбетов,1,0.0
RenamedUser jaskldjslak9034,1,0.0
AminaOmirtai,1,0.0
Kobizkaz,1,0.0
Subtlemammoth,1,0.0
Ержан Келдібеков,1,0.0
Nurlybek Turan,1,0.0
Ashimova NIS,1,0.0
Arianator with love,1,0.0
178.88.9.112,1,0.0
2.73.127.204,1,0.0
92.47.210.108,1,0.0
AliaBeisengalieva,1,0.0
Берикжанова Шырын,1,0.0
Yestabilmansur,1,0.0
Muratbek2015,1,0.0
Olzhas.nzm,1,0.0
Seidakhmetova Zhaina,1,0.0
Baxa k,1,0.0
92.47.195.84,1,0.0
Назым Кудабаева,1,0.0
AGISAY2001,1,0.0
Айкеева Асем,1,0.0
Амангельды Асем,1,0.0
Арайлым Муратбек,1,0.0
Манекина Еркежан,1,0.0
178.63.68.137,1,0.0
Patsha Design,1,0.0
Бексуңқар,1,0.0
Есқали Томирис,1,0.0
84.240.204.141,1,0.0
95.56.113.228,1,0.0
95.56.204.202,1,0.0
Li-lu-la,1,0.0
95.56.70.18,1,0.0
178.88.21.103,1,0.0
Delfin4ik,1,0.0
178.88.4.73,1,0.0
92.47.197.175,1,0.0
Yeskali,1,0.0
Assylbek Kuanyshev,1,0.0
Svitulja,1,0.0
Bakbergent,1,0.0
95.56.41.30,1,0.0
2.72.55.31,1,0.0
CaptainPenguin,1,0.0
Асхат Жалиев,1,0.0
Mr saken,1,0.0
Jaqeli,1,0.0
Жұпарбек Гүлнәр,1,0.0
Abdikarimabylai,1,0.0
Shynarik,1,0.0
Гүлбақыт Мейірбекқызы,1,0.0
HailesG,1,0.0
Gulmiraazia,1,0.0
Jerzyjan1,1,0.0
Амина 7,1,0.0
Kanatkyzy R,1,0.0
AsylbekAsylkhanov,1,0.0
Aitbenbetova Aigerim,1,0.0
Назым Қайрат,1,0.0
Узекова Айгуль,1,0.0
A.Adilzhan,1,0.0
95.56.120.89,1,0.0
Aisman93,1,0.0
75.57.160.208,1,0.0
92.47.239.123,1,0.0
2.73.236.13,1,0.0
178.88.209.253,1,0.0
89.107.98.65,1,0.0
92.47.188.88,1,0.0
89.218.90.230,1,0.0
Kadik555,1,0.0
Жанат Жорахан,1,0.0
Данияр Қайыртаев,1,0.0
BalausaNIS,1,0.0
Bauka5609,1,0.0
Медет Нурметов,1,0.0
Era100000,1,0.0
Айдана Отаршынова,1,0.0
Салтанат01,1,0.0
NuralyNIS.tk,1,0.0
ShymNIS 8KFarukh,1,0.0
Эльвира Мырзахмет,1,0.0
Махсутов зиёдулла,1,0.0
Абзал Алия,1,0.0
XXN,1,0.0
Manarbekkyzy D*,1,0.0
Zhemisbek d,1,0.0
Tawke,1,0.0
Inkosha,1,0.0
Айтөре,1,0.0
NIS Ruhiya,1,0.0
Yussupov Azizkhan,1,0.0
147.30.150.123,1,0.0
Ибадулла Илияс,1,0.0
Ордабек Райымбек,1,0.0
95.58.34.167,1,0.0
Choppie17,1,0.0
Glossologist,1,0.0
92.46.66.54,1,0.0
2.73.103.40,1,0.0
92.47.10.115,1,0.0
Ime-Ventures,1,0.0
95.57.109.35,1,0.0
81.173.210.73,1,0.0
95.59.199.181,1,0.0
178.89.167.68,1,0.0
Kazakh 36,1,0.0
でふりんぴっく,1,0.0
95.58.61.185,1,0.0
95.56.53.57,1,0.0
188.187.128.4,1,0.0
92.47.65.154,1,0.0
89.218.30.129,1,0.0
Diamond0304E,1,0.0
MMarson,1,0.0
Alua Ikhsanova,1,0.0
D.n.a.nis,1,0.0
SaryevaA,1,0.0
Aigerim Seidkasimova,1,0.0
Арманова Асылтас13,1,0.0
Нұрлыбай Әсел,1,0.0
Nuraybektay,1,0.0
Bekturova Adeliya,1,0.0
Айсок,1,0.0
Ақтаева Аяулым,1,0.0
Әділ Дастан,1,0.0
Нұрғабыл Бейбарыс,1,0.0
Jmb kz,1,0.0
222.70.255.40,1,0.0
217.15.188.178,1,0.0
Yerlaan,1,0.0
84.240.202.95,1,0.0
Дәулетжан,1,0.0
92.46.96.202,1,0.0
212.154.205.202,1,0.0
88.204.240.81,1,0.0
89.218.97.18,1,0.0
95.59.74.239,1,0.0
213.88.2.69,1,0.0
178.91.77.244,1,0.0
95.57.216.14,1,0.0
Алпамыс Малке,1,0.0
Кани Айдана,1,0.0
Актас Аружан,1,0.0
Muhammedali Aru,1,0.0
ІлиясДосанов,1,0.0
Төреханқызы Гүлназ,1,0.0
Aldich5556,1,0.0
Кадсеова Аяжан,1,0.0
Dekroux,1,0.0
Ainura Sereeva,1,0.0
95.58.106.210,1,0.0
Тұлға,1,0.0
89.218.208.121,1,0.0
92.46.81.182,1,0.0
Aigerim Begimbet,1,0.0
178.89.51.242,1,0.0
89.218.74.9,1,0.0
Buhar,1,0.0
95.56.30.23,1,0.0
Hurmetolla,1,0.0
Albakyd,1,0.0
Эльмира,1,0.0
92.46.11.156,1,0.0
Kazcontent,1,0.0
95.56.104.218,1,0.0
Dina Ashirbayeva,1,0.0
Ильясұлы Айдос,1,0.0
178.90.132.164,1,0.0
ShymNIS 8A Saltanat O,1,0.0
DeinaDolan,1,0.0
Bayasa 009,1,0.0
Jomart1987,1,0.0
Iseke 9 G,1,0.0
Балнура 111,1,0.0
ShymNIS 10LSoiphia,1,0.0
SHUMNIS7ANURGISA,1,0.0
Kanych,1,0.0
Baidynbalasy,1,0.0
95.58.54.204,1,0.0
Albert-hg,1,0.0
95.59.64.236,1,0.0
Айдана~kkwiki,1,0.0
AzAt96,1,0.0
95.58.102.97,1,0.0
95.57.5.122,1,0.0
ShymNIS7AKazybek,1,0.0
Дархан Рахматуллаев,1,0.0
Алия Тулепова,1,0.0
Ainura Khasenova,1,0.0
Qazhy001,1,0.0
FromRova,1,0.0
Саламатқызы Жанар,1,0.0
Katranov Madiar,1,0.0
ShymNIS 9BAskhat,1,0.0
Сагу Айжан,1,0.0
Nukayeva2013,1,0.0
Swineposit,1,0.0
Зекенов Нұрасыл,1,0.0
JarryMey,1,0.0
Ssmakov,1,0.0
Нұрсұлтан Тоқсанбаев,1,0.0
Құралай2000,1,0.0
Eyldz,1,0.0
KarinaNISA,1,0.0
Gulbanu.yessilkyzy,1,0.0
ShymNIS 9BMeyrzhan04,1,0.0
ShymNIS 7ASuluai,1,0.0
SHYMNIS 7A INGKAR,1,0.0
Базарғали,1,0.0
Anvarova Zarina,1,0.0
Auezovn,1,0.0
Ешманова Айсұлу,1,0.0
Ағатай,1,0.0
Жанаева А,1,0.0
Karatayevaruzhan,1,0.0
Bekanorm,1,0.0
Nargiz Adilzhanova,1,0.0
Бақытжан Данияр,1,0.0
DinaraZhalmuratova,1,0.0
Abarlybayev,1,0.0
ShymNIS 9KAidana,1,0.0
Inkantatem,1,0.0
990530451295N,1,0.0
Ақтан,1,0.0
Erikken,1,0.0
Nazkaz,1,0.0
75.57.174.111,1,0.0
X ziomal X,1,0.0
212.76.23.35,1,0.0
95.59.75.246,1,0.0
Baukens,1,0.0
Севда Байдаулетова,1,0.0
TolganayImashkyzy,1,0.0
Аязбаева,1,0.0
84.240.205.177,1,0.0
Idot,1,0.0
Daulet Shynybekov,1,0.0
95.56.93.131,1,0.0
Aizadanis,1,0.0
Аян Омаров,1,0.0
2.73.147.227,1,0.0
Sanzhar00,1,0.0
Khayry ersoy,1,0.0
Yerzhan.Bokey,1,0.0
Moscow Connection,1,0.0
Kurman~kkwiki,1,0.0
Айжан ұлмахан,1,0.0
Aikoice,1,0.0
Итен Қарымсақұлы,1,0.0
Dana Kamzabek,1,0.0
Әрмия Әлібек,1,0.0
Shakenyy,1,0.0
Шокан ниязбеков,1,0.0
80.250.0.74,1,0.0
2.73.72.18,1,0.0
Tembr,1,0.0
89.250.82.226,1,0.0
178.46.70.169,1,0.0
Akerke.m,1,0.0
92.47.253.55,1,0.0
85.26.155.200,1,0.0
92.47.184.21,1,0.0
Karaganda orange,1,0.0
Shadowgun master,1,0.0
Арыстан Жайна,1,0.0
Tolganbay,1,0.0
Adarkhordad,1,0.0
Faizulla Balzhan,1,0.0
Төребекқызы инабат,1,0.0
Zhubanova Diana,1,0.0
Kanat.amantayev,1,0.0
Керди,1,0.0
GJV 990013,1,0.0
TheBirzhan,1,0.0
Сихимбеков,1,0.0
Аян Дарибаев,1,0.0
92.46.229.180,1,0.0
178.90.64.7,1,0.0
Pikotai,1,0.0
Оян Қазақ,1,0.0
Hodzha,1,0.0
92.47.225.36,1,0.0
95.56.80.248,1,0.0
Дәулет Бақбергенов,1,0.0
Shinbatto,1,0.0
Курманова Куралай,1,0.0
Sabina Tazhibay,1,0.0
Rsaliev,1,0.0
Айсұлу Галимуратова,1,0.0
Kabdullina.d,1,0.0
R nis semey,1,0.0
Rshamenova,1,0.0
Kamilanis,1,0.0
Серикова дильназ,1,0.0
Арфи,1,0.0
193.171.33.106,1,0.0
Syrym94,1,0.0
93.95.241.194,1,0.0
Arailym.,1,0.0
Manat~kkwiki,1,0.0
77.74.67.229,1,0.0
Sapphire~kkwiki,1,0.0
Mamytova aidana,1,0.0
Юкке,1,0.0
Ayazhan1,1,0.0
Алтынай Төребай,1,0.0
Ayaulym19,1,0.0
Sakenov Arnur NIS Semey,1,0.0
Ляззат,1,0.0
Жанёрка,1,0.0
GULMYRA,1,0.0
Chinar2011,1,0.0
Конурбаева Айгерим,1,0.0
Айгерим Конурбаева,1,0.0
Бауыржан Мырзалы,1,0.0
Дияс Туртеав,1,0.0
Anesh Tulegenova,1,0.0
Sanzhar123,1,0.0
Nurmanov Kazybek,1,0.0
82.200.168.85,1,0.0
Akmaral Nasyr,1,0.0
Abdibay Suinbay,1,0.0
Syratai Assylzat,1,0.0
Өтеш Нұрлан,1,0.0
Сейітхан Шынар Маратқызы,1,0.0
2.134.75.100,1,0.0
Tazhy Nurila,1,0.0
Қасымжомарт,1,0.0
178.89.35.226,1,0.0
Gulmira Tolykbek,1,0.0
89.218.158.204,1,0.0
AsselZhaksylyk,1,0.0
Yereke22,1,0.0
Lukpan,1,0.0
Kamyrov,1,0.0
Vugar 1981,1,0.0
Ilnurefende,1,0.0
Galamat,1,0.0
92.47.121.69,1,0.0
Orazalin Alibek NIS Semey,1,0.0
92.47.221.149,1,0.0
Nkrmant,1,0.0
89.107.100.249,1,0.0
Дария Баймагамбетова,1,0.0
Almagul2599,1,0.0
IbragimAzamat,1,0.0
Қыстаубай Меруерт,1,0.0
Damirakas,1,0.0
Raha112233,1,0.0
Мураджан Мухитдинов,1,0.0
Самал Райымжан,1,0.0
Нұрайым Пайыз,1,0.0
Dayana a,1,0.0
Сундетулла Аруқыз,1,0.0
Зәуре НИШ,1,0.0
Gaukhar Shulenbayeva,1,0.0
Yerzhan nis semey,1,0.0
Әйбеш Акерке,1,0.0
Шиянова Радмира,1,0.0
Сатан Айдос,1,0.0
Kuzia.001,1,0.0
Еркежан Болатбекова,1,0.0
Amze Magzhan,1,0.0
Akerke.nursoltanova,1,0.0
Нұржігітұлы,1,0.0
178.90.71.213,1,0.0
Жамағат Дәулеткерей,1,0.0
Мұратбек Ұлжан,1,0.0
Ақерке Батырша,1,0.0
Abilkassum Nurlibek,1,0.0
95.56.114.239,1,0.0
92.46.29.44,1,0.0
202.67.226.236,1,0.0
178.89.82.159,1,0.0
95.56.1.221,1,0.0
Ayratayrat,1,0.0
Yerezhepovau,1,0.0
Aliya Tleuberdy,1,0.0
Ailinkaa,1,0.0
Айгерим Уалиева,1,0.0
Zhandos Temirgali,1,0.0
Нуркасымова Мадина,1,0.0
Ментай,1,0.0
Аяла Болатқызы,1,0.0
95.56.39.135,1,0.0
88.204.135.210,1,0.0
One soul,1,0.0
Baha000000,1,0.0
Nurasylll07,1,0.0
Атымтай Жанель,1,0.0
Ayazhan arap,1,0.0
89.106.237.195,1,0.0
Туртаева НБ,1,0.0
NIS Kumasheva,1,0.0
Zhamalbek aruzhan,1,0.0
95.58.228.164,1,0.0
92.47.213.135,1,0.0
212.154.199.146,1,0.0
95.58.101.244,1,0.0
Рахимов Мейрбек,1,0.0
Taubay Zangar,1,0.0
Aknur.5500,1,0.0
85.29.160.212,1,0.0
Medeu Adai,1,0.0
178.88.13.254,1,0.0
95.56.71.157,1,0.0
95.56.121.57,1,0.0
95.56.23.77,1,0.0
95.56.127.66,1,0.0
Abdubait,1,0.0
Takhirgeran Umar,1,0.0
Актаева Гульшат,1,0.0
92.47.205.99,1,0.0
92.46.26.16,1,0.0
92.46.6.20,1,0.0
95.56.48.89,1,0.0
Санат 010,1,0.0
Ardakshalkar,1,0.0
Saipov,1,0.0
Нуриля Матбаева,1,0.0
Ksairus,1,0.0
Asem2001,1,0.0
AkarisNIS,1,0.0
Имамагзам Бисара,1,0.0
Нұрмұхамед Алмасұлы,1,0.0
NisAigerim,1,0.0
Ryskaliev Anarbek,1,0.0
Nurganym spatay,1,0.0
Aneliya u 99,1,0.0
92.47.218.254,1,0.0
Молдир Райымбек,1,0.0
Таласбаева Жаннур,1,0.0
89.106.238.28,1,0.0
2.75.4.149,1,0.0
178.91.80.95,1,0.0
92.46.73.72,1,0.0
95.56.142.30,1,0.0
95.56.10.0,1,0.0
Аружан Батырханкызы,1,0.0
Alash kyzy,1,0.0
Eldoscr7nis,1,0.0
Zhamal99,1,0.0
92.47.219.168,1,0.0
95.56.92.252,1,0.0
Eldos.kz,1,0.0
95.56.110.248,1,0.0
95.56.203.67,1,0.0
95.59.7.165,1,0.0
95.56.87.176,1,0.0
95.56.91.199,1,0.0
Meruyet,1,0.0
178.88.235.28,1,0.0
Абилкасым Нурлыбек,1,0.0
84.240.205.47,1,0.0
Beybit,1,0.0
95.56.224.251,1,0.0
89.106.237.213,1,0.0
Айгерим Толбасы,1,0.0
Тойлыбаева Арай,1,0.0
Өмірбек Гаухар,1,0.0
Tolbasiaigerim,1,0.0
Danagul Aldiyarova,1,0.0
Muratova aida,1,0.0
AzamatUR,1,0.0
ВікіПЕДист,1,0.0
Bekzat-2001,1,0.0
Migel777com,1,0.0
Baurzhan erikov,1,0.0
Smailovaa,1,0.0
Alen kill,1,0.0
Adiyaibrayeva,1,0.0
Нұрайлым,1,0.0
Aibyn,1,0.0
Нартай Сембиев,1,0.0
5.76.145.210,1,0.0
Askhat Imankulov,1,0.0
NZM Madiyar,1,0.0
Ален,1,0.0
Pharaon~kkwiki,1,0.0
178.88.219.24,1,0.0
Avps1981,1,0.0
79.142.57.167,1,0.0
95.56.88.222,1,0.0
2.73.33.68,1,0.0
95.58.119.151,1,0.0
178.88.208.201,1,0.0
2.132.19.171,1,0.0
89.106.237.44,1,0.0
95.58.121.59,1,0.0
62.84.49.125,1,0.0
Zharylkassym,1,0.0
95.56.75.183,1,0.0
95.57.230.222,1,0.0
2.73.239.246,1,0.0
Smerus,1,0.0
92.46.55.13,1,0.0
Aghia8,1,0.0
Bekzat102,1,0.0
76.202.216.234,1,0.0
Dambler 2,1,0.0
Asylbek Zhaslanov,1,0.0
Куат Бексултан,1,0.0
Султан Алмурат,1,0.0
Балғабек Меруерт,1,0.0
KARTZHANOV,1,0.0
Ray of the Light,1,0.0
Arachn0,1,0.0
Aldiyar Tashenov,1,0.0
Айтметова Шолпан,1,0.0
Алижан Ержан,1,0.0
Saduov Ilyas,1,0.0
Кизат Айым,1,0.0
