p31,label_en,label_kk,label_ru
Q1002697,periodical,periodical,периодическое издание
Q1003207,photovoltaic power station,Күн Электр Стансасы,Фотоэлектрическая солнечная электростанция
Q100773131,regional economy,regional economy,экономика региона
Q101401,bell,Қоңырау,колокол
Q102496,parish,parish,церковный приход
Q1029418,children's magazine,children's magazine,детский журнал
Q10313934,intermittent lake,intermittent lake,сезонное озеро
Q10379048,health technology,health technology,санитарные технологии
Q104179424,national ice hockey team,national ice hockey team,национальная сборная по хоккею с шайбой
Q104666804,rail transport by country or region,rail transport by country or region,железнодорожный транспорт по стране или региону
Q1047180,air defense force,Құрлықтағы әскердің әуе шабуылына қарсы қорғаныс әскерлері,Войска противовоздушной обороны
Q1047879,Public Notary,нотариат,нотариат
Q10517054,handball team,handball team,гандбольная команда
Q105390172,Roman Catholic metropolitan archdiocese,Roman Catholic metropolitan archdiocese,римско-католическая митрополия-архиепископия
Q10541491,legal form,legal form,правовая форма
Q105543609,musical work/composition,musical work/composition,музыкальное произведение/композиция
Q1057026,cargo airline,cargo airline,грузовая авиакомпания
Q105758208,power plant complex,power plant complex,power plant complex
Q105758271,multilateral development bank,multilateral development bank,многосторонний банк развития
Q105897950,agriculture by country or territory,agriculture by country or territory,сельское хозяйство на территории
Q105982452,branch naval fleet,branch naval fleet,branch naval fleet
Q105985,judiciary,Сот билігі,судебная власть
Q1060409,honor guard,honor guard,часовой
Q1061151,massif,Тау тізбегі,горный массив
Q106123,international E-road network,international E-road network,европейский автомобильный маршрут
Q1061648,sovereign wealth fund,sovereign wealth fund,суверенный фонд
Q106317256,nuclear arsenal,nuclear arsenal,ядерный арсенал
Q106861156,national road cycling championships - RR,national road cycling championships - RR,Национальные чемпионаты по шоссейному велоспорту - групповые гонки
Q106861159,national road cycling championships - ITT,national road cycling championships - ITT,Национальные чемпионаты по шоссейному велоспорту - индивидуальные гонки
Q106978510,international rail transit service,international rail transit service,international rail transit service
Q107099245,sport ministry,sport ministry,министерство спорта
Q10713454,water source,water source,источник воды
Q1072326,summit,Саммит,саммит
Q10729872,medical association,medical association,медицинская коллегия
Q107357104,type of dance,type of dance,тип танца
Q107359024,class of election,class of election,тип выборов
Q107427417,class of honorary consuls to a country,class of honorary consuls to a country,class of honorary consuls to a country
Q1076426,uxoricide,uxoricide,женоубийство
Q1076486,sports venue,спорт ғимараттары,спортивное сооружение
Q107679,cliff,Клиф,клиф
Q107738583,Wikidata property for authority control for sports athletes,Wikidata property for authority control for sports athletes,свойство Викиданных для нормативного контроля спортсменов
Q1078286,military band,military band,военный оркестр
Q1079023,championship,Чемпионат,чемпионат
Q108390245,North-West Russia Wiki-Historians User Group events,North-West Russia Wiki-Historians User Group events,Мероприятия Юзер-группы Вики-краеведов Северо-запада России
Q108395614,volleyball club,volleyball club,волейбольный клуб
Q108436459,dance by ethnic group,dance by ethnic group,танец по этнической группе
Q10855061,archaeological find,archaeological find,археологическая находка
Q10874184,China Railway train service,China Railway train service,China Railway train service
Q108788952,ethnic group by residency,ethnic group by residency,этническая группа на территории
Q1088552,Catholic church building,костел,костёл
Q109623729,association football club match,association football club match,футбольный матч клубных команд
Q1097949,literary language,әдеби тіл,литературный язык
Q11032,newspaper,газет,газета
Q11033,mass media,бұқаралық ақпарат құралы,средство массовой информации
Q110548223,proposed legislation,proposed legislation,предлагаемый законодательный акт
Q110706912,Islamic organization,Islamic organization,исламская организация
Q11086064,total solar eclipse,total solar eclipse,полное солнечное затмение
Q1110684,regulatory college,regulatory college,профессиональное объединение
Q11166728,television tower,теледидар мұнарасы,телебашня
Q11187131,2015 World Judo Championships,Дзюдодан әлем чемпионаты 2015,Чемпионат мира по дзюдо 2015
Q11197007,ethnoreligious group,ethnoreligious group,этнорелигиозная группа
Q11204,legislature,Заң шығарушы билік,орган законодательной власти
Q112128334,protected area of Kazakhstan of republican significance,protected area of Kazakhstan of republican significance,особо охраняемая природная территория республиканского значения Казахстана
Q11223998,IJF World Tour,IJF World Tour,IJF World Tour
Q1129474,cultural landscape,cultural landscape,культурный ландшафт
Q11303,skyscraper,Көктіреген,небоскрёб
Q113040113,national inventory of intangible cultural heritage,national inventory of intangible cultural heritage,национальный реестр нематериального культурного наследия
Q113065939,Embassy of the United States,Embassy of the United States,посольство США
Q11315,shopping center,сауда орталығы,торговый центр
Q113254938,spacecraft fleet,spacecraft fleet,Космический флот
Q113612628,language in an area,language in an area,язык на территории
Q11362251,World Judo Cadets Championships,World Judo Cadets Championships,World Judo Cadets Championships
Q11362400,World Team Judo Championships,World Team Judo Championships,World Team Judo Championships
Q113681824,opencast mine,opencast mine,opencast mine
Q113813711,coin type,coin type,тип монеты
Q113988536,recurring religious event,recurring religious event,recurring religious event
Q1140371,national identification number,national identification number,национальный идентификационный номер
Q1140419,ambiguity,ambiguity,неоднозначность
Q114055312,national baseball team,national baseball team,national baseball team
Q11410,game,ойын,игра
Q114342413,cancelled event,cancelled event,отменное мероприятие
Q114347110,Kazakhstan motorcycle Grand Prix,Kazakhstan motorcycle Grand Prix,Kazakhstan motorcycle Grand Prix
Q11448906,science award,science award,научная награда
Q11460,clothing,киім,одежда
Q114609228,recurring sporting event edition,recurring sporting event edition,версия повторяющегося спортивного события
Q1149061,language area,language area,языковое пространство
Q115110263,railway border crossing,railway border crossing,железнодорожное пересечение границы
Q115135140,futsal competition,futsal competition,соревнование по футзалу
Q1153191,online newspaper,online newspaper,интернет-издание
Q115346835,temperate steppe,temperate steppe,temperate steppe
Q1154710,association football venue,association football venue,футбольный стадион
Q11572907,order of succession,order of succession,Престолонаследие
Q115839789,basketball club,basketball club,баскетбольный клуб
Q115857096,aspect of history in a geographic region,aspect of history in a geographic region,исторический аспект в географическом регионе
Q116597750,association football derby,association football derby,дерби (футбол)
Q11691,stock exchange,Қор биржасы,фондовая биржа
Q116953048,beach soccer club,beach soccer club,пляжный футбольный клуб
Q11707,restaurant,мейрамхана,ресторан
Q117086260,national field hockey team,national field hockey team,сборная по хоккею на траве
Q117103628,national water polo team,national water polo team,national water polo team
Q117819097,women's basketball club,women's basketball club,женский баскетбольный клуб
Q117819211,men's basketball club,men's basketball club,мужской баскетбольный клуб
Q117819338,women's volleyball club,women's volleyball club,женский волейбольный клуб
Q11783626,athletics meeting,athletics meeting,соревнование по лёгкой атлетике
Q11796413,decoration,decoration,знак отличия
Q11812394,theatre company,theatre company,театральная организация
Q118188609,beach soccer competition,beach soccer competition,соревнование по пляжному футболу
Q118726613,military youth organisation,military youth organisation,military youth organisation
Q11892333,freedom of speech by country,freedom of speech by country,freedom of speech by country
Q1190554,occurrence,occurrence,событие
Q1193236,news media,news media,новостные СМИ
Q119442487,Kazakhstan Future Series,Kazakhstan Future Series,Kazakhstan Future Series
Q1194951,national sports team,national sports team,сборная
Q1196904,electronic publishing,electronic publishing,цифровое издание
Q1197685,public holiday,public holiday,государственный праздник
Q119942457,UCI Women's Continental Team,UCI Women's Continental Team,UCI Women's Continental Team
Q12018180,geomorphological system,geomorphological system,геоморфологическая система
Q12021235,,,гребень
Q120434264,Kazakhstan Badminton Championships,Kazakhstan Badminton Championships,Kazakhstan Badminton Championships
Q12057459,writers union,writers union,союз писателей
Q12075477,Islam of an area,Islam of an area,ислам на территории
Q120762065,Asian Road Cycling Championships - Men U19 RR,Asian Road Cycling Championships - Men U19 RR,Чемпионат Азии по шоссейному велоспорту - групповая гонка (мужчины U19)
Q120762066,Asian Road Cycling Championships - Men U19 ITT,Asian Road Cycling Championships - Men U19 ITT,Чемпионат Азии по шоссейному велоспорту - индивидуальная гонка (мужчины U19)
Q120762067,Asian Road Cycling Championships - Women U23 RR,Asian Road Cycling Championships - Women U23 RR,Чемпионат Азии по шоссейному велоспорту - групповая гонка (женщины U23)
Q120762068,Asian Road Cycling Championships - Women U23 ITT,Asian Road Cycling Championships - Women U23 ITT,Чемпионат Азии по шоссейному велоспорту - индивидуальная гонка (женщины U23)
Q120762069,Asian Road Cycling Championships - Women U19 RR,Asian Road Cycling Championships - Women U19 RR,Чемпионат Азии по шоссейному велоспорту - групповая гонка (женщины U19)
Q120762070,Asian Road Cycling Championships - Women U19 ITT,Asian Road Cycling Championships - Women U19 ITT,Чемпионат Азии по шоссейному велоспорту - индивидуальная гонка (женщины U19)
Q12079191,artesian basin,Артезиан алабы,артезианский бассейн
Q1208380,dialect group,диалектілер тобы,группа диалектов языка
Q12091026,coal deposit,coal deposit,угольное месторождение
Q121182,information system,Ақпарат жүйесі,информационная система
Q12132769,oil and gas field,oil and gas field,нефтегазовое месторождение
Q12132780,oil and gas bearing province,oil and gas bearing province,нефтегазоносная провинция
Q12137573,Paleolithic site,Paleolithic site,палеолитическая стоянка
Q12139612,list,тізім,список
Q12140,medication,Дәрі-дәрмек,лекарственное средство
Q12149173,ore district,ore district,рудный район
Q12160242,art society,art society,творческий союз
Q12164334,professional holiday of Ukraine,professional holiday of Ukraine,профессиональный праздник на Украине
Q12174444,sink,ойыс,впадина
Q12184,pandemic,індет,пандемия
Q122204781,airport identification code,airport identification code,airport identification code
Q122329178,economic forum,economic forum,экономический форум
Q12266391,city of republican significance,Республикалық маңызы бар қала,город республиканского значения
Q12280,bridge,көпір,мост
Q12280169,animal husbandry of an area,animal husbandry of an area,животноводство на территории
Q12284,canal,канал,канал
Q12308941,male given name,ер адамның жеке есімі,мужское личное имя
Q123225013,Kazakhstan Junior International Badminton Championships,Kazakhstan Junior International Badminton Championships,Kazakhstan Junior International Badminton Championships
Q12323,dam,бөгет,плотина
Q123237442,sex trafficking by country or territory,sex trafficking by country or territory,sex trafficking by country or territory
Q123237961,abortion by country,abortion by country,аборты на территории
Q12332021,politics by country,politics by country,политика по странам
Q123480,landlocked country,Мұхитқа шыға алмайтын елдер,не имеющие выхода к морю государства
Q12353044,oil refinery,oil refinery,нефтеперерабатывающий завод
Q12357832,second-level administrative division,second-level administrative division,административная единица второго уровня
Q12357920,third-level administrative division,third-level administrative division,административная единица третьего уровня
Q123585930,reconstruction,reconstruction,реконструкция
Q12367307,complex emergency,complex emergency,комплексная катастрофа
Q123705,neighborhood,neighborhood,нейборхуд
Q123991,steppe,Дала,степь
Q124098638,Roman Catholic ecclesiastical province,Roman Catholic ecclesiastical province,римско-католическая церковная провинция
Q1241288,economic affairs ministry,economic affairs ministry,министерство экономики
Q12413618,international border,Мемлекеттік шекара,межгосударственная граница
Q124221947,One Earth Ecoregion,One Earth Ecoregion,One Earth Ecoregion
Q1244922,embankment dam,Жербөгет,насыпная плотина
Q1245089,promontory,promontory,возвышение
Q124556620,type of legal entity in Kazakhstan,type of legal entity in Kazakhstan,type of legal entity in Kazakhstan
Q124714,spring,бұлақтар,родник
Q124734,rebellion,Көтеріліс,восстание
Q1248784,airport,әуежай,аэропорт
Q12518,tower,Мұнара,башня
Q12540664,media distributor,Дистрибутор,дистрибьютор
Q1254874,television network,television network,телевизионная сеть
Q12552199,main gas pipeline,Магистральды газ құбыры,магистральный газопровод
Q125569386,university branch,university branch,филиал университета
Q125577386,foreign intelligence service,foreign intelligence service,Служба внешней разведки
Q12570,suspension bridge,Аспалы көпір,висячий мост
Q1262090,oil pipeline,oil pipeline,нефтепровод
Q1262712,gas pipeline,Газжүргізгіш,газопровод
Q1268865,light rail,light rail,легкорельсовый транспорт
Q1269299,type of business entity,type of business entity,тип юридического лица
Q12737077,occupation,қызмет түрі,род занятий
Q12765911,folkloristic group,folkloristic group,folkloristic group
Q12768272,Judaism of an area,Judaism of an area,иудаизм на территории
Q12806886,tea culture of an area,tea culture of an area,чайная культура территории
Q12830341,Eastern Orthodoxy of an area,Eastern Orthodoxy of an area,православие на территории
Q12830429,Protestantism of an area,Protestantism of an area,протестантизм на территории
Q12833777,Christianity of an area,Christianity of an area,христианство на территории
Q1288568,modern language,modern language,живой язык
Q12897688,Jehovah's Witnesses of an area,Jehovah's Witnesses of an area,Свидетели Иеговы на территории
Q12909644,political ideology,саяси идеология,политическая идеология
Q1292279,political border,Мемлекеттік шекара,политическая граница
Q12932380,Hinduism of an area,Hinduism of an area,индуизм на территории
Q12933353,Buddhism of an area,Buddhism of an area,буддизм на территории
Q12973014,sports team,sports team,спортивная команда
Q129882905,town administration of Kazakhstan,Кенттік әкімшілік,поселковая администрация в Казахстане
Q130003,ski resort,ski resort,горнолыжный курорт
Q130212458,village of Kazakhstan,Қазақстан ауылы,село в Казахстане
Q130282561,Address to the Nation of the President of Kazakhstan,Қазақстан президентінің Халыққа жолдауы,Послание народу президента Казахстана
Q130417640,Delegation of the European Union,Delegation of the European Union,Delegation of the European Union
Q13052937,Armenian Apostolic Church diocese,Armenian Apostolic Church diocese,епархия Армянской апостольской церкви
Q130639613,automobile repair shop chain,automobile repair shop chain,automobile repair shop chain
Q13073773,Catholic Church of an area,Catholic Church of an area,католицизм на территории
Q1313096,ministry of science,ministry of science,министерство науки и технологии
Q131324128,water polo club,water polo club,ватерпольный клуб
Q131437023,tax status,tax status,tax status
Q131459694,association football season,association football season,розыгрыш футбольного турнира
Q131569,treaty,Халықаралық келiсiмдер,международный договор
Q131647,medal,медаль,медаль
Q131681,reservoir,су қоймасы,водохранилище
Q1318941,stage race,stage race,многодневная велогонка
Q13197989,Sunni Islam of an area,Sunni Islam of an area,суннизм на территории
Q1322134,gulf,gulf,залив
Q132241,festival,festival,фестиваль
Q13226383,facility,facility,площадка
Q132834,madrasa,Медресе,медресе
Q1329623,cultural center,cultural center,культурный центр
Q133004,diaspora,Диаспора,диаспора
Q133056,mountain pass,асу,перевал
Q1331793,media company,media company,медиакомпания
Q133311,tribe,тайпа,племя
Q133346,border,Мемлекеттік шекара,граница географическая
Q1337424,Perry Groves,Perry Groves,Перри Гроувз
Q133744,tour operator,tour operator,туроператор
Q13393265,basketball team,basketball team,баскетбольная команда
Q13406463,Wikimedia list article,Wikimedia list article,статья-список в проекте Викимедиа
Q13406554,sports competition,sports competition,спортивное соревнование
Q13406660,civil rights movement,civil rights movement,движение за гражданские права
Q134161,joint-stock company,Акционерлік қоғам,акционерное общество
Q134447,nuclear power plant,Атом электр стансасы,атомная электростанция
Q1345691,international financial institution,international financial institution,международная финансовая организация
Q1345712,development strategy,development strategy,стратегия развития
Q1349015,GOST,GOST,межгосударственный стандарт
Q1349255,natural gas field,Газ кені,месторождение природного газа
Q135054036,men’s national volleyball team,men’s national volleyball team,мужская сборная страны по волейболу
Q135207825,international oil company,international oil company,international oil company
Q1353183,launch pad,launch pad,стартовый комплекс
Q135408445,men's national association football team,men's national association football team,мужская сборная по футболу
Q135409346,men's national ice hockey team,men's national ice hockey team,men's national ice hockey team
Q135409668,travel company,travel company,travel company
Q135728374,men's national bandy team,men's national bandy team,men's national bandy team
Q135728463,men's national basketball team,men's national basketball team,men's national basketball team
Q135747756,men's national water polo team,men's national water polo team,men's national water polo team
Q135747780,women's national ice hockey team,women's national ice hockey team,women's national ice hockey team
Q136408744,Research and Development (R&D) Center,Research and Development (R&D) Center,Research and Development (R&D) Center
Q1364157,philharmonic society,филармония,филармония
Q1364302,ministry of agriculture,ministry of agriculture,министерство сельского хозяйства
Q1365924,mineral spring,Минералды бұлақтар,минеральный источник
Q1366722,final,Финал,финал
Q136696275,Сhain of discounters,Сhain of discounters,Сеть дискаунтеров
Q1368262,National Paralympic Committee,National Paralympic Committee,Национальный паралимпийский комитет
Q1370598,structure of worship,structure of worship,культовое сооружение
Q137186904,transcontinental region,transcontinental region,трансконтинентальный регион
Q137455956,Defunct episcopal conference,Defunct episcopal conference,Defunct episcopal conference
Q137794598,ministry of Kazakhstan,ministry of Kazakhstan,ministry of Kazakhstan
Q13785326,2014 Fed Cup,2014 Fed Cup,Кубок Федерации 2014
Q137871518,nation in the New Wave competition,nation in the New Wave competition,страна в конкурсе Новая волна
Q138775,border guard,Шекара әскерлері,пограничные войска
Q138825,children's railway,Балалар темір жолы,детская железная дорога
Q1402443,border train station,border train station,приграничная железнодорожная станция
Q1402592,island group,island group,группа островов
Q140360298,,,купеческая династия
Q140362944,,,награды в географическом регионе
Q140678780,chess tournament edition,chess tournament edition,сезон шахматного турнира
Q140705642,emergency minister,emergency minister,emergency minister
Q1407225,television award,television award,награда в области телевидения
Q140892892,country sometimes considered transcontinental,country sometimes considered transcontinental,"возможно, трансконтинентальная страна"
Q1412205,armory,armory,Цейхгауз
Q1413677,justice ministry,Әділет министрлігі,министерство юстиции
Q1431554,apostolic administration,apostolic administration,апостольская администратура
Q1434274,agronym,agronym,урочище
Q14350,radio station,radio station,вещательная радиостанция
Q1437459,non-geologically related mountain range,non-geologically related mountain range,горы
Q1445650,holiday,мереке,праздник
Q1451906,women's organization,women's organization,женская организация
Q14659,coat of arms,Мемлекеттік герб (елтаңба),герб
Q146591,circle of latitude,circle of latitude,параллель
Q14660,flag,ту,флаг
Q14757767,fourth-level administrative division,fourth-level administrative division,административная единица четвёртого уровня
Q1478437,association football competition,association football competition,футбольный турнир
Q1478443,association football federation,association football federation,футбольная федерация
Q14941854,oil company,oil company,нефтяная компания
Q149621,district,district,дистрикт
Q1496456,2013 Fed Cup,2013 Fed Cup,Кубок Федерации 2013
Q149918,communications satellite,Байланыс серігі,спутник связи
Q1503257,magnetic observatory,magnetic observatory,magnetic observatory
Q15043657,Tour of Almaty,Алматы Туры 2013,Тур Алматы
Q150784,canyon,Каньон,каньон
Q15087423,ISO standard,ISO standard,стандарт ISO
Q15104814,land boundary,land boundary,сухопутная граница между странами
Q15104915,mineral deposit,Кенорын,месторождение полезных ископаемых
Q15141321,train service,train service,маршрут поезда
Q151885,concept,ұғым,понятие
Q1519799,ministry of health,ministry of health,министерство здравоохранения
Q15221623,bilateral relation,bilateral relation,двусторонние отношения
Q15229207,sports award,sports award,спортивная награда
Q15238777,legislative term,legislative term,срок полномочий законодательного органа
Q152559,macrolanguage,macrolanguage,макросемья языков по ISO 639-3
Q15275719,recurring event,recurring event,регулярное событие
Q15284636,presidential term,presidential term,президентский срок
Q1529128,postal service,postal service,почтовая компания
Q1530022,religious organization,Діни бірлестіктер,религиозная организация
Q15324,body of water,бөген,водный объект
Q15410549,public association,Қоғамдық бірлестіктер,общественное объединение
Q1546073,covert operation,covert operation,тайная операция
Q1550182,mine railway,mine railway,Шахтный электровоз
Q15617994,administrative territorial entity type,administrative territorial entity type,тип административно-территориальной единицы
Q15622363,sheep breed,sheep breed,порода овец
Q15642541,human-geographic territorial entity,human-geographic territorial entity,геополитическая область
Q157031,foundation,Айырбас,фонд
Q15711797,finance ministry,finance ministry,министерство финансов
Q15720476,volleyball team,volleyball team,волейбольная команда
Q1572070,youth organization,Балалар ұйымдары,молодёжная организация
Q1572791,buran,Боран,буран
Q15813069,housing series,housing series,серия дома
Q158438,arch bridge,arch bridge,арочный мост
Q158454,biosphere reserve,Адам және биосфера,биосферный заповедник ЮНЕСКО
Q1589009,privately held company,Жеке компания,частная компания
Q15911314,association,association,ассоциация
Q15911738,hydroelectric power station,су электр станциясы,гидроэлектростанция
Q1592877,tectonic uplift,tectonic uplift,тектоническое поднятие
Q159313,urban agglomeration,urban agglomeration,городская агломерация
Q159719,power station,электр стансасы,электростанция
Q15986354,basketball association,basketball association,баскетбольная федерация
Q15991303,association football league,association football league,футбольная лига
Q160091,plain,Жазық,равнина
Q1601458,combined heat and power station,Жылу Электр Орталығы,теплоэлектроцентраль
Q16043215,Sufism of an area,Sufism of an area,суфизм на территории
Q16117291,,,конституционный закон
Q1616075,television station,television station,телецентр
Q1620908,historical region,тарихи аймақ,историческая область
Q162633,academy,Академия,академия
Q162875,mausoleum,кесене,мавзолей
Q16334295,group of humans,адамдар тобы,группа людей
Q16349709,Baháʼí Faith of an area,Baháʼí Faith of an area,бахаи на территории
Q163740,nonprofit organization,коммерциялық емес ұйым,некоммерческая организация
Q1639168,climate zone,climate zone,климатическая зона
Q163967,peneplain,Пенеплен,пенеплен
Q1639780,regulatory agency,regulatory agency,регулирующий орган
Q164099,hoard,hoard,hoard
Q16463,lyceum,Лицей,лицей
Q16465938,seasonal river,seasonal river,пересыхающая река
Q165,sea,теңіз,море
Q16510064,sporting event,sporting event,спортивное мероприятие
Q16516287,wedding custom,wedding custom,свадебный обычай
Q16519632,scientific organization,scientific organization,научная организация
Q1656682,planned event,planned event,мероприятие
Q1659844,information ministry,information ministry,министерство информации
Q166118,archives,Мұрағат,архив
Q166140,registration authority,registration authority,регистрационный орган
Q16632355,futsal club,futsal club,футзальный клуб
Q1664720,institute,institute,институт
Q16653233,protected area of ​​Kazakhstan,Қорықша,заповедная зона Казахстана
Q166735,swamp,батпақ,заболоченный лес
Q16680663,IJF World Tour Kazakhstan,IJF World Tour Kazakhstan,IJF World Tour Kazakhstan
Q167037,corporation,Корпорация,корпорация
Q167170,multi-sport event,multi-sport event,мультиспортивное соревнование
Q16725895,visa policy,visa policy,визовая политика
Q167270,trademark,тауар таңбасы,товарный знак
Q16738832,criminal case,criminal case,уголовное дело
Q168247,famine,Ашаршылық,массовый голод
Q16887380,group,group,группа
Q1691434,United Nations treaty,United Nations treaty,договор или конвенция ООН
Q16917,hospital,аурухана,больница
Q16932246,South Saqqara Stone,South Saqqara Stone,Камень из Южной Саккары
Q16970,church building,шіркеу,христианский храм
Q17028018,hunting strategy,hunting strategy,hunting strategy
Q17076801,public health emergency of international concern,public health emergency of international concern,"чрезвычайная ситуация в области общественного здравоохранения, имеющая международное значение"
Q1708422,settlement site,settlement site,место поселения
Q17094485,industrial fire,industrial fire,промышленный пожар
Q17156793,American football team,American football team,клуб американского футбола
Q17232649,news website,news website,новостной сайт
Q17270000,football club,football club,футбольный клуб
Q17272692,IANA time zone,IANA time zone,часовой пояс IANA
Q17305522,data set of a specific country,data set of a specific country,набор данных ISO 3166-2 для конкретной страны
Q17315159,international association football match,international association football match,футбольный матч сборных
Q173387,grave,көр,могила
Q17362920,Wikimedia duplicated page,Wikimedia duplicated page,дублирующая страница
Q1747184,mass mortality event,mass mortality event,массовая смерть
Q174782,square,алаң,площадь
Q17505024,space agency,space agency,космическое агентство
Q17524420,aspect of history,aspect of history,исторический аспект
Q17544377,history of a country or state,history of a country or state,история страны
Q1756006,UCI Continental Team,UCI Continental Team,UCI Continental Team
Q1756477,league system,league system,система спортивных лиг
Q1758037,speaker,Спикер,спикер
Q1762059,film production company,film production company,кинокомпания
Q176799,military unit,Әскери бөлім,воинское формирование
Q177380,hot spring,Термальды су,геотермальный источник
Q177414,anticyclone,Антициклон,антициклон
Q1781180,condensation power station,condensation power station,конденсационная электростанция
Q178561,battle,Арпалыс,битва
Q1785733,environmental organization,environmental organization,природоохранная организация
Q178706,institution,Әлеуметтік ұйым,общественный институт
Q178790,labor union,Тред-юниондар,профессиональный союз
Q1788716,military decoration,military decoration,военная награда
Q1788820,defence ministry,defence ministry,министерство обороны
Q17898,LGBT rights by country or territory,LGBT rights by country or territory,права ЛГБТ на территории
Q179049,nature reserve,Қорық,заповедник
Q179057,explosion,қопарылыс,взрыв
Q1791610,cultural convention,cultural convention,cultural convention
Q179164,unitary state,Унитарлы мемлекет,унитарное государство
Q18043430,national timeline,national timeline,хронология истории страны
Q18127,record label,Дыбысжазба лейблі,лейбл звукозаписи
Q18142,tower block,tower block,высотное здание
Q181648,foreign policy,сыртқы саясат,внешняя политика
Q182103,pension fund,pension fund,пенсионный фонд
Q18247357,group of structures or buildings,group of structures or buildings,группа структур и зданий
Q18325242,ice hockey competition,ice hockey competition,турнир по хоккею с шайбой
Q183288,National Olympic Committee,Ұлттық Олимпиада комитеттері,Национальный олимпийский комитет
Q183342,federal city of Russia,federal city of Russia,город федерального значения в России
Q183366,territory,territory,территория
Q18340514,events in a specific year or time period,events in a specific year or time period,хроника в Википедии
Q18340550,Wikimedia timeline,Wikimedia timeline,статья — временная шкала
Q18369361,UN observance day,UN observance day,UN observance day
Q18388277,technology company,technology company,технологическая компания
Q18389209,economic corridor,economic corridor,economic corridor
Q18509232,fast food restaurant chain,fast food restaurant chain,сеть быстрого питания
Q185113,cape,Мүйіс,мыс
Q18536323,basketball league,basketball league,баскетбольная лига
Q18564543,international conference,international conference,международная конференция
Q18608583,recurring sporting event,recurring sporting event,повторяющееся спортивное событие
Q186117,timeline,timeline,хронология
Q18677266,order of merit,order of merit,орден за заслуги
Q18729324,razyezd,razyezd,разъезд как населённый пункт
Q1875630,aircraft fleet,aircraft fleet,история использования воздушного судна
Q187931,phrase,фраза,фраза
Q188025,salt lake,Тұзды көл,минеральное озеро
Q188055,siege,siege,осада
Q188451,music genre,музыка жанрлары,музыкальный жанр
Q188507,apartment,Пәтерді әрлеу,квартира
Q189004,college,Колледж,колледж
Q189533,academic degree,ғылыми дәреже,академическая степень
Q189819,ritual,Ритуал,ритуал
Q190429,depression,депрессия,геологическая депрессия
Q190752,supreme court,Жоғарғы сот,верховный суд
Q1916382,media conglomerate,media conglomerate,медиаконгломерат
Q192283,news agency,Ақпарат агенттігі,информационное агентство
Q192350,ministry,министрлік,министерство
Q192611,electoral unit,Сайлау округі,избирательный округ
Q192691,annual plant,Бір жылдық өсімдіктер,однолетние растения
Q192899,finance lease,Қаржы лизингі,лизинг
Q192914,cult of personality,жеке басқа табыну,культ личности
Q1933026,launch site,launch site,пусковая площадка
Q193424,web service,Веб-қызмет,веб-служба
Q19362195,geostationary satellite,geostationary satellite,геостационарный спутник
Q193622,order,Орден,орден
Q19386377,register,register,реестр
Q194188,spaceport,Ғарыш айлағы,космодром
Q19595382,Wikidata property for authority control for people,Wikidata property for authority control for people,свойство для нормативного контроля персоналий
Q196600,media franchise,media franchise,медиафраншиза
Q1968122,National Red Cross and Red Crescent society,National Red Cross and Red Crescent society,национальное общество Красного Креста либо Красного Полумесяца
Q1968435,national cuisine,national cuisine,национальная кухня
Q1969448,term,термин,термин
Q1973901,economic region,Экономикалық аудан,экономический район
Q19753333,nuclear weapons program,nuclear weapons program,программа ядерного оружия
Q1978718,unit of length,unit of length,единица измерения расстояния
Q19832486,locomotive class,locomotive class,серия локомотива
Q19847637,Wikidata property for an identifier,Wikidata property for an identifier,"свойство Викиданных, представляющее собой идентификатор"
Q19860854,destroyed building or structure,destroyed building or structure,утраченное здание или строение
Q19958368,culture of an area,culture of an area,культура территории
Q19973770,ministry of culture,ministry of culture,министерство культуры
Q19973795,ministry of energy,ministry of energy,министерство энергетики
Q19983480,ministry of communications,ministry of communications,министерство связи
Q2001305,television channel,television channel,телеканал
Q200141,necropolis,Некрополь,некрополь
Q200297,thermal power station,жылу электр станциясы,тепловая электростанция
Q20057844,Mormonism of an area,Mormonism of an area,мормонизм на территории
Q20057897,business enterprise,business enterprise,business enterprise
Q20097215,phosphorite deposit,phosphorite deposit,фосфоритовое месторождение
Q201676,funeral,funeral,похороны
Q2020153,academic conference,academic conference,научная конференция
Q2026833,garden square,garden square,сквер
Q2031615,short program,short program,Короткая программа
Q2031836,Eastern Orthodox church building,Eastern Orthodox church building,православный храм
Q2042028,ravine,шатқал,ущелье
Q204310,gendarmerie,жандармерия,жандармерия
Q205495,filling station,filling station,автомобильная заправочная станция
Q2056313,pastoral visit,pastoral visit,pastoral visit
Q20638319,UCI ProTeam,UCI ProTeam,UCI ProTeam
Q20639848,club cycling team,club cycling team,команда велоклуба
Q20646667,plain stage,plain stage,равнинный этап
Q20646668,mountain stage,mountain stage,горный этап
Q20646670,hilly stage,hilly stage,холмистый этап
Q20652655,amateur cycling team,amateur cycling team,любительская велокоманда
Q20653566,UCI Trade Team III,UCI Trade Team III,Groupe Sportif III
Q20680270,medium mountain stage,medium mountain stage,среднегорный этап
Q20719675,raion of the Soviet Union,raion of the Soviet Union,район СССР
Q207326,summit,Шың,вершина местности
Q20738667,under-23 national cycling team,under-23 national cycling team,национальная сборная по велоспорту U23
Q20784907,motorcycle racing team,motorcycle racing team,мотогоночная команда
Q2080304,short dance,short dance,Короткий танец
Q2085381,publishing house,Баспа,издательство
Q2088357,musical ensemble,musical ensemble,музыкальный ансамбль
Q20901295,foreign affairs ministry,foreign affairs ministry,министерство иностранных дел
Q20926517,religious administrative territorial entity,religious administrative territorial entity,религиозное административно-территориальное образование
Q209333,oxbow lake,oxbow lake,старица
Q209465,campus,campus,кампус
Q2095,food,азық-түлік,пища
Q2097208,transculturation,transculturation,транскультурация
Q2101619,political slogan,political slogan,политический лозунг
Q210167,video game developer,video game developer,разработчик компьютерных игр
Q210272,cultural heritage,cultural heritage,культурное наследие
Q21077649,Asian Track Cycling Championships,Asian Track Cycling Championships,Чемпионат Азии по трековому велоспорту
Q211503,clan,тұқым,род
Q21152976,ballet of an area,ballet of an area,балет на территории
Q211748,oil field,oil field,нефтяное месторождение
Q2122214,national archives,national archives,национальный архив
Q2135465,legal term or legal concept,заңи түсінік,юридическое понятие
Q2144320,overhead power line,overhead power line,воздушная линия электропередач
Q2145163,trunk road,trunk road,магистральная дорога
Q21480300,mass shooting,mass shooting,массовый расстрел
Q21507948,former village,former village,бывшая деревня
Q2151621,energy industry,дәстүрлі энергетика,энергетика
Q215380,musical group,musical group,музыкальная группа
Q216107,department store,универмаг,универсальный магазин
Q21623879,Wikimedia Commons atlas page,Wikimedia Commons atlas page,страница проекта Викисклад:Атлас
Q216353,title,Дәреже,титул
Q21644177,execution of fellow soldiers,execution of fellow soldiers,расстрел сослуживцев
Q21663239,Persian dialect,Persian dialect,диалекты персидского языка
Q21686038,Cabinet of Kazakhstan,Cabinet of Kazakhstan,Cabinet of Kazakhstan
Q2175765,tram stop,tram stop,трамвайная остановка
Q2177064,Russian Large Landscape,Russian Large Landscape,ландшафт России
Q218631,customs territory,customs territory,таможенная территория
Q21980538,commercial organization,commercial organization,коммерческая организация
Q220505,film festival,Кинофестиваль,кинофестиваль
Q2221906,geographic location,geographic location,географическое местоположение
Q22222786,government program,government program,правительственная программа
Q2230431,sound archive,sound archive,фонотека
Q22328259,Tour of Baikonur,Tour of Baikonur,Тур Байконура
Q22328402,Tour of Oskemen,Tour of Oskemen,Тур Усть-Каменогорска
Q22328407,Tour of Burabay,Tour of Burabay,Тур Бурабая
Q22328526,Tour of Kapchagay,Tour of Kapchagay,Тур Капчагая
Q22333025,Kazakhstani legislative election,Kazakhstani legislative election,Kazakhstani legislative election
Q223371,stock market index,Қор индексі,фондовый индекс
Q223393,literary genre,әдеби жанр,литературный жанр
Q22667,railway,Темір жол,железная дорога
Q22674925,former settlement,former settlement,бывший населённый пункт
Q22676729,time by area,time by area,время по регионам
Q22687,bank,Банк,банк
Q2269756,ministry of education,ministry of education,министерство образования
Q22698,park,park,парк
Q22706,vehicle registration plate,автомобиль нөмірлері,автомобильные номера
Q22907440,Congress of Leaders of World and Traditional Religions,Әлемдік және дәстүрлі діндер лидерлерінің съезі,Congress of Leaders of World and Traditional Religions
Q23036198,hostage-rescue mission,hostage-rescue mission,миссия по спасению заложников
Q2306612,national road cycling championship,national road cycling championship,Национальный чемпионат по шоссейному велоспорту
Q231002,nationality,nationality,национальность
Q2319498,architectural landmark,architectural landmark,памятник архитектуры
Q2321921,type of legal entity in Russia,type of legal entity in Russia,тип некоммерческих организаций в России
Q2334719,legal case,legal case,судебное дело
Q233591,communist party,Коммунистік Партия,коммунистическая партия
Q23397,lake,көл,озеро
Q23442,island,Арал,остров
Q23492,official language,ресми тіл,официальный язык
Q23691,national anthem,Ұлттық әнұран,государственный гимн
Q23726798,elite national cycling team,elite national cycling team,национальная сборная по велоспорту Элита
Q2383962,vicariate (Eastern Orthodoxy),vicariate (Eastern Orthodoxy),викариатство
Q2385804,educational institution,білім мекемесі,образовательное учреждение
Q23901137,national under-19 association football team,national under-19 association football team,national under-19 association football team
Q2390458,telephone numbering plan,Телефонды нөмірлеу жоспары,план нумерации
Q23905105,women's national association football team,women's national association football team,женская сборная страны по футболу
Q239582,symphony orchestra,Симфониялық оркестр,симфонический оркестр
Q23983664,demographics of country or region,demographics of country or region,демография по странам и регионам
Q2399523,technology ministry,technology ministry,министерство технологии
Q2401749,telecommunication company,telecommunication company,телекоммуникационная компания
Q2403977,prison labour camp,prison labour camp,исправительно-трудовой лагерь
Q2406205,shootout,shootout,перестрелка
Q24069004,Presidential elections in Kazakhstan,Presidential elections in Kazakhstan,выборы президента Казахстана
Q2412834,reserve team,reserve team,дублирующий состав
Q24255438,Hydrological natural heritage site,Hydrological natural heritage site,гидрологический памятник природы
Q24354,theatre building,theatre building,здание театра
Q2446662,tourism ministry,tourism ministry,министерство туризма
Q245065,intergovernmental organization,Үкіметаралық халықаралық үйымдар,международная межправительственная организация
Q24529780,point,point,ландшпитц
Q2460422,guest house,Pension,гостевой дом
Q2466826,UCI Women's Team,UCI Women's Team,UCI Women's Team
Q2467461,academic department,academic department,кафедра
Q2470540,chamber orchestra,chamber orchestra,камерный оркестр
Q2472587,people,халық,народ
Q2485448,sports governing body,sports governing body,спортивная федерация
Q2495862,congress,съезд,съезд
Q2515494,constitutional referendum,constitutional referendum,конституционный референдум
Q2516426,transport ministry,transport ministry,министерство транспорта
Q251777,custom,Әдет-ғұрыптар,обычай
Q25295,language family,тілдердің топтары,языковая семья
Q25297630,international bridge,international bridge,трансграничный мост
Q25380035,ethnic community,Этникалық Қауымдастық,этническая общность
Q25391,dune,дюналар,дюна
Q25550763,visual arts of an area,visual arts of an area,изобразительное искусство территории
Q25621246,painting of an area,painting of an area,живопись на территории
Q25676476,Persian language in an area,Persian language in an area,персидский язык на территории
Q25679497,art of an area,art of an area,искусство территории
Q2570643,senate,Сенат,сенат
Q2593777,grave field,Қорым,могильник
Q2618461,legislative election,legislative election,выборы в законодательный орган
Q2620826,declaration,Мағлұмдама,декларация
Q26213387,Olympic delegation,Olympic delegation,страна на Олимпийских играх
Q2628882,legal status,legal status,правовой статус
Q2643128,district of Kazakhstan,Қазақстан аудандары,район Казахстана
Q2659904,government organization,government organization,государственная организация
Q2668072,collection,collection,коллекция
Q2674774,student association,student association,student association
Q26884324,Wikimedia outline article,Wikimedia outline article,обзорная статья Викимедиа
Q26887310,association football team season,association football team season,сезон футбольной команды
Q26887428,nation at competition,nation at competition,страна на соревновании
Q2693624,jubilee medal,jubilee medal,юбилейная медаль
Q27020041,sports season,sports season,розыгрыш спортивного турнира
Q27020779,ice hockey team season,ice hockey team season,хоккейный сезон
Q27028153,tram depot,tram depot,трамвайное депо
Q27031827,open data portal,open data portal,портал открытых данных
Q27032363,photo archive,photo archive,фотоархив
Q27042502,Kazakhstan National Road Cycling Championships - Men RR,Kazakhstan National Road Cycling Championships - Men RR,Чемпионат Казахстана по шоссейному велоспорту - групповая гонка (мужчины)
Q27042506,Kazakhstan National Road Cycling Championships - Men ITT,Kazakhstan National Road Cycling Championships - Men ITT,Чемпионат Казахстана по шоссейному велоспорту - индивидуальная гонка (мужчины)
Q27042507,Kazakhstan National Road Cycling Championships - Men U23 RR,Kazakhstan National Road Cycling Championships - Men U23 RR,Чемпионат Казахстана по шоссейному велоспорту - групповая гонка (мужчины U23)
Q27042512,Kazakhstan National Road Cycling Championships - Men U23 ITT,Kazakhstan National Road Cycling Championships - Men U23 ITT,Чемпионат Казахстана по шоссейному велоспорту - индивидуальная гонка (мужчины U23)
Q27067659,former river,former river,бывшая река
Q270791,state-owned enterprise,Мемлекеттік Кәсіпорын,государственное предприятие
Q273120,protest,Қарсылық қозғалысы,протест
Q27345018,international tripoint,international tripoint,международный пограничный стык
Q2739132,World Allround Speed Skating Championships for Men,World Allround Speed Skating Championships for Men,Чемпионат мира по конькобежному спорту в классическом многоборье — мужчины
Q274153,water tower,Су айдауыш мұнара,водонапорная башня
Q274393,bakery,bakery,пекарня
Q2748296,varieties of Chinese,varieties of Chinese,разновидности китайского
Q27566398,Russian language in an area,Russian language in an area,русский язык на территории
Q27686,hotel,Қонақ Үй,гостиница
Q2772772,military museum,military museum,военный музей
Q27968055,recurring event edition,recurring event edition,версия для повторяющегося события
Q28043022,proposed rail infrastructure,proposed rail infrastructure,перспективная железнодорожная инфраструктура
Q28108,political system,саяси жүйе,политическая система
Q28140340,women's association football team,women's association football team,женская футбольная команда
Q28640,profession,мамандық,профессия
Q28653,mendicant order,mendicant order,нищенствующий орден
Q286576,register,register,языковой регистр
Q28747937,history of a city,history of a city,история города
Q28777651,group of protected areas,group of protected areas,группа природоохранных зон
Q2887554,coal basin,Көмір кені,угольный бассейн
Q29110152,Wikidata property related to tourism,Wikidata property related to tourism,"свойство Викиданных, относящееся к туризму"
Q2912397,single-day road race,single-day road race,однодневная велогонка
Q291240,car rental company,car rental company,прокат автомобилей
Q29224491,futsal league,futsal league,мини-футбольная лига
Q29292775,national badminton team,national badminton team,сборная по бадминтону
Q2935978,irrigation canal,irrigation canal,ирригационный канал
Q294414,public office,мемлекеттік лауазым,государственная должность
Q2944640,gas-fired power station,gas-fired power station,газовая электростанция
Q2949123,Asian Championship,Азия чемпионаты,Чемпионат Азии
Q295469,ecoregion,ecoregion,экологический регион
Q29553,sanctuary,sanctuary,санктуарий
Q29592127,badminton association,badminton association,badminton association
Q29643579,multi-level marketing company,multi-level marketing company,многоуровневая маркетинговая компания
Q2966838,chronolect,chronolect,хронолект
Q29791211,sport in a geographic region,sport in a geographic region,спорт в географическом регионе
Q2990216,mining company,mining company,горное предприятие
Q2990946,golf tournament,golf tournament,турнир по гольфу
Q2990963,figure skating competition,figure skating competition,соревнование по фигурному катанию
Q29925,salt marsh,salt marsh,солёные марши
Q3002772,political crisis,political crisis,политический кризис
Q30178840,SCO summit,SCO summit,Саммит ШОС
Q30198,marsh,батпақ,болото
Q30225604,Wikidata property related to a National Olympic or Paralympic Committee,Wikidata property related to a National Olympic or Paralympic Committee,"свойство Викиданных, относящееся к Национальному олимпийскому или паралимпийскому комитету"
Q3024240,historical country,тарихи мемлекет,историческое государство
Q303874,ab anbar,Сардоба,сардоба
Q30612,clinical trial,clinical trial,клинические исследования
Q3146899,diocese of the Catholic Church,diocese of the Catholic Church,католическая епархия
Q31510394,Kazakhstan National Road Cycling Championships - Women RR,Kazakhstan National Road Cycling Championships - Women RR,Чемпионат Казахстана по шоссейному велоспорту - групповая гонка (женщины)
Q3152824,cultural institution,cultural institution,учреждение культуры
Q31529645,Kazakhstan National Road Cycling Championships - Women ITT,Kazakhstan National Road Cycling Championships - Women ITT,Чемпионат Казахстана по шоссейному велоспорту - индивидуальная гонка (женщины)
Q31629,type of sport,type of sport,вид спорта
Q3176665,nationality law,nationality law,закон о гражданстве
Q31855,research institute,ғылыми-зерттеу институты,научно-исследовательский институт
Q3193890,environmental disaster,Экологиялық Апат аймақтары,экологическая катастрофа
Q3199915,massacre,massacre,бойня
Q32099,meridian,меридиан,меридиан
Q3238445,security agency,security agency,служба безопасности
Q3240715,crater,crater,кратер
Q3241045,disease outbreak,disease outbreak,вспышка эпидемии
Q3253281,pond,pond,пруд
Q3257686,locality,locality,обжитая местность
Q3270632,national championship,national championship,национальный чемпионат
Q327333,government agency,government agency,орган публичной власти
Q3273417,lists of sportspeople,lists of sportspeople,список спортсменов
Q32766,constitutional court,Конституциялық Сот,конституционный суд
Q32815,mosque,мешіт,мечеть
Q3302125,state decoration,state decoration,государственная награда
Q33060692,Kazakhstan International Badminton Championships,Kazakhstan International Badminton Championships,Kazakhstan International Badminton Championships
Q3320743,title of honor,құрметті атақ,почётное звание
Q3329412,archaeological museum,archaeological museum,археологический музей
Q33384,dialect,диалект,диалект
Q33506,museum,мұражай,музей
Q336532,vacation rental,vacation rental,vacation rental
Q337060,perceptible physical object,perceptible physical object,предмет
Q33742,natural language,natural language,естественный язык
Q33829,human population,human population,население
Q338313,business park,business park,бизнес-парк
Q33837,archipelago,Топарал,архипелаг
Q34023,tumulus,tumulus,тумулус
Q34038,waterfall,Сарқырама,водопад
Q34262807,national association football super cup,national association football super cup,суперкубок страны по футболу
Q34379419,sand area,sand area,песчаный массив
Q34439356,hurricane,hurricane,ураган
Q34442,road,автомобиль жолы,дорога
Q34548322,national association football competition,national association football competition,национальный футбольный турнир
Q34763,peninsula,түбек,полуостров
Q34770,language,тіл,язык
Q349,sport,спорт,спорт
Q3497768,dry lake,dry lake,бессточная западина
Q3502482,cultural region,cultural region,культурный регион
Q350604,armed conflict,қарулы қақтығыс,вооружённый конфликт
Q35127,website,Сайт,сайт
Q351764,e-commerce payment system,e-commerce payment system,электронная платёжная система
Q35509,cave,үңгір,пещера
Q355304,watercourse,Су ағыны,водоток
Q35535,police,Полиция,полиция
Q3558349,presidency,presidency,президентство
Q3565868,rail transport,темір жол көлігі,железнодорожный транспорт
Q35666,glacier,мұздық,ледник
Q3575260,bijou,bijou,бижутерия
Q35798,executive branch,атқарушы билік,исполнительная власть
Q358,heritage site,heritage site,национальный объект культурного наследия
Q358078,road network,road network,дорожная сеть
Q35823051,nation at the World Athletics Championships,nation at the World Athletics Championships,страны на чемпионате мира по лёгкой атлетике
Q3612735,Almaty Cup,Almaty Cup,Almaty Cup
Q3624078,sovereign state,тәуелсіз мемлекет,суверенное государство
Q3664326,Pirate Party,Pirate Party,пиратская партия
Q368290,film distributor,film distributor,кинодистрибьютор
Q3695082,sign,Сигнификат,знак
Q3699460,defile,defile,defile
Q37002670,unicameral legislature,unicameral legislature,однопалатный парламент
Q372690,consulate general,consulate general,генеральное консульство
Q373609,water pipeline,Су жүргізгіш,водопровод
Q3742928,folk culture,folk culture,народная культура
Q375928,lower house,lower house,нижняя палата парламента
Q376935,deposit insurance,deposit insurance,система страхования вкладов
Q37726,army,армия,сухопутные войска
Q37736399,traditional craft,traditional craft,traditional craft
Q37901,strait,бұғаз,пролив
Q3839081,disaster,апат,катастрофа
Q386636,ultras,ультрас,ультрас
Q3874020,national youth sports team,national youth sports team,молодёжная сборная
Q3885324,Order of Glory,Даңқ ордені,орден Данк
Q388602,electoral alliance,electoral alliance,избирательный альянс
Q3887,solar eclipse,solar eclipse,солнечное затмение
Q3910963,President's Cup,President's Cup,Кубок президента Казахстана по теннису
Q3914,school,мектеп,школа
Q391414,architectural element,architectural element,строительный блок
Q3917681,embassy,елшілік,посольство
Q3918,university,университет,университет
Q39594,bay,шығанақ,залив
Q39614,cemetery,зират,кладбище
Q39715,lighthouse,Шамшырақ,маяк
Q39816,valley,аңғар,долина
Q39825,census,Халық санағы,перепись населения
Q39835986,sports website,sports website,спортивный сайт
Q399495,standard language,әдеби тіл,стандартный язык
Q4,death,өлім,смерть
Q40050,drink,сусындар,напиток
Q4022,river,өзен,река
Q40231,public election,сайлау,выборы
Q40244,marathon,Марафон,марафон
Q40444998,academic workshop,academic workshop,научный семинар
Q405155,trade route,trade route,торговый путь
Q4114178,,,водохозяйственный участок
Q41176,building,building,здание
Q4121104,sports title,sports title,спортивное звание
Q41298,magazine,журнал,журнал
Q4138169,hydraulic complex,hydraulic complex,гидроузел
Q414147,academy of sciences,academy of sciences,академия наук
Q4144557,mining and processing plant,mining and processing plant,горно-обогатительный комбинат
Q4164871,position,лауазым,должность
Q4167836,Wikimedia category,Уикимедиа санаты,категория в проекте Викимедиа
Q41710,ethnic group,этникалық топ,этническая группа
Q4171307,Spiritual Administration of the Muslims,Мұсылмандар діни басқармасы,Духовное управление мусульман
Q42032,country code top-level domain,country code top-level domain,национальный домен верхнего уровня
Q4208088,Kazakh traditions,Қазақ халқының әдет-ғұрпы мен салт-дәстүрлері,Казахские традиции
Q4208097,Kazakh tribes,Қазақ рулары,Казахские рода
Q420962,heritage railway,heritage railway,историческая железная дорога
Q4216603,cascade,cascade,каскад ГЭС
Q42195,petroglyph,Петроглиф,петроглиф
Q4223017,hierarchical classifier,hierarchical classifier,иерархический классификатор
Q422695,awareness day,awareness day,памятная дата
Q422710,center of action,center of action,центр активности
Q42421242,field hockey club,field hockey club,команда по хоккею на траве
Q4271324,mythical character,mythical character,мифический персонаж
Q4283953,Mäslihat,Мәслихат,Маслихат
Q4287745,medical organization,medical organization,медицинская организация
Q4291415,oil and gas field,Мұнай және газ кеніштері,месторождение нефти и газа
Q4296769,metropolitan district,metropolitan district,митрополичий округ
Q42998,orchestra,оркестр,оркестр
Q4306036,museum-reserve,museum-reserve,музей-заповедник
Q43109,referendum,референдум,референдум
Q431289,brand,бренд,бренд
Q4318087,oil and gas bearing oblast,oil and gas bearing oblast,нефтегазоносная область
Q43229,organization,ұйым,организация
Q4329294,regional committee of the CPSU,КОКП облыстық комитеті,областной комитет КПСС
Q4330260,public foundation,Қоғамдық қор,общественный фонд
Q43483,water well,құдық,колодец
Q4366834,transboundary river,Шекаралық өзендер,трансграничная река
Q4375507,honorary title of Kazakhstan,honorary title of Kazakhstan,почётное звание Казахстана
Q4380244,free skating,free skating,Произвольная программа
Q4380246,free dance,free dance,произвольный танец
Q4414032,rural district of Kazakhstan,Ауылдық округі,сельский округ
Q4421,forest,орман,лес
Q4421924,orogenic belt,orogenic belt,складчатый пояс
Q4433740,women's national basketball team,women's national basketball team,Список женских национальных сборных по баскетболу
Q4438121,sports organization,sports organization,спортивная организация
Q4443227,Stone Age site,Stone Age site,стоянка
Q44497,mining,шахта,горное дело
Q44512,epidemic,эпидемия,эпидемия
Q44613,monastery,Монастырь,монастырь
Q4476438,former district of Kazakhstan,Қазақстанның таратылған аудандары,упразднённые районы Казахстана
Q4493701,association football trophy or award,association football trophy or award,футбольная награда или трофей
Q4498974,ice hockey team,ice hockey team,хоккейная команда
Q4508,navy,Әскери-теңіз флоты,военно-морской флот
Q4533081,ethnolinguistic group,ethnolinguistic group,этноязыковая общность
Q45400320,open-access publisher,open-access publisher,издатель свободного доступа
Q45762,dead language,өлі тілдер,мёртвый язык
Q46124,sanatorium,Шипажай,санаторий
Q46135307,nation at sport competition,nation at sport competition,страна на спортивном соревновании
Q46169,national park,Ұлттық парк,национальный парк
Q46190676,tennis event,tennis event,теннисное мероприятие
Q46195901,Paralympics delegation,Paralympics delegation,страна на Паралимпийских играх
Q46351685,national basketball team,national basketball team,сборная по баскетболу
Q464780,mint,mint,монетный двор
Q4654165,Category:Wikipedia meetups,Category:Wikipedia meetups,Категория:Википедия:Викивстречи
Q46622,controlled-access highway,Автомагистраль,автомагистраль
Q4671277,academic institution,академиялық оқу орны,академическое учебное заведение
Q46831,mountain range,Таулы үстірт,горный хребет
Q46865913,geography of geographic location,geography of geographic location,география географического положения
Q46970,airline,Әуе компания,авиакомпания
Q46997958,climate of geographic location,climate of geographic location,климат на территории
Q47345468,tennis tournament edition,tennis tournament edition,розыгрыш теннисного турнира
Q473972,protected area,protected area,природоохранная зона
Q47403752,tennis tournament edition by gender,tennis tournament edition by gender,tennis tournament edition by gender
Q47443726,recurring tennis tournament,recurring tennis tournament,recurring tennis tournament
Q47460286,national beach soccer team,national beach soccer team,сборная страны по пляжному футболу
Q47461344,written work,жазбаша туынды,письменная работа
Q47486890,former lake,former lake,бывшее озеро
Q47505416,confectionery,confectionery,кондитерская
Q47521,stream,stream,ручей
Q476028,association football club,футбол клубы,футбольный клуб
Q477544,new religious movement,жаңа діни қозғалыстар,новое религиозное движение
Q47913,intelligence agency,intelligence agency,спецслужба
Q48004378,esport competition,esport competition,киберспортивное соревнование
Q480242,statistical service,statistical service,статистическая служба
Q480260,local coat of arms,local coat of arms,герб муниципалитета
Q4806618,Asian Cycling Championships,Тас жол веложарыстарынан Азия чемпионаты,Чемпионат Азии по велоспорту
Q48204,voluntary association,Клуб,добровольная ассоциация
Q4830453,business,кәсіпорын,бизнес
Q483110,stadium,стадион,стадион
Q4835091,territory,territory,территориальная единица
Q48356,minaret,minaret,минарет
Q484652,international organization,халықаралық ұйымдар,международная организация
Q485027,body armor,body armor,доспехи
Q4867756,basketball tournament,basketball tournament,баскетбольный турнир
Q486972,human settlement,елді мекен,населённый пункт
Q489209,joint venture,Бірлескен кәсіпорын,совместное предприятие
Q4944646,Border outpost,Border outpost,Пограничная застава
Q4946461,spa town,Саяжай,курортный спа-городок
Q494829,bus station,автовокзал,автостанция
Q495430,general staff,Бас Штаб,Генеральный штаб
Q49773,social movement,Қоғамдық қозғалыс,общественное движение
Q498002,aerial tramway,aerial tramway,воздушный трамвай
Q4989906,monument,Ескерткіш,памятник
Q5,human,адам,человек
Q50061750,Asian Road Cycling Championships - Women RR,Asian Road Cycling Championships - Women RR,Чемпионат Азии по шоссейному велоспорту - групповая гонка (женщины)
Q50062728,Asian Road Cycling Championships - Women ITT,Asian Road Cycling Championships - Women ITT,Чемпионат Азии по шоссейному велоспорту - индивидуальная гонка (женщины)
Q5061188,house of culture,house of culture,дом культуры
Q507619,retail chain,retail chain,сеть магазинов
Q51031626,sport competition at a multi-sport event,sport competition at a multi-sport event,вид спорта на мультиспортивных соревнованиях
Q51481377,women's association football club,women's association football club,женский футбольный клуб
Q515,city,қала,город
Q518261,cultural area,cultural area,историко-культурная область
Q519608,classification yard,classification yard,сортировочная станция
Q52103661,former island,former island,бывший остров
Q52110228,geopolitical group,geopolitical group,геополитическое сообщество
Q5225895,public limited company,public limited company,public limited company
Q5257307,prize,Ұтыс,премия
Q5292,encyclopedia,энциклопедия,энциклопедия
Q53062420,nation in the Junior Eurovision Song Contest,nation in the Junior Eurovision Song Contest,страна на детском конкурсе Евровидение
Q53534649,cycling team season,cycling team season,сезон велокоманды
Q537127,road bridge,road bridge,автомобильный мост
Q53732481,nuclear test site,nuclear test site,nuclear test site
Q54050,hill,төбе,холм
Q54660600,national cycling team,national cycling team,национальная сборная по велоспорту
Q549276,flotilla,Флотилия,флотилия
Q55075651,upland,Қырат,возвышенность
Q55135234,zone,zone,zone
Q55190120,narcological dispensary,наркологиялық диспансер,наркологический диспансер
Q55379753,handball federation,handball federation,гандбольная федерация
Q55392224,salt area,salt area,salt area
Q55456485,national statistical system,national statistical system,национальная статистическая система
Q55465414,lake channel,lake channel,lake channel
Q55470128,intermittent oxbow lake,intermittent oxbow lake,intermittent oxbow lake
Q55470156,intermittent salt lake,intermittent salt lake,сезонное солёное озеро
Q55488,railway station,темір жол стансасы,железнодорожная станция
Q55493,goods station,goods station,грузовая железнодорожная станция
Q55650689,Wikidata property for authority control for writers,Wikidata property for authority control for writers,свойство для нормативного контроля писателей
Q55659167,natural watercourse,natural watercourse,естественный водоток
Q55678,railway stop,railway stop,остановочный пункт на железной дороге
Q55818,impact crater,Метеориттік кратер,ударный кратер
Q55958305,languages of a country,languages of a country,языки страны
Q55977691,Wikidata property for authority control for administrative subdivisions,Wikidata property for authority control for administrative subdivisions,свойство Викиданных для нормативного контроля административных единиц
Q56019,military rank,Әскери атақтар,воинское звание
Q56061,administrative territorial entity,әкімшілік-аумақтық бөлініс,административно-территориальная единица
Q56190453,memorial complex,memorial complex,мемориальный комплекс
Q56249389,Wikidata property to identify railway stations,Wikidata property to identify railway stations,свойство Викиданных для идентификации железнодорожных станций
Q56257551,sea terminal,marine terminal,морской терминал
Q56276798,rhythm dance,rhythm dance,rhythm dance
Q56377753,,,проектный институт
Q56507866,gulag camp,gulag camp,ГУЛАГ
Q56610307,rally raid race,rally raid race,rally raid race
Q5681048,partial solar eclipse,partial solar eclipse,частное солнечное затмение
Q568407,location identifier,location identifier,код аэропорта
Q5691927,annular solar eclipse,annular solar eclipse,кольцеобразное солнечное затмение
Q57208171,section of watercourse,section of watercourse,участок реки
Q57237852,dry stream bed,dry stream bed,dry stream bed
Q57305,trade fair,trade fair,промышленная ярмарка
Q57315360,necked bowl lute sounded by plectrum,necked bowl lute sounded by plectrum,necked bowl lute sounded by plectrum
Q57346,defensive wall,defensive wall,городские стены
Q5737,burial mound,Қорған,курган
Q57494273,short track speed skating competition,short track speed skating competition,соревнование по шорт-треку
Q57598,national day,Тәуелсіздік күні,национальный праздник
Q57655560,corporation,corporation,американская корпорация
Q5770868,medieval city,Ортағасырлық қала,средневековый город
Q57733494,badminton event,badminton event,badminton event
Q57831,fortress,қамал,крепость
Q580112,military district,Әскери Округ,военный округ
Q582577,economic policy,экономикалық саясат,экономическая политика
Q58840819,national rugby union team,national rugby union team,национальная сборная по регби
Q58841125,women's national rugby union team,women's national rugby union team,женская сборная страны по регби
Q58863414,female beauty pageant,female beauty pageant,женский конкурс красоты
Q58973026,rugby union governing body,rugby union governing body,rugby union governing body
Q591942,distributary,distributary,рукав реки
Q5926864,group of lakes,group of lakes,группа озёр
Q59541917,Wikimedia topic category,Wikimedia topic category,тематическая категория Викимедиа
Q60176300,Eastern Orthodox eparchy,Eastern Orthodox eparchy,православная епархия
Q6017815,kishlak,Қыстау,кишлак
Q604177,municipal archive,municipal archive,городские архивы
Q60754876,grade of an order,grade of an order,степень ордена
Q6129871,irrigation system,irrigation system,оросительная система
Q6138323,railway workshop,railway workshop,вагоноремонтное предприятие
Q6138528,political coalition,political coalition,политическая коалиция
Q614289,Pennysaver,Pennysaver,Газеты бесплатных объявлений
Q61441268,professional holiday,professional holiday,профессиональный праздник
Q6154783,UCI WorldTeam,UCI WorldTeam,UCI WorldTeam
Q61702941,national rugby sevens team,national rugby sevens team,national rugby sevens team
Q617839,apartment hotel,apartment hotel,апарт-отель
Q618123,geographical feature,Географиялық нысан,географический объект
Q618779,award,award,награда
Q61883,air force,Әскери-Әуе Күштері,военно-воздушные силы
Q61974339,esports team,esports team,киберспортивная команда
Q61983760,women’s sports competition,women’s sports competition,women’s sports competition
Q620045,apostolic nunciature,apostolic nunciature,апостольская нунциатура
Q620615,mobile app,мобильді қосымша,мобильное приложение
Q622439,small and medium enterprises,Шағын бизнес,малые и средние предприятия
Q623109,sports league,sports league,лига
Q62447,aerodrome,Аэродром,аэродром
Q6256,country,ел,страна
Q62589316,Wikidata property for an identifier that suggests notability,Wikidata property for an identifier that suggests notability,"свойство Викиданных для идентификатора, предполагающее значимость"
Q625994,convention,convention,собрание
Q6266,nation,ұлт,нация
Q63349598,women's national handball team,women's national handball team,женская сборная по гандболу
Q63364175,ice hockey federation,ice hockey federation,федерация хоккея
Q63416577,national volleyball team,national volleyball team,национальная сборная по волейболу
Q63418223,women’s national volleyball team,women’s national volleyball team,женская сборная страны по волейболу
Q637017,episcopal conference,episcopal conference,конференция католических епископов
Q63871189,Wikidata property related to sports teams/clubs,Wikidata property related to sports teams/clubs,"свойство Викиданных, относящееся к спортивным командам и клубам"
Q64025381,women's national rugby sevens team,women's national rugby sevens team,women's national rugby sevens team
Q64027457,health by country or region,health by country or region,здоровье по странам и регионам
Q64027599,gas station chain,gas station chain,gas station chain
Q64027602,healthcare by country or region,healthcare by country or region,здравоохранение по стране или региону
Q640506,cabinet,Министрлер кабинеті,кабинет министров
Q645466,national coat of arms,national coat of arms,государственный герб
Q6456916,national economy,Ұлттық экономика,народное хозяйство
Q64728935,future event,future event,будущее событие
Q64801076,education in country or region,education in country or region,образование на территории
Q65149786,Asian Road Cycling Championships,Asian Road Cycling Championships,Чемпионат Азии по шоссейному велоспорту
Q654772,hostel,hostel,хостел
Q65553774,chain,chain,сеть
Q65583700,scientific institute,scientific institute,научный институт
Q6558431,coal-fired power station,coal-fired power station,угольная электростанция
Q65743816,Grand Prix,Grand Prix,гран-при
Q65770283,association football final,association football final,финал футбольного турнира
Q658255,subsidiary company,Еншілес қоғам,дочернее общество
Q6589202,interior ministry,interior ministry,министерство внутренних дел
Q6593141,Freedom of religion by country,Freedom of religion by country,Freedom of religion by country
Q661702,anabranch,anabranch,проток
Q6617741,WWF ecoregion,WWF ecoregion,WWF ecoregion
Q66344,central bank,Орталық банк,центральный банк
Q66374263,religion of an area,religion of an area,религия на территории
Q665487,diocese,diocese,диоцез
Q66715753,Wikimedia list of persons by position held,Wikimedia list of persons by position held,список людей по занимаемой должности
Q66817758,national tennis team,national tennis team,сборная страны по теннису
Q66817784,Davis Cup team,Davis Cup team,сборная в Кубке Дэвиса
Q67515288,cinema by country or region,cinema by country or region,кинематограф территории
Q67608976,women's national under-17 association football team,women's national under-17 association football team,женская сборная страны по футболу до 17 лет
Q6867185,ministry of industry,ministry of industry,министерство промышленности
Q686984,civil disorder,жаппай тәртіпсіздіктер,массовые беспорядки
Q68800046,industrial disaster,industrial disaster,индустриальный инцидент
Q6881511,enterprise,Кәсіпорын,предприятие
Q689090,Kazakhstani National Road Cycling Championships,Kazakhstani National Road Cycling Championships,Чемпионат Казахстана по шоссейному велоспорту
Q69358181,human rights by country or territory,human rights by country or territory,права человека по странам или территориям
Q69359318,human trafficking by country or territory,human trafficking by country or territory,торговля людьми по стране или территории
Q695850,airbase,Авиациялық база,военный аэродром
Q6979593,national association football team,national association football team,сборная страны по футболу
Q69920471,bandy team,bandy team,команда по хоккею с мячом
Q699386,statutory corporation,statutory corporation,уставная корпорация
Q699405,dwelling,dwelling,жилище
Q70007648,national bandy team,national bandy team,сборная страны по хоккею с мячом
Q70008686,women's national bandy team,women's national bandy team,женская сборная страны по хоккею с мячом
Q701632,municipal council,municipal council,муниципальный совет
Q70363582,academies and institutes,academies and institutes,academies and institutes
Q70477194,mass vaccination,mass vaccination,mass vaccination
Q7075,library,кітапхана,библиотека
Q708676,charitable organization,charitable organization,благотворительная организация
Q7188,government,кабинет,правительство
Q7189622,physical plant,physical plant,промышленное предприятие
Q719642,panethnicity,panethnicity,панэтнос
Q7210356,political organization,political organization,политическая организация
Q7212557,zakaznik,қорықша,заказник
Q7251007,prostitution by region,prostitution by region,проституция на территории
Q726929,film archive,film archive,фильмотека
Q7278,political party,саяси партия,политическая партия
Q728937,railway line,railway line,железнодорожная линия
Q730038,credit institution,credit institution,кредитная организация
Q736917,geological formation,geological formation,геологическая формация
Q7397,software,бағдарламалық жасақтама,программное обеспечение
Q740445,mountain ridge,Жон,кряж
Q74047,ghost town,елес қала,город-призрак
Q740752,transport company,transport company,транспортная компания
Q7415541,sanatorium,Шипажай,санаторий
Q744099,hillfort,hillfort,городище
Q744913,aviation accident,aviation accident,авиационный инцидент
Q746549,dish,dish,блюдо
Q74817647,aspect in a geographic region,aspect in a geographic region,аспект в географическом регионе
Q749565,structural basin,қазаншұңқыр,котловина
Q750215,mass murder,mass murder,массовое убийство
Q75054287,music by country or region,music by country or region,музыка территории
Q75179296,ice hockey league,ice hockey league,хоккейная лига
Q75520,plateau,Үстірт,плато
Q757292,border checkpoint,border checkpoint,пункт пропуска через государственную границу
Q7614320,finance minister,finance minister,министр финансов
Q76212517,café chain,café chain,сеть кофеен
Q76213285,clothing store chain,clothing store chain,clothing store chain
Q7625093,structure fire,structure fire,пожар постройки
Q766875,ethnic conflict,Ұлтаралық қақтығыс,межэтнический конфликт
Q769696,national minority,national minority,национальное меньшинство
Q772547,armed forces,ұлттық қарулы күштер,вооружённые силы
Q7755,constitution,конституция,конституция
Q7834916,transport corridor,transport corridor,Международный транспортный коридор
Q783794,company,фирма,компания
Q785020,sedimentary basin,sedimentary basin,бассейн полезного ископаемого
Q785952,bathhouse,bathhouse,общественная баня
Q786820,automobile manufacturer,automobile manufacturer,автопроизводитель
Q7884789,toponym,топоним,топоним
Q79007,street,көше,улица
Q7944,earthquake,Жер сілкіну,землетрясение
Q79854,Communist Party of the Soviet Union,Кеңес Одағы Коммунистік Партиясы,Коммунистическая партия Советского Союза
Q799000,breast badge,breast badge,нагрудный знак
Q79913,non-governmental organization,Үкіметтік емес ұйымдар,общественная организация
Q80096233,Wikimedia information list,Wikimedia information list,информационный список
Q8016240,trial,trial,судебный процесс
Q8031011,women's national team,women's national team,женская сборная команда
Q8065,natural disaster,Тілсіз қияпат,стихийное бедствие
Q8068,flood,топан су,наводнение
Q810808,batholith,Батолит,Батолит
Q811102,type of building,type of building,тип здания
Q811534,remarkable tree,remarkable tree,примечательное дерево
Q811582,construction ministry,construction ministry,министерство строительства
Q811704,rolling stock class,rolling stock class,тип подвижного состава
Q811979,architectural structure,Ғимарат,сооружение
Q81391454,theatre of an area,theatre of an area,театр на территории
Q8142,currency,валюта,валюта
Q8171,word,сөз,слово
Q82046811,print book format,print book format,формат печатной книги
Q820477,mine,кенорын,рудник
Q820655,statute,заң,закон
Q82794,region,аймақ,географический регион
Q82821,tradition,салт-дәстүр,традиция
Q831663,military campaign,әскери кампания,военная кампания
Q83283600,Asian Road Cycling Championships - Men RR,Asian Road Cycling Championships - Men RR,Чемпионат Азии по шоссейному велоспорту - групповая гонка (мужчины)
Q83283604,Asian Road Cycling Championships - Men ITT,Asian Road Cycling Championships - Men ITT,Чемпионат Азии по шоссейному велоспорту - индивидуальная гонка (мужчины)
Q83283607,Asian Road Cycling Championships - Men U23 RR,Asian Road Cycling Championships - Men U23 RR,Чемпионат Азии по шоссейному велоспорту - групповая гонка (мужчины U23)
Q83283610,Asian Road Cycling Championships - Men U23 ITT,Asian Road Cycling Championships - Men U23 ITT,Чемпионат Азии по шоссейному велоспорту - индивидуальная гонка (мужчины U23)
Q83328,Turkic peoples,Түркілер,тюрки
Q83405,factory,Фабрика,фабрика
Q83620,thoroughfare,thoroughfare,путь сообщения
Q83741704,COVID-19 pandemic by country and territory,COVID-19 pandemic by country and territory,пандемия COVID-19 в 2019-2020 гг. по странам и территориям
Q839954,archaeological site,Археологиялық ескерткіштер,археологический памятник
Q841654,competition,competition,соревнование
Q8432,civilization,Шағын өркениеттер,цивилизация
Q843214,internationalized country code top-level domain,internationalized country code top-level domain,национальный домен верхнего уровня в национальной кодировке
Q8436,family,отбасы,семья
Q8463186,national association football cup,national association football cup,кубок страны по футболу
Q847017,sports club,sports club,спортивный клуб
Q847906,online magazine,online magazine,интернет-журнал
Q8502,mountain,тау,гора
Q850292,Grand Prix motorcycle racing,Grand Prix motorcycle racing,Чемпионат мира по мотогонкам Гран-при
Q8514,desert,Шөл,пустыня
Q856234,academic library,academic library,научная библиотека
Q856564,library association,library association,библиотечная ассоциация
Q862571,petroleum industry,мұнай өнеркәсібі,нефтяная промышленность
Q865588,committee,комитет,комитет
Q867570,Cyrillic-script alphabet,Cyrillic-script alphabet,алфавиты на основе кириллицы
Q868557,music festival,музыкалық фестиваль,музыкальный фестиваль
Q87167,manuscript,manuscript,рукопись
Q872181,scouting,Скаутизм,скауты
Q87415039,accrediting body,accrediting body,орган по аккредитации
Q878223,highland,highland,нагорье
Q879146,Christian denomination,Christian denomination,христианская конфессия
Q891723,public company,Қоғамдық компания,публичная компания
Q9019918,endorheic lake,Ағынсыз көлдер,бессточное озеро
Q909459,counter-terrorism,counter-terrorism,контртерроризм
Q913703,Kazakh alphabet,Қазақ әліпбиі,казахская письменность
Q917182,military academy,Әскери академия,военная академия
Q91908604,freight train service,freight train service,freight train service
Q9259,World Heritage Site,Әлемдік мұра,всемирное наследие
Q92634207,papal visit,papal visit,papal visit
Q928830,metro station,Метро бекеті,станция метрополитена
Q93436926,Wikidata property for authority control for sports people,Wikidata property for authority control for sports people,"свойство для нормативного контроля людей, относящихся к спорту"
Q9346860,geological structure,geological structure,геологическая структура
Q935741,election commission,Сайлау комиссиясы,избирательная комиссия
Q936648,diarchy,диархия,диархия
Q938381,bid for the Olympic Games,bid for the Olympic Games,Выборы столиц Олимпийских игр
Q9388534,archival collection,archival collection,архивная коллекция
Q94579592,defunct association football club,defunct association football club,расформированный футбольный клуб
Q94696559,national futsal team,national futsal team,national futsal team
Q948571,organ of state,Авторитет,орган государственной власти
Q94993988,commercial traffic aerodrome,commercial traffic aerodrome,коммерческий аэродром
Q95155801,fact-checking organisation,fact-checking organisation,организация по проверке фактов
Q952037,political family,political family,семья политиков
Q954007,affinity,affinity,свойство́
Q961082,gazebo,gazebo,беседка
Q97584729,Wikidata property related to biographical dictionaries,Wikidata property related to biographical dictionaries,свойство Викиданных для биографических словарей
Q98374631,transport by country or region,transport by country or region,транспорт в стране или регионе
Q98374854,tourism in a region,tourism in a region,туризм в регионе
Q98925384,KVN team,KVN team,команда КВН
Q989946,shelter,shelter,укрытие
Q99527323,architecture of geographic location,architecture of geographic location,архитектура территории
